date,ticker,sector,open,high,low,close,volume,adjusted_open,adjusted_high,adjusted_low,adjusted_close,source
2025-11-24,SPY,S&P 500 benchmark,662.6900024414062,670.0599975585938,661.5900268554688,668.72998046875,80437900.0,655.6167748873626,662.9081062970187,654.5285399004904,661.59228515625,Yahoo Finance via yfinance
2025-11-25,SPY,S&P 500 benchmark,668.6300048828125,676.2100219726562,664.47998046875,675.02001953125,81077100.0,661.4933143363089,668.9924253407057,657.3875856310649,667.8151245117188,Yahoo Finance via yfinance
2025-11-26,SPY,S&P 500 benchmark,677.6300048828125,681.7000122070312,676.719970703125,679.6799926757812,71879600.0,670.3973686817876,674.4239350690651,669.4970476879164,672.4254760742188,Yahoo Finance via yfinance
2025-11-28,SPY,S&P 500 benchmark,680.8599853515625,683.6699829101562,680.5,683.3900146484375,49212000.0,673.5928002628821,676.3728052050843,673.2366572287348,676.0958251953125,Yahoo Finance via yfinance
2025-12-01,SPY,S&P 500 benchmark,678.8099975585938,682.989990234375,678.739990234375,680.27001953125,61201200.0,671.5647168500374,675.7000943604489,671.4954567492206,673.0091552734375,Yahoo Finance via yfinance
2025-12-02,SPY,S&P 500 benchmark,681.9199829101562,683.8200073242188,679.3300170898438,681.530029296875,62953800.0,674.6414676887413,676.5212120744054,672.0791460292079,674.2556762695312,Yahoo Finance via yfinance
2025-12-03,SPY,S&P 500 benchmark,680.5700073242188,684.9099731445312,679.6900024414062,683.8900146484375,57238500.0,673.3059439079583,677.5995871066391,672.4353317565424,676.5905151367188,Yahoo Finance via yfinance
2025-12-04,SPY,S&P 500 benchmark,685.2999877929688,685.3699951171875,681.3400268554688,684.3900146484375,61970300.0,677.9854045442221,678.05466464181,674.0677104452674,677.0851440429688,Yahoo Finance via yfinance
2025-12-05,SPY,S&P 500 benchmark,685.469970703125,688.3900146484375,684.5800170898438,685.6900024414062,79241000.0,678.153654645799,681.0425317051524,677.273199890512,678.371337890625,Yahoo Finance via yfinance
2025-12-08,SPY,S&P 500 benchmark,686.5900268554688,686.6400146484375,681.5700073242188,683.6300048828125,55231500.0,679.2617413091358,679.3111955598065,674.2953027143022,676.3333129882812,Yahoo Finance via yfinance
2025-12-09,SPY,S&P 500 benchmark,683.1500244140625,685.3900146484375,682.5900268554688,683.0399780273438,58310100.0,675.8583224740703,678.074403844281,675.3043021315176,675.7494506835938,Yahoo Finance via yfinance
2025-12-10,SPY,S&P 500 benchmark,682.5599975585938,688.969970703125,681.3099975585938,687.5700073242188,85671300.0,675.2747265375898,681.616283144729,674.0380683519487,680.2312622070312,Yahoo Finance via yfinance
2025-12-11,SPY,S&P 500 benchmark,685.1400146484375,689.25,682.1699829101562,689.1699829101562,86173700.0,677.8271327535609,681.8932499368323,674.8888018222121,681.8140869140625,Yahoo Finance via yfinance
2025-12-12,SPY,S&P 500 benchmark,688.1699829101562,688.8800048828125,679.1699829101562,681.760009765625,113160300.0,680.8247713558317,681.5272148787925,671.9208332382598,674.4832153320312,Yahoo Finance via yfinance
2025-12-15,SPY,S&P 500 benchmark,685.739990234375,685.760009765625,679.25,680.72998046875,90811000.0,678.4207690042323,678.4405748577324,672.0000494482242,673.4642333984375,Yahoo Finance via yfinance
2025-12-16,SPY,S&P 500 benchmark,679.22998046875,681.0800170898438,674.97998046875,678.8699951171875,122030600.0,671.9802275249427,673.8105178026394,667.7755898483048,671.6240844726562,Yahoo Finance via yfinance
2025-12-17,SPY,S&P 500 benchmark,679.8900146484375,680.4400024414062,671.2000122070312,671.4000244140625,110625200.0,672.6331360665856,673.1772535061897,664.0358872930294,664.2337646484375,Yahoo Finance via yfinance
2025-12-18,SPY,S&P 500 benchmark,677.5999755859375,680.739990234375,674.9000244140625,676.469970703125,108650100.0,670.3676386439364,673.47413846835,667.6965052957117,669.2496948242188,Yahoo Finance via yfinance
2025-12-19,SPY,S&P 500 benchmark,676.5900268554688,681.0900268554688,676.469970703125,680.5900268554688,103599500.0,671.3463691548195,675.8114935895343,671.2272434527378,675.3153686523438,Yahoo Finance via yfinance
2025-12-22,SPY,S&P 500 benchmark,683.9400024414062,685.3599853515625,680.5900268554688,684.8300170898438,69556700.0,678.6394050189502,680.0483829319917,675.3153920494597,679.5225219726562,Yahoo Finance via yfinance
2025-12-23,SPY,S&P 500 benchmark,683.9199829101562,688.2000122070312,683.8699951171875,687.9600219726562,64840000.0,678.6195066727895,682.8663651395233,678.5699062922599,682.6282348632812,Yahoo Finance via yfinance
2025-12-24,SPY,S&P 500 benchmark,687.9500122070312,690.8300170898438,687.7999877929688,690.3800048828125,39445600.0,682.6183200290311,685.4760045408373,682.4694583215327,685.0294799804688,Yahoo Finance via yfinance
2025-12-26,SPY,S&P 500 benchmark,690.6400146484375,691.6599731445312,689.27001953125,690.3099975585938,41613300.0,685.287420330769,686.2994739503212,683.9280429419551,684.9599609375,Yahoo Finance via yfinance
2025-12-29,SPY,S&P 500 benchmark,687.5399780273438,689.2000122070312,686.0700073242188,687.8499755859375,62559500.0,682.2114479341877,683.8586166189733,680.7528697076866,682.51904296875,Yahoo Finance via yfinance
2025-12-30,SPY,S&P 500 benchmark,687.4500122070312,688.5599975585938,686.5800170898438,687.010009765625,47160700.0,682.1222002850684,683.2235831301442,681.2589477241032,681.6856079101562,Yahoo Finance via yfinance
2025-12-31,SPY,S&P 500 benchmark,687.1400146484375,687.3599853515625,681.7100219726562,681.9199829101562,74144800.0,681.8145855439083,682.0328514439952,676.4266760541103,676.635009765625,Yahoo Finance via yfinance
2026-01-02,SPY,S&P 500 benchmark,685.7100219726562,686.8699951171875,679.8200073242188,683.1699829101562,89377200.0,680.395719787287,681.5467030561866,674.5513531776926,677.8753662109375,Yahoo Finance via yfinance
2026-01-05,SPY,S&P 500 benchmark,686.5399780273438,689.4299926757812,686.3800048828125,687.719970703125,71927200.0,681.2192280630002,684.0868448237256,681.0604947255163,682.3900756835938,Yahoo Finance via yfinance
2026-01-06,SPY,S&P 500 benchmark,687.9299926757812,692.3200073242188,687.780029296875,691.8099975585938,69273800.0,682.5984300063299,686.9544213697425,682.4496288665487,686.4483642578125,Yahoo Finance via yfinance
2026-01-07,SPY,S&P 500 benchmark,692.1900024414062,693.9600219726562,689.3200073242188,689.5800170898438,75588300.0,686.8254142672773,688.5817158514149,683.9776620917838,684.2356567382812,Yahoo Finance via yfinance
2026-01-08,SPY,S&P 500 benchmark,688.8200073242188,690.6199951171875,687.489990234375,689.510009765625,64019200.0,683.4815439165204,685.2675815209567,682.1618346683338,684.1661987304688,Yahoo Finance via yfinance
2026-01-09,SPY,S&P 500 benchmark,690.6300048828125,695.3099975585938,689.1799926757812,694.0700073242188,80125500.0,685.2775150455628,689.9212370510019,683.8387406584166,688.6908569335938,Yahoo Finance via yfinance
2026-01-12,SPY,S&P 500 benchmark,690.6799926757812,696.0900268554688,690.6300048828125,695.1599731445312,63976000.0,685.3270791782115,690.6951844685583,685.277478801028,689.7723388671875,Yahoo Finance via yfinance
2026-01-13,SPY,S&P 500 benchmark,695.489990234375,696.0900268554688,691.3499755859375,693.77001953125,78309700.0,690.0998903120652,690.6952766040527,685.9919610896558,688.3932495117188,Yahoo Finance via yfinance
2026-01-14,SPY,S&P 500 benchmark,691.0,691.719970703125,686.0399780273438,690.3599853515625,94676700.0,685.6446369497345,686.3590277621203,680.7230559588451,685.0095825195312,Yahoo Finance via yfinance
2026-01-15,SPY,S&P 500 benchmark,694.5700073242188,695.4500122070312,691.25,692.239990234375,77862000.0,689.1870202593807,690.0602050162862,685.8927433241695,686.8750610351562,Yahoo Finance via yfinance
2026-01-16,SPY,S&P 500 benchmark,693.6599731445312,694.25,690.0999755859375,691.6599731445312,79289200.0,688.2839991969948,688.869453251486,684.7515921796883,686.2994995117188,Yahoo Finance via yfinance
2026-01-20,SPY,S&P 500 benchmark,681.489990234375,684.77001953125,676.5700073242188,677.5800170898438,111623300.0,676.2083446056304,679.4629532027941,671.3264922720098,672.3286743164062,Yahoo Finance via yfinance
2026-01-21,SPY,S&P 500 benchmark,679.6500244140625,688.739990234375,678.1300048828125,685.4000244140625,127844500.0,674.382576550426,683.4020929933814,672.8743375287692,680.0880126953125,Yahoo Finance via yfinance
2026-01-22,SPY,S&P 500 benchmark,689.8499755859375,691.1300048828125,686.9199829101562,688.97998046875,77112200.0,684.5035723961656,685.7736813437502,681.5962874434288,683.6403198242188,Yahoo Finance via yfinance
2026-01-23,SPY,S&P 500 benchmark,688.1500244140625,690.9600219726562,687.1599731445312,689.22998046875,63059600.0,682.8167194920136,685.6049389887335,681.8343413244536,683.8883056640625,Yahoo Finance via yfinance
2026-01-26,SPY,S&P 500 benchmark,690.489990234375,694.1300048828125,689.9199829101562,692.72998046875,60473800.0,685.138576123168,688.7503800429489,684.5729864520383,687.3612060546875,Yahoo Finance via yfinance
2026-01-27,SPY,S&P 500 benchmark,694.1799926757812,696.530029296875,693.5700073242188,695.489990234375,55506100.0,688.8000086063018,691.1318321418594,688.1947507195304,690.099853515625,Yahoo Finance via yfinance
2026-01-28,SPY,S&P 500 benchmark,697.0499877929688,697.8400268554688,693.9400024414062,695.4199829101562,61172200.0,691.6477064811113,692.4316225777728,688.5618241580821,690.0303344726562,Yahoo Finance via yfinance
2026-01-29,SPY,S&P 500 benchmark,696.3900146484375,697.0599975585938,684.8300170898438,694.0399780273438,97486200.0,690.9928952881424,691.657685737667,679.5224893166136,688.6610717773438,Yahoo Finance via yfinance
2026-01-30,SPY,S&P 500 benchmark,691.7899780273438,694.2100219726562,687.1199951171875,691.969970703125,101835100.0,686.4285189892349,688.8298072906449,681.7947290319643,686.6071166992188,Yahoo Finance via yfinance
2026-02-02,SPY,S&P 500 benchmark,689.5800170898438,696.9299926757812,689.4199829101562,695.4099731445312,79286500.0,684.2356737126761,691.5286859406688,684.0768798206813,690.0204467773438,Yahoo Finance via yfinance
2026-02-03,SPY,S&P 500 benchmark,696.2100219726562,696.9600219726562,684.030029296875,689.530029296875,107904600.0,690.8142565672537,691.5584439188771,678.7286612443456,684.18603515625,Yahoo Finance via yfinance
2026-02-04,SPY,S&P 500 benchmark,690.3499755859375,691.4500122070312,681.760009765625,686.1900024414062,105204600.0,684.9996810996682,686.0911923060062,676.4762885369656,680.8719482421875,Yahoo Finance via yfinance
2026-02-05,SPY,S&P 500 benchmark,680.9400024414062,683.6900024414062,675.7899780273438,677.6199951171875,113610800.0,675.6626239798336,678.3913111024622,670.5525129616972,672.3683471679688,Yahoo Finance via yfinance
2026-02-06,SPY,S&P 500 benchmark,681.4600219726562,692.3099975585938,680.8499755859375,690.6199951171875,89127600.0,676.1785962582386,686.9444827733389,675.5732778299765,685.267578125,Yahoo Finance via yfinance
2026-02-09,SPY,S&P 500 benchmark,689.4199829101562,695.8699951171875,688.3400268554688,693.9500122070312,73885200.0,684.0768565720822,690.4768800480663,683.0052703670985,688.57177734375,Yahoo Finance via yfinance
2026-02-10,SPY,S&P 500 benchmark,694.9500122070312,696.5399780273438,691.6599731445312,692.1199951171875,65185700.0,689.5640655604284,691.1417089533321,686.2995246985826,686.7559814453125,Yahoo Finance via yfinance
2026-02-11,SPY,S&P 500 benchmark,696.3900146484375,697.1400146484375,689.1799926757812,691.9600219726562,76353900.0,690.9928885783248,691.7370759669038,683.8387453470867,686.5972290039062,Yahoo Finance via yfinance
2026-02-12,SPY,S&P 500 benchmark,694.239990234375,695.3499755859375,680.3699951171875,681.27001953125,118829000.0,688.8595645054852,689.9609473653614,675.097063165144,675.9901123046875,Yahoo Finance via yfinance
2026-02-13,SPY,S&P 500 benchmark,681.6900024414062,686.280029296875,677.52001953125,681.75,96267500.0,676.4067760275798,680.96122930703,672.2691112734435,676.46630859375,Yahoo Finance via yfinance
2026-02-17,SPY,S&P 500 benchmark,680.1400146484375,684.9400024414062,675.780029296875,682.8499755859375,81354700.0,674.8688419019007,679.6316291710169,670.5426469985775,677.5578002929688,Yahoo Finance via yfinance
2026-02-18,SPY,S&P 500 benchmark,684.02001953125,689.1500244140625,682.8300170898438,686.2899780273438,73570300.0,678.7187643851827,683.8090109802145,677.53798463666,680.9711303710938,Yahoo Finance via yfinance
2026-02-19,SPY,S&P 500 benchmark,683.8400268554688,686.1799926757812,681.5499877929688,684.47998046875,58649400.0,678.5401770095443,680.8620077880265,676.2678860499572,679.1751708984375,Yahoo Finance via yfinance
2026-02-20,SPY,S&P 500 benchmark,682.3200073242188,690.0599975585938,681.72998046875,689.4299926757812,100034000.0,677.0319102464942,684.7119142291095,676.4464562003476,684.0867919921875,Yahoo Finance via yfinance
2026-02-23,SPY,S&P 500 benchmark,687.8300170898438,690.0,680.3699951171875,682.3900146484375,90558100.0,682.4992209190492,684.6523861034582,675.0970153480879,677.1013793945312,Yahoo Finance via yfinance
2026-02-24,SPY,S&P 500 benchmark,681.9000244140625,688.3499755859375,680.0,687.3499755859375,73798700.0,676.6151751251432,683.0151380016027,674.7298762460771,682.0228881835938,Yahoo Finance via yfinance
2026-02-25,SPY,S&P 500 benchmark,690.1799926757812,693.6799926757812,690.0999755859375,693.1500244140625,56369500.0,684.831062331904,688.3039371523823,684.7516653786108,687.778076171875,Yahoo Finance via yfinance
2026-02-26,SPY,S&P 500 benchmark,693.280029296875,693.2999877929688,684.3499755859375,689.2999877929688,71671000.0,687.9070203801248,687.9268241953206,679.046175727848,683.9578247070312,Yahoo Finance via yfinance
2026-02-27,SPY,S&P 500 benchmark,683.0900268554688,686.8599853515625,681.6400146484375,685.989990234375,83308900.0,677.795973699009,681.5367144347911,676.35719931042,680.6734619140625,Yahoo Finance via yfinance
2026-03-02,SPY,S&P 500 benchmark,678.7000122070312,688.6199951171875,678.02001953125,686.3800048828125,87477200.0,673.4400139353526,683.2831159083878,672.765291276125,681.0604858398438,Yahoo Finance via yfinance
2026-03-03,SPY,S&P 500 benchmark,675.0599975585938,682.6099853515625,669.6599731445312,680.3300170898438,105003100.0,669.8281968363514,677.3196712649806,664.4700232973693,675.057373046875,Yahoo Finance via yfinance
2026-03-04,SPY,S&P 500 benchmark,681.6300048828125,687.0900268554688,679.6199951171875,685.1300048828125,79182200.0,676.3471942737264,681.7648996497006,674.3527626088865,679.820068359375,Yahoo Finance via yfinance
2026-03-05,SPY,S&P 500 benchmark,682.0800170898438,685.530029296875,675.6099853515625,681.3099975585938,106606500.0,676.7937758642711,680.2170498641997,670.3738880206191,676.0297241210938,Yahoo Finance via yfinance
2026-03-06,SPY,S&P 500 benchmark,673.4099731445312,676.1099853515625,669.760009765625,672.3800048828125,100687000.0,668.1908700160953,670.869956423512,664.569194806431,667.1688842773438,Yahoo Finance via yfinance
2026-03-09,SPY,S&P 500 benchmark,666.3900146484375,679.9199829101562,662.3900146484375,678.27001953125,102667700.0,661.2254329083217,674.6505427155427,657.2564332632285,673.0133666992188,Yahoo Finance via yfinance
2026-03-10,SPY,S&P 500 benchmark,677.719970703125,683.3599853515625,674.760009765625,677.1799926757812,81505300.0,672.4674947413112,678.0637980596332,669.5304741395607,671.9317016601562,Yahoo Finance via yfinance
2026-03-11,SPY,S&P 500 benchmark,677.5800170898438,680.0800170898438,673.3400268554688,676.3300170898438,68441700.0,672.3286912573745,674.8093159596237,668.1215614523004,671.08837890625,Yahoo Finance via yfinance
2026-03-12,SPY,S&P 500 benchmark,671.1599731445312,671.6500244140625,665.8699951171875,666.0599975585938,108882200.0,665.958337853126,666.444591119081,660.7093583022987,660.8978881835938,Yahoo Finance via yfinance
2026-03-13,SPY,S&P 500 benchmark,669.27001953125,672.3400268554688,661.3599853515625,662.2899780273438,97200200.0,664.0831110227487,667.1293254881115,656.2343803863124,657.1571655273438,Yahoo Finance via yfinance
2026-03-16,SPY,S&P 500 benchmark,668.3800048828125,672.0700073242188,667.1199951171875,669.030029296875,82023100.0,663.1999840519829,666.8613885560293,661.9497395049242,663.844970703125,Yahoo Finance via yfinance
2026-03-17,SPY,S&P 500 benchmark,672.3900146484375,674.4400024414062,669.7000122070312,670.7899780273438,87128000.0,667.1788836379297,669.2129836950214,664.5097291491037,665.5912475585938,Yahoo Finance via yfinance
2026-03-18,SPY,S&P 500 benchmark,668.3599853515625,669.719970703125,661.1900024414062,661.4299926757812,82062600.0,663.1801174312507,664.5295627375546,656.0657027257738,656.3038330078125,Yahoo Finance via yfinance
2026-03-19,SPY,S&P 500 benchmark,656.969970703125,662.97998046875,655.1699829101562,659.7999877929688,111272500.0,651.8783782687178,657.8418097710767,650.0923405870744,654.6864624023438,Yahoo Finance via yfinance
2026-03-20,SPY,S&P 500 benchmark,656.510009765625,656.6900024414062,644.719970703125,648.5700073242188,163617500.0,653.2009461223761,653.3800315656541,641.4703334037762,645.3009643554688,Yahoo Finance via yfinance
2026-03-23,SPY,S&P 500 benchmark,658.0700073242188,662.6199951171875,653.9400024414062,655.3800048828125,134802700.0,654.7531040433624,659.2801583045331,650.6439158314106,652.07666015625,Yahoo Finance via yfinance
2026-03-24,SPY,S&P 500 benchmark,651.3200073242188,657.030029296875,649.8800048828125,653.1799926757812,96457500.0,648.0371459178807,653.7183875512989,646.604401549905,649.8877563476562,Yahoo Finance via yfinance
2026-03-25,SPY,S&P 500 benchmark,658.6699829101562,660.8900146484375,654.239990234375,656.8200073242188,90653800.0,655.3501116680137,657.5589538580906,650.9424473291369,653.5094604492188,Yahoo Finance via yfinance
2026-03-26,SPY,S&P 500 benchmark,652.0599975585938,654.8499755859375,644.8200073242188,645.0900268554688,96494400.0,648.7734634761676,651.5493793651953,641.5699644768796,641.838623046875,Yahoo Finance via yfinance
2026-03-27,SPY,S&P 500 benchmark,642.5,642.6599731445312,633.1099853515625,634.0900268554688,103649400.0,639.2616275919053,639.420794428861,629.9189411370072,630.89404296875,Yahoo Finance via yfinance
2026-03-30,SPY,S&P 500 benchmark,640.1099853515625,640.3699951171875,629.280029296875,631.969970703125,99275900.0,636.8836547011163,637.1423539459004,626.108284608157,628.78466796875,Yahoo Finance via yfinance
2026-03-31,SPY,S&P 500 benchmark,638.9400024414062,651.5399780273438,637.97998046875,650.3400268554688,152534100.0,635.7195686416,648.2560368761451,634.7643854444117,647.0621337890625,Yahoo Finance via yfinance
2026-04-01,SPY,S&P 500 benchmark,653.9000244140625,658.52001953125,653.0,655.239990234375,97841500.0,650.6041659517412,655.2008748639518,649.7086779392242,651.9373779296875,Yahoo Finance via yfinance
2026-04-02,SPY,S&P 500 benchmark,646.4199829101562,658.2000122070312,645.1099853515625,655.8300170898438,68358700.0,643.1618697673937,654.8825248659317,641.858474913505,652.5244750976562,Yahoo Finance via yfinance
2026-04-06,SPY,S&P 500 benchmark,655.8599853515625,659.719970703125,655.52001953125,658.9299926757812,39105800.0,652.554231190157,656.3947609217337,652.2159789115307,655.6087646484375,Yahoo Finance via yfinance
2026-04-07,SPY,S&P 500 benchmark,656.6500244140625,659.6099853515625,651.0599975585938,659.219970703125,69980400.0,653.3402849463747,656.285326673986,647.7784337275787,655.8972778320312,Yahoo Finance via yfinance
2026-04-08,SPY,S&P 500 benchmark,676.3900146484375,677.0800170898438,671.4600219726562,676.010009765625,93606100.0,672.980811715349,673.6673363432215,668.0756676404139,672.6027221679688,Yahoo Finance via yfinance
2026-04-09,SPY,S&P 500 benchmark,674.8400268554688,681.1599731445312,673.77001953125,679.9099731445312,57134400.0,671.4386399182858,677.7267318686964,670.3740257373166,676.4830322265625,Yahoo Finance via yfinance
2026-04-10,SPY,S&P 500 benchmark,681.3200073242188,682.030029296875,678.4500122070312,679.4600219726562,42253500.0,677.885949822129,678.5923930707559,675.0304203424645,676.0353393554688,Yahoo Finance via yfinance
2026-04-13,SPY,S&P 500 benchmark,677.4099731445312,686.2999877929688,676.5800170898438,686.0999755859375,54185800.0,673.9955829678383,682.840788741459,673.1698101905051,682.6417846679688,Yahoo Finance via yfinance
2026-04-14,SPY,S&P 500 benchmark,687.6900024414062,694.5800170898438,687.6599731445312,694.4600219726562,63480500.0,684.2238203737314,691.0791070995066,684.193942434314,690.959716796875,Yahoo Finance via yfinance
2026-04-15,SPY,S&P 500 benchmark,695.260009765625,700.280029296875,694.2000122070312,699.9400024414062,58240400.0,691.7557051691649,696.7504224001667,690.7010502942645,696.412109375,Yahoo Finance via yfinance
2026-04-16,SPY,S&P 500 benchmark,701.0599975585938,702.780029296875,698.530029296875,701.6599731445312,49972400.0,697.5264615426626,699.2378238459212,695.0092450197437,698.1234130859375,Yahoo Finance via yfinance
2026-04-17,SPY,S&P 500 benchmark,706.1400146484375,712.3900146484375,705.760009765625,710.1400146484375,70661900.0,702.5808909886877,708.7993894133457,702.2028014262665,706.5607299804688,Yahoo Finance via yfinance
2026-04-20,SPY,S&P 500 benchmark,708.780029296875,709.9099731445312,706.1400146484375,708.719970703125,43546800.0,705.20752199003,706.3317705126415,702.5808139687996,705.1477661132812,Yahoo Finance via yfinance
2026-04-21,SPY,S&P 500 benchmark,710.280029296875,711.280029296875,702.6400146484375,704.0800170898438,58941400.0,706.7000123508461,707.6949720613851,699.098505587723,700.53125,Yahoo Finance via yfinance
2026-04-22,SPY,S&P 500 benchmark,709.1500244140625,711.4500122070312,708.219970703125,711.2100219726562,42518500.0,705.5756906371417,707.8640857857167,704.6503246823615,707.6253051757812,Yahoo Finance via yfinance
2026-04-23,SPY,S&P 500 benchmark,709.5,712.3599853515625,702.280029296875,708.4500122070312,56174000.0,705.9239069650033,708.7694771316526,698.7403270820959,704.8792114257812,Yahoo Finance via yfinance
2026-04-24,SPY,S&P 500 benchmark,710.75,714.469970703125,709.010009765625,713.9400024414062,45182000.0,707.1675680011435,710.8687887329964,705.4363479344694,710.3414916992188,Yahoo Finance via yfinance
2026-04-27,SPY,S&P 500 benchmark,713.1699829101562,715.6300048828125,712.2999877929688,715.1699829101562,33135900.0,709.5754490929214,712.0230720129201,708.7098389427747,711.5653686523438,Yahoo Finance via yfinance
2026-04-28,SPY,S&P 500 benchmark,711.8200073242188,712.8800048828125,709.25,711.6900024414062,43117400.0,708.2322548988411,709.2869098023077,705.6752010599358,708.1029052734375,Yahoo Finance via yfinance
2026-04-29,SPY,S&P 500 benchmark,711.0,712.2000122070312,708.3699951171875,711.5800170898438,41859200.0,707.4163145996059,708.6102783309316,704.7995658491443,707.993408203125,Yahoo Finance via yfinance
2026-04-30,SPY,S&P 500 benchmark,714.6300048828125,719.7899780273438,710.4500122070312,718.6599731445312,67240900.0,711.0280636665188,716.1620290590424,706.8691393587039,715.0377197265625,Yahoo Finance via yfinance
2026-05-01,SPY,S&P 500 benchmark,721.25,724.8699951171875,720.469970703125,720.6500244140625,43049800.0,717.6146516977453,721.216400793299,716.8385540170647,717.0177001953125,Yahoo Finance via yfinance
2026-05-04,SPY,S&P 500 benchmark,720.0700073242188,722.1199951171875,714.989990234375,718.010009765625,51950600.0,716.4406056700121,718.4802608161392,711.3861936216806,714.3909912109375,Yahoo Finance via yfinance
2026-05-05,SPY,S&P 500 benchmark,721.77001953125,725.0399780273438,721.489990234375,723.77001953125,36933200.0,718.1320898558575,721.3855668152729,717.8534719876392,720.1220092773438,Yahoo Finance via yfinance
2026-05-06,SPY,S&P 500 benchmark,728.1599731445312,734.5900268554688,727.8200073242188,733.8300170898438,53288900.0,724.489821452625,730.8874657022126,724.1515691652952,730.1312866210938,Yahoo Finance via yfinance
2026-05-07,SPY,S&P 500 benchmark,735.0499877929688,736.1300048828125,729.75,731.5800170898438,51724600.0,731.3451201928577,732.4196936796947,726.0718458933673,727.8926391601562,Yahoo Finance via yfinance
2026-05-08,SPY,S&P 500 benchmark,734.9299926757812,738.0800170898438,734.5700073242188,737.6199951171875,47227100.0,731.2257166531052,734.359863963193,730.8675457398152,733.9021606445312,Yahoo Finance via yfinance
2026-05-11,SPY,S&P 500 benchmark,736.4500122070312,740.7899780273438,736.4500122070312,739.2999877929688,44024000.0,732.7380586745534,737.0561496205491,732.7380586745534,735.5736694335938,Yahoo Finance via yfinance
2026-05-12,SPY,S&P 500 benchmark,736.8900146484375,738.8400268554688,731.8300170898438,738.1799926757812,54185300.0,733.1758744234386,735.1160580011854,728.1413807257971,734.4593505859375,Yahoo Finance via yfinance
2026-05-13,SPY,S&P 500 benchmark,738.469970703125,743.9099731445312,735.469970703125,742.3099975585938,44200200.0,734.7478704606156,740.1604537310201,731.7629913201908,738.5685424804688,Yahoo Finance via yfinance
2026-05-14,SPY,S&P 500 benchmark,743.6500244140625,749.530029296875,743.5599975585938,748.1699829101562,45307600.0,739.9018102364839,745.7521781705404,739.8122371427646,744.3989868164062,Yahoo Finance via yfinance
2026-05-15,SPY,S&P 500 benchmark,741.7899780273438,743.4600219726562,737.9600219726562,739.1699829101562,60410800.0,738.0511867146383,739.712813256131,734.2405345152865,735.4443969726562,Yahoo Finance via yfinance
2026-05-18,SPY,S&P 500 benchmark,739.8300170898438,741.4199829101562,733.3900146484375,738.6500244140625,47843900.0,736.1010471042457,737.682999009625,729.6935042484962,734.927001953125,Yahoo Finance via yfinance
2026-05-19,SPY,S&P 500 benchmark,734.780029296875,737.6500244140625,731.530029296875,733.72998046875,54255900.0,731.0764945153984,733.9320239063612,727.8428755921286,730.03173828125,Yahoo Finance via yfinance
2026-05-20,SPY,S&P 500 benchmark,735.7100219726562,741.8699951171875,733.8900146484375,741.25,45768000.0,732.0018002736176,738.1307251173267,730.1909663879147,737.5138549804688,Yahoo Finance via yfinance
2026-05-21,SPY,S&P 500 benchmark,738.6400146484375,744.8699951171875,737.030029296875,742.719970703125,43332200.0,734.9170485709385,741.1156280791548,733.3151780259534,738.9764404296875,Yahoo Finance via yfinance
2026-05-22,SPY,S&P 500 benchmark,746.239990234375,748.9400024414062,744.47998046875,745.6400146484375,41762000.0,742.4787264390759,745.1651298094138,740.7275876279662,741.8817749023438,Yahoo Finance via yfinance
2026-05-26,SPY,S&P 500 benchmark,750.010009765625,752.1300048828125,748.3699951171875,750.5900268554688,41123600.0,746.2297301040182,748.3390397979183,744.5979816306177,746.8068237304688,Yahoo Finance via yfinance
2026-05-27,SPY,S&P 500 benchmark,750.8800048828125,751.3800048828125,748.219970703125,750.4600219726562,42106300.0,747.0952952420212,747.5927750592914,744.4486686067338,746.6774291992188,Yahoo Finance via yfinance
2026-05-28,SPY,S&P 500 benchmark,750.25,755.1500244140625,749.22998046875,754.5999755859375,41562600.0,746.4685193943138,751.3438462445121,745.4536410614309,750.7965698242188,Yahoo Finance via yfinance
2026-05-29,SPY,S&P 500 benchmark,755.9000244140625,758.0800170898438,754.6900024414062,756.47998046875,55075700.0,752.0900813404212,754.2590862562773,750.8861582097875,752.6671142578125,Yahoo Finance via yfinance
2026-06-01,SPY,S&P 500 benchmark,755.3599853515625,760.280029296875,754.6900024414062,758.5399780273438,43634900.0,751.5527103892452,756.4479556154175,750.886104424133,754.7166748046875,Yahoo Finance via yfinance
2026-06-02,SPY,S&P 500 benchmark,757.030029296875,760.4000244140625,756.75,759.5700073242188,31581900.0,753.2144012702464,756.5674107365072,752.9357833937803,755.7415771484375,Yahoo Finance via yfinance
2026-06-03,SPY,S&P 500 benchmark,758.1500244140625,758.7999877929688,753.5700073242188,754.239990234375,51402500.0,754.3287420712209,754.9754294579049,749.7718095132926,750.4384155273438,Yahoo Finance via yfinance
2026-06-04,SPY,S&P 500 benchmark,752.0999755859375,758.3099975585938,751.469970703125,757.0900268554688,49923000.0,748.3091480570178,754.4878695071194,747.6823186029123,753.2740478515625,Yahoo Finance via yfinance
2026-06-05,SPY,S&P 500 benchmark,752.3099975585938,752.8200073242188,735.530029296875,737.5499877929688,93989400.0,748.5181345185488,749.0255736853693,731.82274221843,733.83251953125,Yahoo Finance via yfinance
2026-06-08,SPY,S&P 500 benchmark,743.3599853515625,745.3400268554688,738.1900024414062,739.219970703125,49319100.0,739.6132273185567,741.5832888174093,734.4693026781229,735.4940795898438,Yahoo Finance via yfinance
2026-06-09,SPY,S&P 500 benchmark,743.6300048828125,746.9000244140625,722.5900268554688,737.0499877929688,87683500.0,739.881935268434,743.1354731343894,718.9480036644643,733.3350830078125,Yahoo Finance via yfinance
2026-06-10,SPY,S&P 500 benchmark,733.3900146484375,738.3800048828125,725.3300170898438,725.4299926757812,60341300.0,729.69352181897,734.6583610930755,721.6741489247238,721.7736206054688,Yahoo Finance via yfinance
2026-06-11,SPY,S&P 500 benchmark,728.760009765625,740.0,724.4099731445312,737.760009765625,86330500.0,725.0868662900759,736.2702039965386,720.7587550057447,734.04150390625,Yahoo Finance via yfinance
2026-06-12,SPY,S&P 500 benchmark,740.7100219726562,744.4400024414062,735.030029296875,741.75,57079500.0,736.9766163198905,740.6877965432628,731.3252525489901,738.0113525390625,Yahoo Finance via yfinance
2026-06-15,SPY,S&P 500 benchmark,751.8499755859375,756.6799926757812,751.760009765625,754.8300170898438,60176400.0,748.0604304424444,752.8661028247,747.9709180763429,751.0254516601562,Yahoo Finance via yfinance
2026-06-16,SPY,S&P 500 benchmark,754.5499877929688,755.4400024414062,749.8800048828125,750.3300170898438,67093100.0,750.7468576807364,751.6323864215939,746.100412710964,746.5481567382812,Yahoo Finance via yfinance
2026-06-17,SPY,S&P 500 benchmark,751.2899780273438,752.1500244140625,739.219970703125,740.9600219726562,85945200.0,747.5032315039188,748.3589429763433,735.4940609532621,737.225341796875,Yahoo Finance via yfinance
2026-06-18,SPY,S&P 500 benchmark,747.760009765625,748.22998046875,743.8599853515625,746.739990234375,80875700.0,745.907751654771,746.3765582049119,742.0173878962117,744.8902587890625,Yahoo Finance via yfinance
2026-06-22,SPY,S&P 500 benchmark,747.7000122070312,750.1799926757812,743.1300048828125,744.3900146484375,46628100.0,745.8479411927095,748.321778689857,741.2892538871644,742.546142578125,Yahoo Finance via yfinance
2026-06-23,SPY,S&P 500 benchmark,733.8099975585938,739.6300048828125,732.2999877929688,733.5800170898438,66846800.0,731.9922892059834,737.7978798883457,730.4860198600484,731.7628784179688,Yahoo Finance via yfinance
2026-06-24,SPY,S&P 500 benchmark,735.1699829101562,739.9500122070312,730.8400268554688,733.239990234375,57439500.0,733.3489180103626,738.1171068570358,729.0296875445486,731.4237060546875,Yahoo Finance via yfinance
2026-06-25,SPY,S&P 500 benchmark,738.9099731445312,739.3699951171875,729.5999755859375,734.2999877929688,53934400.0,737.0796452204372,737.5385276888334,727.7927091295785,732.4810791015625,Yahoo Finance via yfinance
2026-06-26,SPY,S&P 500 benchmark,728.9500122070312,736.530029296875,716.5800170898438,728.989990234375,71034000.0,727.144386135875,734.7056273477464,714.8050317832251,727.1842651367188,Yahoo Finance via yfinance
2026-06-29,SPY,S&P 500 benchmark,736.530029296875,741.5599975585938,732.0900268554688,741.0,58035200.0,734.7055914816465,739.7231001504891,730.27658724538,739.1644897460938,Yahoo Finance via yfinance
2026-06-30,SPY,S&P 500 benchmark,741.2899780273438,748.02001953125,740.8900146484375,746.77001953125,55626000.0,739.4537599262709,746.1671307285668,739.0547872797607,744.9202270507812,Yahoo Finance via yfinance
2026-07-01,SPY,S&P 500 benchmark,745.0,749.4400024414062,742.3800048828125,745.760009765625,47100900.0,743.1545925484338,747.5835968507926,740.541087308444,743.9127197265625,Yahoo Finance via yfinance
2026-07-02,SPY,S&P 500 benchmark,747.4000244140625,751.3099975585938,740.030029296875,744.780029296875,57447800.0,745.5486859530862,749.4489739445169,738.1969465958291,742.9351806640625,Yahoo Finance via yfinance
2026-07-06,SPY,S&P 500 benchmark,748.739990234375,752.4099731445312,747.4099731445312,751.280029296875,50673300.0,746.885320136641,750.5462122974698,745.5585975722108,749.4190673828125,Yahoo Finance via yfinance
2026-07-07,SPY,S&P 500 benchmark,750.219970703125,750.9600219726562,745.2100219726562,747.7100219726562,43721500.0,748.3616416292718,749.0998597580657,743.364102770238,745.85791015625,Yahoo Finance via yfinance
2026-07-08,SPY,S&P 500 benchmark,743.1599731445312,746.1500244140625,739.510009765625,745.4000244140625,43767400.0,741.3191472958572,744.3017921335774,737.6782249675691,743.5536499023438,Yahoo Finance via yfinance
2026-07-09,SPY,S&P 500 benchmark,747.3499755859375,751.969970703125,745.5900268554688,751.7100219726562,41441700.0,745.4987759890873,750.1073272936331,743.7431866839036,749.8480224609375,Yahoo Finance via yfinance
2026-07-10,SPY,S&P 500 benchmark,752.0499877929688,755.4199829101562,748.0999755859375,754.9500122070312,42191300.0,750.187115173852,753.5487626123848,746.2468873823584,753.0799560546875,Yahoo Finance via yfinance
2026-07-13,SPY,S&P 500 benchmark,752.469970703125,753.9099731445312,748.0,749.1699829101562,44013600.0,750.6060836597362,752.0425191788765,746.1471851864706,747.3142700195312,Yahoo Finance via yfinance
2026-07-14,SPY,S&P 500 benchmark,750.9099731445312,753.3400268554688,748.6599731445312,751.8300170898438,35143100.0,749.0499474324819,751.4739818301254,746.8055207475287,749.9677124023438,Yahoo Finance via yfinance
2026-07-15,SPY,S&P 500 benchmark,754.239990234375,755.5800170898438,750.2000122070312,754.8099975585938,43844800.0,752.3717122204262,753.7084197839658,748.3417413555546,752.9403076171875,Yahoo Finance via yfinance
2026-07-16,SPY,S&P 500 benchmark,752.760009765625,754.5700073242188,747.8800048828125,750.719970703125,46409800.0,750.8953984161742,752.7009125511715,746.0274814662645,748.8604125976562,Yahoo Finance via yfinance
2026-07-17,SPY,S&P 500 benchmark,742.0800170898438,747.2899780273438,740.7999877929688,743.2899780273438,62651000.0,740.241827732839,745.438883195828,738.9649691671198,741.4487915039062,Yahoo Finance via yfinance
2026-07-20,SPY,S&P 500 benchmark,747.0599975585938,748.72998046875,741.510009765625,742.0900268554688,50422300.0,745.2094908804986,746.8753371556621,739.6732506975046,740.2518310546875,Yahoo Finance via yfinance
2026-07-21,SPY,S&P 500 benchmark,746.2899780273438,749.0399780273438,744.1799926757812,748.280029296875,34324300.0,744.4413918284653,747.1845799829406,742.3366329839115,746.426513671875,Yahoo Finance via yfinance
2026-07-22,SPY,S&P 500 benchmark,746.6199951171875,750.02001953125,746.3699951171875,747.4099731445312,32836200.0,744.7705725456777,748.1621748950539,744.5211918106933,745.55859375,Yahoo Finance via yfinance
2026-07-23,SPY,S&P 500 benchmark,739.3699951171875,742.5599975585938,735.2100219726562,738.1799926757812,55437300.0,737.5385562389782,740.7206569606348,733.3888874570794,736.3515014648438,Yahoo Finance via yfinance
2026-07-24,SPY,S&P 500 benchmark,738.510009765625,743.719970703125,737.2899780273438,738.9299926757812,44782000.0,736.6806667930385,741.8777222786117,735.4636571620507,737.099609375,Yahoo Finance via yfinance
2026-07-27,SPY,S&P 500 benchmark,744.9099731445312,745.530029296875,735.8699951171875,739.0900268554688,41461200.0,743.0648074406847,743.6833276942111,734.0472217265344,737.25927734375,Yahoo Finance via yfinance
2026-07-28,SPY,S&P 500 benchmark,739.1900024414062,742.7899780273438,735.97998046875,740.8599853515625,47322200.0,737.3589950224286,740.9500533043114,734.156924420905,739.0248413085938,Yahoo Finance via yfinance
2026-07-29,SPY,S&P 500 benchmark,739.969970703125,742.6799926757812,729.0999755859375,729.4600219726562,70697200.0,738.1370526174048,740.8403618199718,727.2939826612791,727.6531372070312,Yahoo Finance via yfinance
2026-07-30,SPY,S&P 500 benchmark,736.0499877929688,742.4500122070312,734.5900268554688,741.6900024414062,66811300.0,734.2267392747757,740.6109103701467,732.7703947650456,739.852783203125,Yahoo Finance via yfinance
2026-07-31,SPY,S&P 500 benchmark,744.6799926757812,748.9000244140625,737.6799926757812,747.030029296875,62445900.0,742.835410914187,747.0449895804718,735.8527500027326,745.1796264648438,Yahoo Finance via yfinance
2026-08-03,SPY,S&P 500 benchmark,749.4400024414062,758.5800170898438,748.7999877929688,757.6699829101562,59927500.0,747.5836183167282,756.7009928898597,746.9451890027125,755.793212890625,Yahoo Finance via yfinance
2026-08-04,SPY,S&P 500 benchmark,760.6300048828125,773.4099731445312,760.52001953125,771.3300170898438,69154800.0,758.7458651152236,771.494176400126,758.6361522059436,769.4193725585938,Yahoo Finance via yfinance
2026-08-05,SPY,S&P 500 benchmark,775.8499755859375,776.8499755859375,769.510009765625,769.7899780273438,44689100.0,773.928165423025,774.9256883846499,767.6039039413469,767.8831787109375,Yahoo Finance via yfinance
2026-08-06,SPY,S&P 500 benchmark,770.2100219726562,771.8200073242188,767.4600219726562,768.5599975585938,38416900.0,768.3021872511085,769.9081846177485,765.5589990885744,766.65625,Yahoo Finance via yfinance
2026-08-07,SPY,S&P 500 benchmark,771.02001953125,773.9199829101562,769.6099853515625,773.260009765625,43586300.0,769.1101628301597,772.0029428489042,767.703621378493,771.3446044921875,Yahoo Finance via yfinance
2026-08-10,SPY,S&P 500 benchmark,772.5999755859375,775.0499877929688,771.6199951171875,773.030029296875,39249500.0,770.6861849056471,773.1301282404592,769.7086319253093,771.1151733398438,Yahoo Finance via yfinance
2026-08-11,SPY,S&P 500 benchmark,774.530029296875,774.6099853515625,769.2000122070312,770.5599975585938,36740600.0,772.6115040483734,772.6912620504304,767.2946895097219,768.6513061523438,Yahoo Finance via yfinance
2026-08-12,SPY,S&P 500 benchmark,774.7100219726562,774.9000244140625,771.280029296875,772.489990234375,33179100.0,772.7910096110111,772.9805414027246,769.369513273419,770.5764770507812,Yahoo Finance via yfinance
2026-08-13,SPY,S&P 500 benchmark,774.8699951171875,779.3699951171875,774.1099853515625,777.8800048828125,35634500.0,772.9506321027081,777.4394855444215,772.1925048911166,775.9531860351562,Yahoo Finance via yfinance
2026-08-14,SPY,S&P 500 benchmark,778.5399780273438,778.7999877929688,775.4299926757812,776.3400268554688,31367900.0,776.6114939657781,776.8708596736758,773.509212209858,774.4169921875,Yahoo Finance via yfinance
2026-08-17,SPY,S&P 500 benchmark,776.1799926757812,776.780029296875,772.510009765625,772.6699829101562,34356600.0,774.2573577843602,774.8559080861019,770.5964655970525,770.7560424804688,Yahoo Finance via yfinance
2026-08-18,SPY,S&P 500 benchmark,768.7000122070312,769.5,766.9199829101562,767.4500122070312,43920900.0,766.7959149360092,767.5939211307613,765.0202948350139,765.5490112304688,Yahoo Finance via yfinance
2026-08-19,SPY,S&P 500 benchmark,770.3599853515625,772.469970703125,768.0999755859375,769.0599975585938,40306000.0,768.4517358705159,770.5564946026684,766.1973243479778,767.1549682617188,Yahoo Finance via yfinance
2026-08-20,SPY,S&P 500 benchmark,765.9600219726562,768.1500244140625,762.0399780273438,762.5999755859375,45520300.0,764.0627220124634,766.2472997692572,760.1523881029335,760.7109985351562,Yahoo Finance via yfinance
2026-08-21,SPY,S&P 500 benchmark,766.0499877929688,767.8499755859375,764.1699829101562,765.719970703125,39188700.0,764.1524418077088,765.9479709365374,762.2770937955632,763.8232421875,Yahoo Finance via yfinance
2026-08-24,SPY,S&P 500 benchmark,764.780029296875,765.219970703125,762.0800170898438,763.469970703125,32430900.0,762.8856098637509,763.3244615010249,760.1922857963137,761.5787963867188,Yahoo Finance via yfinance
2026-08-25,SPY,S&P 500 benchmark,766.1599731445312,766.780029296875,763.0499877929688,765.9099731445312,27422300.0,764.262137078792,764.8806573052586,761.159855395616,764.0127563476562,Yahoo Finance via yfinance
2026-08-26,SPY,S&P 500 benchmark,764.72998046875,767.3499755859375,763.9299926757812,766.0800170898438,28751600.0,762.8356805789958,765.449185749943,762.0376744224566,764.182373046875,Yahoo Finance via yfinance
2026-08-27,SPY,S&P 500 benchmark,768.5,772.3599853515625,767.1599731445312,771.0999755859375,34557100.0,766.5964060257239,770.4468300957561,765.2596984507333,769.18994140625,Yahoo Finance via yfinance
2026-08-28,SPY,S&P 500 benchmark,771.760009765625,775.2999877929688,768.3099975585938,769.3499755859375,36744300.0,769.8483393622295,773.3795487683207,766.4068729286823,767.4442749023438,Yahoo Finance via yfinance
2026-08-31,SPY,S&P 500 benchmark,767.3300170898438,768.0,764.719970703125,767.0499877929688,38810800.0,765.4292990280279,766.097622354185,762.8257178677422,765.1499633789062,Yahoo Finance via yfinance
2026-09-01,SPY,S&P 500 benchmark,762.010009765625,764.6699829101562,759.47998046875,761.780029296875,41126300.0,760.1224772031874,762.7758614763637,757.5987149009983,759.89306640625,Yahoo Finance via yfinance
2026-09-02,SPY,S&P 500 benchmark,762.4500122070312,766.4299926757812,761.72998046875,765.1599731445312,29566200.0,760.5614001563074,764.5315220914426,759.8431519587122,763.2646484375,Yahoo Finance via yfinance
2026-09-03,SPY,S&P 500 benchmark,767.9000244140625,774.030029296875,767.4500122070312,773.1699829101562,43531600.0,765.99791709853,772.112737807933,765.5490195828438,771.2548217773438,Yahoo Finance via yfinance
2026-09-04,SPY,S&P 500 benchmark,772.010009765625,772.8699951171875,769.0,770.1900024414062,34054200.0,770.0977256925568,770.9555808433835,767.0951717806925,768.2822265625,Yahoo Finance via yfinance
2026-09-08,SPY,S&P 500 benchmark,769.0700073242188,769.7000122070312,765.1400146484375,765.9600219726562,44746100.0,767.1649647963771,767.7934091111229,763.2447069992287,764.0626831054688,Yahoo Finance via yfinance
2026-09-09,SPY,S&P 500 benchmark,764.0800170898438,764.469970703125,760.9400024414062,762.4000244140625,32812400.0,762.1873669257697,762.5763546117217,759.055130192088,760.5115356445312,Yahoo Finance via yfinance
2026-09-10,SPY,S&P 500 benchmark,758.030029296875,760.1099853515625,756.6400146484375,757.8300170898438,42740400.0,756.1523365872063,758.2271404471661,754.7657651010062,755.9528198242188,Yahoo Finance via yfinance
2026-09-11,SPY,S&P 500 benchmark,764.719970703125,766.3800048828125,763.5999755859375,764.2899780273438,45512700.0,762.8257171109622,764.4816392943262,761.7084962835214,762.3967895507812,Yahoo Finance via yfinance
2026-09-14,SPY,S&P 500 benchmark,759.0,763.52001953125,757.9299926757812,760.8800048828125,43992400.0,757.119891309806,761.6287143614769,756.0525344863368,758.9952392578125,Yahoo Finance via yfinance
2026-09-15,SPY,S&P 500 benchmark,760.1199951171875,760.3499755859375,756.1500244140625,757.3900146484375,46195000.0,758.2371341657202,758.4665449596201,754.2769973083872,755.513916015625,Yahoo Finance via yfinance
2026-09-16,SPY,S&P 500 benchmark,759.5,761.6699829101562,749.5999755859375,754.0499877929688,59217700.0,757.6187023523285,759.7833101686804,747.7432005092232,752.1821899414062,Yahoo Finance via yfinance
2026-09-17,SPY,S&P 500 benchmark,763.1500244140625,763.5700073242188,759.9600219726562,762.5999755859375,49652800.0,761.2596848801362,761.6786274833105,758.0775841455181,760.7109985351562,Yahoo Finance via yfinance
2026-09-18,SPY,S&P 500 benchmark,761.3099975585938,762.0,757.969970703125,761.6900024414062,65395100.0,761.3099975585938,762.0,757.969970703125,761.6900024414062,Yahoo Finance via yfinance
2026-09-21,SPY,S&P 500 benchmark,766.25,774.8900146484375,766.030029296875,773.5,50484700.0,766.25,774.8900146484375,766.030029296875,773.5,Yahoo Finance via yfinance
2025-11-24,XLB,Materials,43.14500045776367,43.36000061035156,42.959999084472656,43.2599983215332,14549600.0,42.37917363601911,42.59035752063194,42.1974560502405,42.492130279541016,Yahoo Finance via yfinance
2025-11-25,XLB,Materials,43.48500061035156,44.005001068115234,43.45500183105469,43.904998779296875,12455800.0,42.713132094190925,43.22390242717356,42.68366579995642,43.125675201416016,Yahoo Finance via yfinance
2025-11-26,XLB,Materials,43.939998626708984,44.560001373291016,43.91999816894531,44.44499969482422,9895200.0,43.16006015315479,43.76905780162845,43.1404147051086,43.656097412109375,Yahoo Finance via yfinance
2025-11-28,XLB,Materials,44.564998626708984,44.875,44.45500183105469,44.70000076293945,4786800.0,43.77396460230968,44.078463414365636,43.66592026285686,43.90657043457031,Yahoo Finance via yfinance
2025-12-01,XLB,Materials,44.63999938964844,44.97999954223633,44.564998626708984,44.59000015258789,13367800.0,43.84763469455057,44.18159980858734,43.773965203059845,43.79852294921875,Yahoo Finance via yfinance
2025-12-02,XLB,Materials,44.68000030517578,44.68000030517578,43.92499923706055,44.185001373291016,12905800.0,43.88692368715468,43.88692368715468,43.14532399973804,43.40071105957031,Yahoo Finance via yfinance
2025-12-03,XLB,Materials,44.380001068115234,44.625,44.345001220703125,44.494998931884766,11841600.0,43.59224738078371,43.83289753377394,43.557868787499395,43.705204010009766,Yahoo Finance via yfinance
2025-12-04,XLB,Materials,44.380001068115234,44.505001068115234,44.125,44.23500061035156,9912600.0,43.59224814598472,43.71502937372477,43.341773392239006,43.44982147216797,Yahoo Finance via yfinance
2025-12-05,XLB,Materials,44.34000015258789,44.63999938964844,44.09000015258789,44.09000015258789,7134000.0,43.552954560656644,43.847628739613924,43.30739212036133,43.30739212036133,Yahoo Finance via yfinance
2025-12-08,XLB,Materials,44.08000183105469,44.099998474121094,43.45000076293945,43.47999954223633,11389100.0,43.29757357175831,43.317215270678254,42.67875514018129,42.708221435546875,Yahoo Finance via yfinance
2025-12-09,XLB,Materials,43.41999816894531,43.81999969482422,43.369998931884766,43.38999938964844,8801100.0,42.649285937058686,43.04218736893094,42.60017419482109,42.61981964111328,Yahoo Finance via yfinance
2025-12-10,XLB,Materials,43.349998474121094,44.34000015258789,43.349998474121094,44.2400016784668,10919500.0,42.58052929251131,43.552958287976125,42.58052929251131,43.454734802246094,Yahoo Finance via yfinance
2025-12-11,XLB,Materials,44.290000915527344,45.220001220703125,44.290000915527344,45.119998931884766,11009200.0,43.50384546743752,44.41733810064388,43.50384546743752,44.31911087036133,Yahoo Finance via yfinance
2025-12-12,XLB,Materials,45.5099983215332,45.58000183105469,44.970001220703125,45.150001525878906,14078600.0,44.70219002790207,44.77095096617195,44.17177794470933,44.34858322143555,Yahoo Finance via yfinance
2025-12-15,XLB,Materials,45.41999816894531,45.439998626708984,44.849998474121094,45.119998931884766,9228800.0,44.61378506723757,44.63343051329408,44.053902969076994,44.31911087036133,Yahoo Finance via yfinance
2025-12-16,XLB,Materials,45.18000030517578,45.209999084472656,44.720001220703125,45.0,9742300.0,44.37804580146783,44.40751209612547,43.92621179745118,44.20124053955078,Yahoo Finance via yfinance
2025-12-17,XLB,Materials,45.0099983215332,45.369998931884766,44.939998626708984,45.189998626708984,10935000.0,44.211061710672595,44.56467223708131,44.14230452464708,44.38786697387695,Yahoo Finance via yfinance
2025-12-18,XLB,Materials,45.27000045776367,45.630001068115234,45.130001068115234,45.16999816894531,8978100.0,44.46644851029914,44.82005903475251,44.32893413900852,44.368221282958984,Yahoo Finance via yfinance
2025-12-19,XLB,Materials,45.20000076293945,45.540000915527344,45.09000015258789,45.369998931884766,10358000.0,44.397693702498415,44.7316587993702,44.289645620130216,44.564674377441406,Yahoo Finance via yfinance
2025-12-22,XLB,Materials,45.38999938964844,45.709999084472656,45.33000183105469,45.66999816894531,9862300.0,44.81446720491628,45.130409395313265,44.75523039817185,45.09091567993164,Yahoo Finance via yfinance
2025-12-23,XLB,Materials,45.779998779296875,45.79999923706055,45.540000915527344,45.75,8424800.0,45.19952120468316,45.219268062238804,44.96256644667134,45.16990280151367,Yahoo Finance via yfinance
2025-12-24,XLB,Materials,45.72999954223633,45.88999938964844,45.61000061035156,45.84000015258789,2767600.0,45.15015652482982,45.30812762097937,45.03167914429966,45.25876235961914,Yahoo Finance via yfinance
2025-12-26,XLB,Materials,45.95000076293945,46.13999938964844,45.86000061035156,46.11000061035156,5035800.0,45.3673623288157,45.55495180426215,45.278503363324745,45.525333404541016,Yahoo Finance via yfinance
2025-12-29,XLB,Materials,45.7400016784668,45.86000061035156,45.540000915527344,45.7400016784668,6370400.0,45.160030364990234,45.27850774165884,44.96256555965729,45.160030364990234,Yahoo Finance via yfinance
2025-12-30,XLB,Materials,45.810001373291016,45.849998474121094,45.630001068115234,45.72999954223633,4432100.0,45.22914536216116,45.2686353126802,45.05142740267698,45.1501579284668,Yahoo Finance via yfinance
2025-12-31,XLB,Materials,45.61000061035156,45.66999816894531,45.33000183105469,45.349998474121094,5704300.0,45.031676377727834,45.09091318118962,44.75522791803204,44.77497100830078,Yahoo Finance via yfinance
2026-01-02,XLB,Materials,45.52000045776367,46.18000030517578,45.27000045776367,46.119998931884766,18031000.0,44.94281900214111,45.594450227654946,44.6959889354112,45.53520965576172,Yahoo Finance via yfinance
2026-01-05,XLB,Materials,46.02000045776367,46.72999954223633,46.0,46.58000183105469,22033700.0,45.43647917695621,46.13747566318848,45.416732319640495,45.9893798828125,Yahoo Finance via yfinance
2026-01-06,XLB,Materials,46.72999954223633,47.630001068115234,46.689998626708984,47.5,18351400.0,46.13747189670562,47.02606157173225,46.0979781852983,46.897708892822266,Yahoo Finance via yfinance
2026-01-07,XLB,Materials,47.34000015258789,47.560001373291016,46.630001068115234,46.68000030517578,16963400.0,46.73973925576175,46.95695090887686,46.038742805125544,46.08810806274414,Yahoo Finance via yfinance
2026-01-08,XLB,Materials,46.40999984741211,47.630001068115234,46.27000045776367,47.5,14918900.0,45.82152973810229,47.02606157173225,45.68330551450429,46.897708892822266,Yahoo Finance via yfinance
2026-01-09,XLB,Materials,47.59000015258789,48.290000915527344,47.560001373291016,48.2599983215332,11769700.0,46.98657232332881,47.67769727329272,46.95695392012383,47.648075103759766,Yahoo Finance via yfinance
2026-01-12,XLB,Materials,48.369998931884766,48.61000061035156,48.20000076293945,48.52000045776367,12672800.0,47.75667798732284,47.993636497309495,47.58883535775841,47.90477752685547,Yahoo Finance via yfinance
2026-01-13,XLB,Materials,48.599998474121094,48.7599983215332,48.38999938964844,48.72999954223633,10797500.0,47.98376507376135,48.14173617110919,47.776428714678815,48.112117767333984,Yahoo Finance via yfinance
2026-01-14,XLB,Materials,48.75,49.13999938964844,48.630001068115234,48.75,16029700.0,48.13186264038086,48.51691693889144,48.01338526383788,48.13186264038086,Yahoo Finance via yfinance
2026-01-15,XLB,Materials,48.77000045776367,49.11000061035156,48.61000061035156,48.959999084472656,17883600.0,48.15160957248305,48.48729861181729,47.993638481403885,48.33919906616211,Yahoo Finance via yfinance
2026-01-16,XLB,Materials,48.56999969482422,48.720001220703125,48.36000061035156,48.68000030517578,10769100.0,47.954142129991226,48.10224166750222,47.746805790537984,48.062747955322266,Yahoo Finance via yfinance
2026-01-20,XLB,Materials,48.349998474121094,48.52000045776367,48.02000045776367,48.189998626708984,17363800.0,47.736935331848535,47.904781742511304,47.41112158906374,47.57896423339844,Yahoo Finance via yfinance
2026-01-21,XLB,Materials,48.81999969482422,49.380001068115234,48.66999816894531,49.2400016784668,16940400.0,48.20097750070462,48.75387823325472,48.05287794685052,48.61565399169922,Yahoo Finance via yfinance
2026-01-22,XLB,Materials,49.369998931884766,49.83000183105469,49.349998474121094,49.52000045776367,14648300.0,48.74399793444103,49.198168095512166,48.724251078192054,48.89209747314453,Yahoo Finance via yfinance
2026-01-23,XLB,Materials,49.459999084472656,49.9900016784668,49.36000061035156,49.970001220703125,19550700.0,48.83285603936459,49.35613830487379,48.73412552619634,49.33639144897461,Yahoo Finance via yfinance
2026-01-26,XLB,Materials,50.41999816894531,50.47999954223633,50.02000045776367,50.029998779296875,13900900.0,49.780684169753016,49.839924739408396,49.385758337700494,49.3956298828125,Yahoo Finance via yfinance
2026-01-27,XLB,Materials,49.869998931884766,50.18000030517578,49.68000030517578,49.97999954223633,10123800.0,49.23766186555528,49.54373251169283,49.05007236611305,49.34626770019531,Yahoo Finance via yfinance
2026-01-28,XLB,Materials,50.119998931884766,50.209999084472656,49.540000915527344,49.95000076293945,13517200.0,49.48448920832767,49.573348180282885,48.911845429537976,49.316646575927734,Yahoo Finance via yfinance
2026-01-29,XLB,Materials,50.45000076293945,50.619998931884766,49.290000915527344,50.0,20503700.0,49.810307439666936,49.978150074578586,48.66501609862083,49.36601257324219,Yahoo Finance via yfinance
2026-01-30,XLB,Materials,49.220001220703125,49.650001525878906,48.810001373291016,49.27000045776367,28082600.0,48.59590603987174,49.02045406728318,48.19110487028502,48.64527130126953,Yahoo Finance via yfinance
2026-02-02,XLB,Materials,49.25,49.810001373291016,49.20000076293945,49.650001525878906,25155300.0,48.62552099620067,49.17842167711161,48.57615573830257,49.020450592041016,Yahoo Finance via yfinance
2026-02-03,XLB,Materials,50.18000030517578,51.220001220703125,50.060001373291016,50.70000076293945,34077400.0,49.543729562840284,50.57054350844878,49.42525218952478,50.05713653564453,Yahoo Finance via yfinance
2026-02-04,XLB,Materials,51.0099983215332,52.02000045776367,51.0099983215332,51.88999938964844,35878600.0,50.363201395426465,51.36039689965202,50.363201395426465,51.2320442199707,Yahoo Finance via yfinance
2026-02-05,XLB,Materials,51.380001068115234,51.52000045776367,50.36000061035156,50.5,25667300.0,50.728515419588625,50.86673965175823,49.72144831421711,49.85967254638672,Yahoo Finance via yfinance
2026-02-06,XLB,Materials,50.86000061035156,51.619998931884766,50.86000061035156,51.5099983215332,14367300.0,50.2151090200744,50.96547076039841,50.2151090200744,50.85686492919922,Yahoo Finance via yfinance
2026-02-09,XLB,Materials,51.470001220703125,52.310001373291016,51.27000045776367,52.18000030517578,12325200.0,50.8173750997998,51.646724270686896,50.61991029409756,51.51837158203125,Yahoo Finance via yfinance
2026-02-10,XLB,Materials,52.150001525878906,52.9900016784668,52.119998931884766,52.90999984741211,18381400.0,51.488751141625855,52.31810027968989,51.459128973829735,52.239112854003906,Yahoo Finance via yfinance
2026-02-11,XLB,Materials,53.11000061035156,53.66999816894531,53.11000061035156,53.619998931884766,24891300.0,52.43657759685717,52.98947451076774,52.43657759685717,52.94010925292969,Yahoo Finance via yfinance
2026-02-12,XLB,Materials,53.66999816894531,54.13999938964844,52.7400016784668,52.83000183105469,30108100.0,52.98947492445974,53.45351663768127,52.071270575785825,52.16012954711914,Yahoo Finance via yfinance
2026-02-13,XLB,Materials,52.540000915527344,53.63999938964844,52.439998626708984,53.310001373291016,19918900.0,51.8738075917247,52.9598583759546,51.77507330549513,52.6340446472168,Yahoo Finance via yfinance
2026-02-17,XLB,Materials,52.70000076293945,52.970001220703125,52.08000183105469,52.70000076293945,20404700.0,52.03178024291992,52.29835717423804,51.41964271526054,52.03178024291992,Yahoo Finance via yfinance
2026-02-18,XLB,Materials,53.0,53.34000015258789,52.7400016784668,53.02000045776367,11992700.0,52.32797042926136,52.66365944681916,52.071268835283114,52.34771728515625,Yahoo Finance via yfinance
2026-02-19,XLB,Materials,52.650001525878906,53.16999816894531,52.43000030517578,52.83000183105469,18340200.0,51.9824116044525,52.4958148095697,51.76519994867599,52.16012954711914,Yahoo Finance via yfinance
2026-02-20,XLB,Materials,52.619998931884766,53.25,52.31999969482422,52.959999084472656,17810500.0,51.95278982006138,52.57480262398739,51.65659450220589,52.28847885131836,Yahoo Finance via yfinance
2026-02-23,XLB,Materials,52.4900016784668,53.099998474121094,52.36000061035156,52.959999084472656,17353800.0,51.82444090099828,52.42670308189574,51.696088215607375,52.28847885131836,Yahoo Finance via yfinance
2026-02-24,XLB,Materials,52.959999084472656,53.5,52.90999984741211,53.36000061035156,13452200.0,52.28847724064008,52.82163105615354,52.23911198357276,52.683406829833984,Yahoo Finance via yfinance
2026-02-25,XLB,Materials,53.72999954223633,53.75,52.66999816894531,53.060001373291016,12379300.0,53.04871743091104,53.068464288186924,52.00215659325665,52.38721466064453,Yahoo Finance via yfinance
2026-02-26,XLB,Materials,52.88999938964844,53.119998931884766,52.349998474121094,53.0,15645100.0,52.21936658373594,52.44644978564048,51.68621275335427,52.327972412109375,Yahoo Finance via yfinance
2026-02-27,XLB,Materials,52.86000061035156,53.4900016784668,52.66999816894531,53.40999984741211,12122700.0,52.189747459129755,52.811760252627096,52.00215420678181,52.73277282714844,Yahoo Finance via yfinance
2026-03-02,XLB,Materials,53.06999969482422,53.38999938964844,52.5099983215332,53.25,19444500.0,52.39708445546438,52.71302662866667,51.84418376919648,52.57480239868164,Yahoo Finance via yfinance
2026-03-03,XLB,Materials,51.66999816894531,52.09000015258789,50.689998626708984,51.939998626708984,27307900.0,51.014833309323635,51.42950975492857,50.04725995801573,51.281410217285156,Yahoo Finance via yfinance
2026-03-04,XLB,Materials,52.31999969482422,52.380001068115234,51.68000030517578,51.91999816894531,17141500.0,51.65659494901345,51.71583551962808,51.02471059443545,51.26166534423828,Yahoo Finance via yfinance
2026-03-05,XLB,Materials,51.599998474121094,51.779998779296875,50.5099983215332,50.83000183105469,19897300.0,50.94571905320806,51.12343698437382,49.86953992173876,50.18548583984375,Yahoo Finance via yfinance
2026-03-06,XLB,Materials,50.310001373291016,50.36000061035156,49.439998626708984,49.86000061035156,23170700.0,49.67208187230813,49.72144713028927,48.81311056485954,49.227787017822266,Yahoo Finance via yfinance
2026-03-09,XLB,Materials,49.2599983215332,50.189998626708984,48.599998474121094,49.9900016784668,22461900.0,48.63539305179497,49.55360117038399,47.98376184824739,49.35614013671875,Yahoo Finance via yfinance
2026-03-10,XLB,Materials,49.9900016784668,50.41999816894531,49.630001068115234,49.880001068115234,19215000.0,49.35614153696013,49.78068578444704,49.00070564015444,49.247535705566406,Yahoo Finance via yfinance
2026-03-11,XLB,Materials,49.72999954223633,49.88999938964844,49.279998779296875,49.84000015258789,12570900.0,49.099436313042666,49.25740740474629,48.65514144064878,49.20804214477539,Yahoo Finance via yfinance
2026-03-12,XLB,Materials,49.790000915527344,50.22999954223633,49.630001068115234,49.68000030517578,19572900.0,49.15867372636614,49.5930932590577,49.000702644812144,49.05006790161133,Yahoo Finance via yfinance
2026-03-13,XLB,Materials,50.029998779296875,50.130001068115234,49.0099983215332,49.189998626708984,17240300.0,49.3956295021351,49.49436378413315,48.388562423721496,48.566280364990234,Yahoo Finance via yfinance
2026-03-16,XLB,Materials,49.459999084472656,49.77000045776367,49.09000015258789,49.400001525878906,15641100.0,48.83285740849947,49.13892803402667,48.46754997994155,48.77362060546875,Yahoo Finance via yfinance
2026-03-17,XLB,Materials,49.68000030517578,49.97999954223633,49.47999954223633,49.52000045776367,12770300.0,49.05006855680866,49.34626386788794,48.85260376064657,48.89209747314453,Yahoo Finance via yfinance
2026-03-18,XLB,Materials,49.18000030517578,49.279998779296875,48.47999954223633,48.47999954223633,16432400.0,48.55640887553084,48.65513939131415,47.86528396606445,47.86528396606445,Yahoo Finance via yfinance
2026-03-19,XLB,Materials,47.63999938964844,48.0,47.220001220703125,47.7400016784668,23546600.0,47.03593597305363,47.391371864650964,46.6212632770753,47.13467025756836,Yahoo Finance via yfinance
2026-03-20,XLB,Materials,47.849998474121094,47.959999084472656,46.72999954223633,46.97999954223633,19735100.0,47.24327547922454,47.35188131628705,46.13747778303264,46.384307861328125,Yahoo Finance via yfinance
2026-03-23,XLB,Materials,47.400001525878906,48.150001525878906,47.36000061035156,47.54999923706055,19208000.0,47.00710270668161,47.75088595341342,46.96743335891738,47.15585708618164,Yahoo Finance via yfinance
2026-03-24,XLB,Materials,47.279998779296875,48.790000915527344,47.2400016784668,48.45000076293945,15814600.0,46.888093266670715,48.38557894400641,46.84842770316528,48.048397064208984,Yahoo Finance via yfinance
2026-03-25,XLB,Materials,49.0,49.45000076293945,48.66999816894531,49.40999984741211,15047100.0,48.593841128396875,49.04011185455886,48.26657466818562,49.00044250488281,Yahoo Finance via yfinance
2026-03-26,XLB,Materials,48.970001220703125,49.72999954223633,48.970001220703125,49.09000015258789,12903500.0,48.56408976176055,49.31778847088212,48.56408976176055,48.6830940246582,Yahoo Finance via yfinance
2026-03-27,XLB,Materials,49.040000915527344,49.290000915527344,48.779998779296875,48.90999984741211,10746100.0,48.633508756457864,48.881436508540446,48.375661775768705,48.50458526611328,Yahoo Finance via yfinance
2026-03-30,XLB,Materials,49.5099983215332,49.7400016784668,48.900001525878906,49.09000015258789,16612900.0,49.099610836338655,49.32770769958535,48.49467029314714,48.6830940246582,Yahoo Finance via yfinance
2026-03-31,XLB,Materials,49.52000045776367,50.22999954223633,49.290000915527344,49.970001220703125,20487800.0,49.109526891034456,49.81364076036406,48.881433825607,49.5557975769043,Yahoo Finance via yfinance
2026-04-01,XLB,Materials,50.34000015258789,50.65999984741211,50.16999816894531,50.459999084472656,19966800.0,49.92273234097296,50.240079561185105,49.7541395022543,50.0417366027832,Yahoo Finance via yfinance
2026-04-02,XLB,Materials,50.08000183105469,50.91999816894531,49.90999984741211,50.40999984741211,13799900.0,49.66489049308224,50.49792413147277,49.49629764978127,49.99215316772461,Yahoo Finance via yfinance
2026-04-06,XLB,Materials,50.209999084472656,50.43000030517578,49.849998474121094,50.220001220703125,8885600.0,49.79380696805147,50.0119845923529,49.43679041304082,49.80372619628906,Yahoo Finance via yfinance
2026-04-07,XLB,Materials,50.119998931884766,50.31999969482422,49.68000030517578,50.08000183105469,9953400.0,49.70455203769662,49.902894985441165,49.2682005791203,49.664886474609375,Yahoo Finance via yfinance
2026-04-08,XLB,Materials,51.08000183105469,51.779998779296875,50.77000045776367,51.75,14354000.0,50.65660035905343,51.35079504167976,50.34916858312085,51.321044921875,Yahoo Finance via yfinance
2026-04-09,XLB,Materials,51.560001373291016,52.06999969482422,51.470001220703125,51.66999816894531,7658500.0,51.13262181317465,51.63839277139305,51.04336766959761,51.24170684814453,Yahoo Finance via yfinance
2026-04-10,XLB,Materials,51.93000030517578,52.220001220703125,51.880001068115234,51.959999084472656,6138500.0,51.49955057141494,51.78714765840106,51.4499657799187,51.529300689697266,Yahoo Finance via yfinance
2026-04-13,XLB,Materials,51.689998626708984,52.2599983215332,51.560001373291016,52.189998626708984,9890600.0,51.26153741055496,51.82681234683903,51.13261771145651,51.75739288330078,Yahoo Finance via yfinance
2026-04-14,XLB,Materials,52.2599983215332,52.2599983215332,51.650001525878906,52.0099983215332,8273900.0,51.82681185879407,51.82681185879407,51.221871365525516,51.57888412475586,Yahoo Finance via yfinance
2026-04-15,XLB,Materials,51.900001525878906,51.900001525878906,51.2400016784668,51.380001068115234,20300500.0,51.46980318832697,51.46980318832697,50.81527406979335,50.9541130065918,Yahoo Finance via yfinance
2026-04-16,XLB,Materials,51.52000045776367,51.970001220703125,51.4900016784668,51.75,12382700.0,51.09295184285816,51.539222555316016,51.0632017230534,51.321044921875,Yahoo Finance via yfinance
2026-04-17,XLB,Materials,51.599998474121094,52.369998931884766,51.470001220703125,51.880001068115234,11796000.0,51.1722847852342,51.93590268978132,51.0433650823288,51.44996643066406,Yahoo Finance via yfinance
2026-04-20,XLB,Materials,51.84000015258789,52.400001525878906,51.66999816894531,52.22999954223633,8558000.0,51.410295259023094,51.96565474709424,51.24170243209486,51.797061920166016,Yahoo Finance via yfinance
2026-04-21,XLB,Materials,52.25,52.56999969482422,51.63999938964844,51.77000045776367,9557700.0,51.81690219615885,52.134249428493916,51.21195785230844,51.34088134765625,Yahoo Finance via yfinance
2026-04-22,XLB,Materials,52.2400016784668,52.41999816894531,51.70000076293945,51.83000183105469,8933000.0,51.80698050980243,51.985484996296286,51.27145570108995,51.4003791809082,Yahoo Finance via yfinance
2026-04-23,XLB,Materials,51.709999084472656,51.900001525878906,51.279998779296875,51.810001373291016,13728200.0,51.28137320326319,51.46980070819059,50.85493718474356,51.38054656982422,Yahoo Finance via yfinance
2026-04-24,XLB,Materials,51.75,52.0,51.33000183105469,51.91999816894531,7420300.0,51.32104260411582,51.56897034616469,50.90452581335074,51.48963165283203,Yahoo Finance via yfinance
2026-04-27,XLB,Materials,52.0,52.18000030517578,51.61000061035156,51.779998779296875,8025900.0,51.56897338228248,51.74748166971349,51.18220668720773,51.35079574584961,Yahoo Finance via yfinance
2026-04-28,XLB,Materials,51.880001068115234,51.97999954223633,51.0099983215332,51.400001525878906,9073000.0,51.449966431607955,51.54913601585656,50.58717515972107,50.97394561767578,Yahoo Finance via yfinance
2026-04-29,XLB,Materials,51.4900016784668,51.5099983215332,50.88999938964844,50.959999084472656,7053300.0,51.06319941244526,51.083030302699555,50.46817056173406,50.53759002685547,Yahoo Finance via yfinance
2026-04-30,XLB,Materials,50.91999816894531,51.709999084472656,50.79999923706055,51.470001220703125,15282700.0,50.49792141169325,51.28137399578614,50.37891715305799,51.043365478515625,Yahoo Finance via yfinance
2026-05-01,XLB,Materials,51.63999938964844,51.77000045776367,51.34000015258789,51.349998474121094,9358200.0,51.21195546603439,51.340878955374876,50.91444292246784,50.92435836791992,Yahoo Finance via yfinance
2026-05-04,XLB,Materials,51.15999984741211,51.2599983215332,50.5,50.650001525878906,10041600.0,50.73593066566078,50.83510024472278,50.08140160785154,50.230159759521484,Yahoo Finance via yfinance
2026-05-05,XLB,Materials,51.040000915527344,51.790000915527344,50.88999938964844,51.529998779296875,10775100.0,50.616930850166575,51.36071410754649,50.46817268545968,51.102867126464844,Yahoo Finance via yfinance
2026-05-06,XLB,Materials,52.31999969482422,52.66999816894531,52.13999938964844,52.40999984741211,10500300.0,51.88631654198997,52.233413860862036,51.70780826854804,51.97557067871094,Yahoo Finance via yfinance
2026-05-07,XLB,Materials,52.599998474121094,52.77000045776367,51.380001068115234,51.400001525878906,13026600.0,52.163995760967644,52.332588593882846,50.95411094421063,50.97394561767578,Yahoo Finance via yfinance
2026-05-08,XLB,Materials,51.810001373291016,51.90999984741211,51.5,51.59000015258789,7600000.0,51.38055022800223,51.47971981854679,51.073118444390275,51.16237258911133,Yahoo Finance via yfinance
2026-05-11,XLB,Materials,51.86000061035156,52.40999984741211,51.83000183105469,52.2599983215332,8586900.0,51.43013063274925,51.975570900335555,51.40038051474108,51.826812744140625,Yahoo Finance via yfinance
2026-05-12,XLB,Materials,52.0,52.290000915527344,51.459999084472656,52.13999938964844,11594700.0,51.568970517525806,51.85656760719667,51.03344568498222,51.70780944824219,Yahoo Finance via yfinance
2026-05-13,XLB,Materials,52.130001068115234,52.52000045776367,52.02000045776367,52.060001373291016,8455400.0,51.697894655443164,52.08466133391277,51.588805841910265,51.628475189208984,Yahoo Finance via yfinance
2026-05-14,XLB,Materials,52.119998931884766,52.25,51.599998474121094,51.66999816894531,10703400.0,51.68797756602978,51.81690105854715,51.17228737903764,51.24170684814453,Yahoo Finance via yfinance
2026-05-15,XLB,Materials,51.0099983215332,51.189998626708984,50.25,50.29999923706055,11192800.0,50.58717432791012,50.765682603084095,49.83347566401329,49.883060455322266,Yahoo Finance via yfinance
2026-05-18,XLB,Materials,50.33000183105469,50.720001220703125,50.06999969482422,50.220001220703125,10543700.0,49.91281500843978,50.29958168200894,49.65496803734225,49.80372619628906,Yahoo Finance via yfinance
2026-05-19,XLB,Materials,49.779998779296875,49.86000061035156,48.88999938964844,49.040000915527344,11881300.0,49.367370772642474,49.44670946595337,48.48474861648298,48.633506774902344,Yahoo Finance via yfinance
2026-05-20,XLB,Materials,48.9900016784668,49.779998779296875,48.900001525878906,49.720001220703125,20467000.0,48.58392042807641,49.36736919252113,48.494666292497016,49.30786895751953,Yahoo Finance via yfinance
2026-05-21,XLB,Materials,49.540000915527344,50.25,49.13999938964844,50.02000045776367,10235900.0,49.12936399916418,49.83347790339298,48.73267808471224,49.605384826660156,Yahoo Finance via yfinance
2026-05-22,XLB,Materials,50.33000183105469,50.5,49.9900016784668,50.290000915527344,6954600.0,49.91281540423958,50.0814044548442,49.575633519953186,49.873146057128906,Yahoo Finance via yfinance
2026-05-26,XLB,Materials,50.68000030517578,51.16999816894531,50.650001525878906,50.9900016784668,8241700.0,50.259912899024506,50.745849161957985,50.23016278013226,50.567344665527344,Yahoo Finance via yfinance
2026-05-27,XLB,Materials,51.0099983215332,51.369998931884766,50.97999954223633,51.18000030517578,9010300.0,50.587174989916335,50.94419154493636,50.55742487135704,50.755767822265625,Yahoo Finance via yfinance
2026-05-28,XLB,Materials,51.06999969482422,51.470001220703125,50.61000061035156,51.36000061035156,10566000.0,50.64667948843083,51.043365393994385,50.190493345186745,50.93427658081055,Yahoo Finance via yfinance
2026-05-29,XLB,Materials,51.279998779296875,51.58000183105469,51.11000061035156,51.150001525878906,11728000.0,50.854936698973226,51.1524530127373,50.68634765204553,50.726016998291016,Yahoo Finance via yfinance
2026-06-01,XLB,Materials,50.650001525878906,51.04999923706055,50.130001068115234,50.91999816894531,24538000.0,50.230162356066224,50.626844475896824,49.71447219551702,50.497920989990234,Yahoo Finance via yfinance
2026-06-02,XLB,Materials,50.81999969482422,51.66999816894531,50.720001220703125,51.52000045776367,19926800.0,50.39875425053778,51.24170711295041,50.299584660751826,51.092952728271484,Yahoo Finance via yfinance
2026-06-03,XLB,Materials,51.349998474121094,52.029998779296875,51.2400016784668,51.630001068115234,12438500.0,50.92435996460772,51.59872376881049,50.81527492890561,51.20204162597656,Yahoo Finance via yfinance
2026-06-04,XLB,Materials,51.83000183105469,52.20000076293945,51.439998626708984,51.619998931884766,9689200.0,51.400381778798646,51.767313781205594,51.013611319795636,51.19211959838867,Yahoo Finance via yfinance
2026-06-05,XLB,Materials,51.40999984741211,51.650001525878906,50.5,50.630001068115234,12395700.0,50.9838604894933,51.22187278532122,50.0814036639025,50.2103271484375,Yahoo Finance via yfinance
2026-06-08,XLB,Materials,50.61000061035156,50.810001373291016,49.90999984741211,49.959999084472656,10994300.0,50.1904930104865,50.38883596194562,49.49629457191818,49.54587936401367,Yahoo Finance via yfinance
2026-06-09,XLB,Materials,50.59000015258789,50.81999969482422,49.84000015258789,50.77000045776367,13510500.0,50.17065859120734,50.39875166246389,49.426875356775376,50.34916687011719,Yahoo Finance via yfinance
2026-06-10,XLB,Materials,50.75,50.86000061035156,49.56999969482422,49.599998474121094,9676500.0,50.329330958222755,50.43841976854769,49.15911172886323,49.18886184692383,Yahoo Finance via yfinance
2026-06-11,XLB,Materials,50.06999969482422,51.33000183105469,50.0,51.220001220703125,12442900.0,49.654967735673,50.904525670618824,49.58554827074013,50.79543685913086,Yahoo Finance via yfinance
2026-06-12,XLB,Materials,51.709999084472656,52.36000061035156,51.52000045776367,52.18000030517578,15194700.0,51.28137312071369,51.92598676155281,51.09294939916672,51.74747848510742,Yahoo Finance via yfinance
2026-06-15,XLB,Materials,52.869998931884766,53.20000076293945,52.470001220703125,52.5,14993300.0,52.43175897230228,52.759025414818566,52.03507684622226,52.06482696533203,Yahoo Finance via yfinance
2026-06-16,XLB,Materials,52.689998626708984,53.09000015258789,52.63999938964844,52.720001220703125,8430000.0,52.25325085846014,52.649936768884935,52.20366606542635,52.28300476074219,Yahoo Finance via yfinance
2026-06-17,XLB,Materials,52.52000045776367,53.310001373291016,51.86000061035156,52.02000045776367,16228500.0,52.084661647330044,52.86811423734692,51.43013254527122,51.58880615234375,Yahoo Finance via yfinance
2026-06-18,XLB,Materials,52.220001220703125,52.43000030517578,51.7599983215332,51.810001373291016,11934100.0,51.787147915031646,51.995406310194134,51.33095799500515,51.38054656982422,Yahoo Finance via yfinance
2026-06-22,XLB,Materials,51.18000030517578,51.81999969482422,51.150001525878906,51.619998931884766,9088400.0,50.94555043567751,51.582618059548544,50.915689077440604,51.3835334777832,Yahoo Finance via yfinance
2026-06-23,XLB,Materials,51.06999969482422,51.47999954223633,50.790000915527344,50.869998931884766,10273400.0,50.83605127749937,51.24417294171237,50.55733515478485,50.636966705322266,Yahoo Finance via yfinance
2026-06-24,XLB,Materials,50.869998931884766,51.529998779296875,50.790000915527344,51.15999984741211,12425600.0,50.63696766095757,51.29394410348501,50.55733610891733,50.92564010620117,Yahoo Finance via yfinance
2026-06-25,XLB,Materials,51.40999984741211,52.189998626708984,51.27000045776367,51.84000015258789,9655000.0,51.174493307605154,51.950918952995956,51.03513524789114,51.60252380371094,Yahoo Finance via yfinance
2026-06-26,XLB,Materials,51.56999969482422,51.88999938964844,51.380001068115234,51.599998474121094,9233700.0,51.33376321455603,51.65229702607524,51.14463495059855,51.363624572753906,Yahoo Finance via yfinance
2026-06-29,XLB,Materials,51.279998779296875,51.400001525878906,50.25,50.65999984741211,12726100.0,51.04508767238051,51.16454069238876,50.01980726592153,50.42792892456055,Yahoo Finance via yfinance
2026-06-30,XLB,Materials,51.06999969482422,51.189998626708984,50.66999816894531,50.83000183105469,8329100.0,50.836051158235094,50.95550038237217,50.43788201481501,50.59715270996094,Yahoo Finance via yfinance
2026-07-01,XLB,Materials,50.720001220703125,51.470001220703125,50.47999954223633,51.02000045776367,14128800.0,50.48765662308751,51.23422092821334,50.248754374669375,50.78628158569336,Yahoo Finance via yfinance
2026-07-02,XLB,Materials,51.400001525878906,52.029998779296875,51.29999923706055,52.0099983215332,12373700.0,51.1645413359023,51.79165261133251,51.064997151310095,51.77174377441406,Yahoo Finance via yfinance
2026-07-06,XLB,Materials,51.91999816894531,52.040000915527344,51.349998474121094,51.97999954223633,20090500.0,51.68215581357127,51.80160883486623,51.11476725269853,51.74188232421875,Yahoo Finance via yfinance
2026-07-07,XLB,Materials,51.959999084472656,52.119998931884766,51.29999923706055,51.5099983215332,12304900.0,51.72197576398785,51.88124266883589,51.064999306836874,51.2740364074707,Yahoo Finance via yfinance
2026-07-08,XLB,Materials,51.0,51.040000915527344,49.88999938964844,50.15999984741211,13282200.0,50.76637374770356,50.80619142276065,49.66145794681559,49.93022155761719,Yahoo Finance via yfinance
2026-07-09,XLB,Materials,50.369998931884766,50.54999923706055,50.119998931884766,50.2599983215332,10529400.0,50.13925897656257,50.318434718243125,49.89040420169765,50.029762268066406,Yahoo Finance via yfinance
2026-07-10,XLB,Materials,50.290000915527344,51.11000061035156,50.290000915527344,50.88999938964844,7507300.0,50.05962569023984,50.87586901976297,50.05962569023984,50.65687561035156,Yahoo Finance via yfinance
2026-07-13,XLB,Materials,50.970001220703125,51.349998474121094,50.36000061035156,50.58000183105469,9031400.0,50.7365137832486,51.11477031501039,50.129307512232835,50.34830093383789,Yahoo Finance via yfinance
2026-07-14,XLB,Materials,51.150001525878906,51.45000076293945,50.59000015258789,50.63999938964844,8755500.0,50.91568586082201,51.21431081599299,50.35824982653981,50.40802001953125,Yahoo Finance via yfinance
2026-07-15,XLB,Materials,50.65999984741211,50.84000015258789,50.11000061035156,50.5,12323300.0,50.42793222025151,50.60710796475149,49.88045246637827,50.2686653137207,Yahoo Finance via yfinance
2026-07-16,XLB,Materials,50.310001373291016,50.93000030517578,50.279998779296875,50.88999938964844,7147400.0,50.07953452720655,50.696693284284976,50.04966937314529,50.65687561035156,Yahoo Finance via yfinance
2026-07-17,XLB,Materials,50.79999923706055,51.45000076293945,50.38999938964844,50.529998779296875,8670700.0,50.56729038115679,51.21431432605745,50.15916869509989,50.298526763916016,Yahoo Finance via yfinance
2026-07-20,XLB,Materials,50.63999938964844,50.72999954223633,49.880001068115234,50.029998779296875,10680300.0,50.40802183137417,50.497609700867805,49.65150499793431,49.80081558227539,Yahoo Finance via yfinance
2026-07-21,XLB,Materials,50.5,50.540000915527344,49.849998474121094,50.099998474121094,8699800.0,50.268663997038395,50.3084816719338,49.62164007026673,49.8704948425293,Yahoo Finance via yfinance
2026-07-22,XLB,Materials,50.33000183105469,50.970001220703125,50.29999923706055,50.81999969482422,10222300.0,50.09944313690426,50.736510728059436,50.06957798297849,50.587196350097656,Yahoo Finance via yfinance
2026-07-23,XLB,Materials,50.41999816894531,50.970001220703125,50.119998931884766,50.290000915527344,10925000.0,50.189029282172356,50.736512825854014,49.890404311123966,50.059627532958984,Yahoo Finance via yfinance
2026-07-24,XLB,Materials,50.31999969482422,51.27000045776367,50.209999084472656,51.2599983215332,12192800.0,50.08948824026026,51.035137133982104,49.97999153294624,51.02518081665039,Yahoo Finance via yfinance
2026-07-27,XLB,Materials,51.470001220703125,51.630001068115234,51.09000015258789,51.38999938964844,8704300.0,51.23422214242633,51.393489046072126,50.85596182230915,51.15458679199219,Yahoo Finance via yfinance
2026-07-28,XLB,Materials,52.0,52.779998779296875,51.880001068115234,52.34000015258789,11774600.0,51.761792345052704,52.53821801511731,51.64234311824795,52.10023498535156,Yahoo Finance via yfinance
2026-07-29,XLB,Materials,52.34000015258789,52.34000015258789,51.33000183105469,51.7400016784668,13744600.0,52.10023686070328,52.10023686070328,51.09486522089845,51.502986907958984,Yahoo Finance via yfinance
2026-07-30,XLB,Materials,52.209999084472656,52.310001373291016,51.279998779296875,51.63999938964844,10865900.0,51.970830973390036,52.070375163013985,51.045090894611405,51.4034423828125,Yahoo Finance via yfinance
2026-07-31,XLB,Materials,50.90999984741211,51.04999923706055,50.209999084472656,50.43000030517578,18328900.0,50.67678677090837,50.816144838842675,49.97999263401428,50.1989860534668,Yahoo Finance via yfinance
2026-08-03,XLB,Materials,50.7400016784668,51.040000915527344,50.349998474121094,51.0099983215332,11963900.0,50.50756541776643,50.80619038012125,50.11934878976051,50.77632522583008,Yahoo Finance via yfinance
2026-08-04,XLB,Materials,51.310001373291016,52.06999969482422,51.029998779296875,52.0,16876700.0,51.07495344339846,51.83147025981732,50.79623352389899,51.76179122924805,Yahoo Finance via yfinance
2026-08-05,XLB,Materials,52.59000015258789,52.959999084472656,52.45000076293945,52.63999938964844,12070300.0,52.34909073573181,52.71739474031748,52.20973266898169,52.398860931396484,Yahoo Finance via yfinance
2026-08-06,XLB,Materials,52.630001068115234,52.86000061035156,52.0099983215332,52.16999816894531,9000600.0,52.388906859280965,52.61785279033465,51.7717443002085,51.93101119995117,Yahoo Finance via yfinance
2026-08-07,XLB,Materials,52.34000015258789,52.939998626708984,52.16999816894531,52.86000061035156,13068200.0,52.10023667610653,52.69748662673471,51.93101345185425,52.617855072021484,Yahoo Finance via yfinance
2026-08-10,XLB,Materials,52.810001373291016,53.20000076293945,52.61000061035156,53.18000030517578,11932600.0,52.5680821180722,52.956294945338016,52.3689975458988,52.93638610839844,Yahoo Finance via yfinance
2026-08-11,XLB,Materials,53.06999969482422,53.599998474121094,53.0,53.2400016784668,11450900.0,52.82688960745885,53.354460498112815,52.757210576512946,52.99611282348633,Yahoo Finance via yfinance
2026-08-12,XLB,Materials,53.45000076293945,53.47999954223633,52.540000915527344,52.58000183105469,9843200.0,53.20515158363093,53.23501294147998,52.29932035572545,52.33913803100586,Yahoo Finance via yfinance
2026-08-13,XLB,Materials,52.599998474121094,52.779998779296875,52.220001220703125,52.310001373291016,10407100.0,52.359042182984744,52.53821792148378,51.98078566590673,52.07037353515625,Yahoo Finance via yfinance
2026-08-14,XLB,Materials,52.459999084472656,52.650001525878906,52.27000045776367,52.540000915527344,7479600.0,52.21968487059167,52.40881692907495,52.030556609330894,52.299320220947266,Yahoo Finance via yfinance
2026-08-17,XLB,Materials,52.349998474121094,52.439998626708984,52.06999969482422,52.2400016784668,7654900.0,52.11018718375107,52.19977505260726,51.83147105718624,52.000694274902344,Yahoo Finance via yfinance
2026-08-18,XLB,Materials,52.220001220703125,52.310001373291016,51.75,51.779998779296875,7774300.0,51.98078774706363,52.070375619899984,51.5129395447824,51.54280090332031,Yahoo Finance via yfinance
2026-08-19,XLB,Materials,52.52000045776367,53.150001525878906,52.279998779296875,52.52000045776367,10882900.0,52.27941131591797,52.906526408880524,52.04050906238188,52.27941131591797,Yahoo Finance via yfinance
2026-08-20,XLB,Materials,52.099998474121094,53.040000915527344,52.040000915527344,52.41999816894531,9367300.0,51.86133298626427,52.79702935957388,51.801610271183215,52.179866790771484,Yahoo Finance via yfinance
2026-08-21,XLB,Materials,53.06999969482422,53.720001220703125,52.95000076293945,53.540000915527344,14467100.0,52.82689058405486,53.47391450876806,52.70744135697114,53.29473876953125,Yahoo Finance via yfinance
2026-08-24,XLB,Materials,54.0099983215332,54.189998626708984,53.279998779296875,53.58000183105469,12836600.0,53.76258329416079,53.9417590338521,53.03592781528934,53.334556579589844,Yahoo Finance via yfinance
2026-08-25,XLB,Materials,53.47999954223633,53.650001525878906,53.0099983215332,53.58000183105469,8182800.0,53.23501239241552,53.40423561200064,52.76716420575237,53.334556579589844,Yahoo Finance via yfinance
2026-08-26,XLB,Materials,53.59000015258789,54.09000015258789,53.52000045776367,53.66999816894531,7073000.0,53.34450937724448,53.84221892403824,53.27483034447115,53.42414093017578,Yahoo Finance via yfinance
2026-08-27,XLB,Materials,53.220001220703125,53.4900016784668,53.099998474121094,53.22999954223633,7784600.0,52.97620394373412,53.24496754740397,52.85675092173259,52.98615646362305,Yahoo Finance via yfinance
2026-08-28,XLB,Materials,53.65999984741211,53.79999923706055,52.84000015258789,53.18000030517578,13594400.0,53.41418680328117,53.55354486463583,52.59794347487038,52.93638610839844,Yahoo Finance via yfinance
2026-08-31,XLB,Materials,53.15999984741211,53.2599983215332,52.56999969482422,52.689998626708984,12112700.0,52.91647948118195,53.01601987281414,52.32918205721796,52.448631286621094,Yahoo Finance via yfinance
2026-09-01,XLB,Materials,52.439998626708984,52.459999084472656,52.02000045776367,52.06999969482422,15500500.0,52.199774480889126,52.21968331788605,51.78170029562083,51.83147048950195,Yahoo Finance via yfinance
2026-09-02,XLB,Materials,52.36000061035156,53.189998626708984,52.27000045776367,52.95000076293945,12846600.0,52.120142031601134,52.946337868007284,52.0305541652706,52.70743942260742,Yahoo Finance via yfinance
2026-09-03,XLB,Materials,53.45000076293945,53.52000045776367,52.34000015258789,52.619998931884766,14287800.0,53.20515170278465,53.27483073607016,52.10023589322516,52.37895202636719,Yahoo Finance via yfinance
2026-09-04,XLB,Materials,52.15999984741211,52.66999816894531,51.97999954223633,52.439998626708984,10873800.0,51.92105956580167,52.42872163076041,51.74188382588154,52.19977569580078,Yahoo Finance via yfinance
2026-09-08,XLB,Materials,52.36000061035156,52.58000183105469,51.939998626708984,51.939998626708984,11935500.0,52.12014249314565,52.3391359010534,51.702064514160156,51.702064514160156,Yahoo Finance via yfinance
2026-09-09,XLB,Materials,52.02000045776367,52.150001525878906,51.380001068115234,51.38999938964844,13120900.0,51.78170188638233,51.911107432226565,51.14463427179918,51.15458679199219,Yahoo Finance via yfinance
2026-09-10,XLB,Materials,50.7599983215332,51.04999923706055,50.58000183105469,50.7599983215332,9651600.0,50.527469635009766,50.816142072715834,50.348297698291965,50.527469635009766,Yahoo Finance via yfinance
2026-09-11,XLB,Materials,51.189998626708984,51.209999084472656,50.869998931884766,50.95000076293945,8969600.0,50.955500775557006,50.97540961260387,50.636966977252,50.71660232543945,Yahoo Finance via yfinance
2026-09-14,XLB,Materials,50.68000030517578,50.810001373291016,50.34000015258789,50.4900016784668,11410300.0,50.44784103333467,50.57724658145917,50.109398382470836,50.25871276855469,Yahoo Finance via yfinance
2026-09-15,XLB,Materials,50.54999923706055,50.75,50.2599983215332,50.72999954223633,9844200.0,50.318432451206455,50.517517021573376,50.029760014035524,50.49760818481445,Yahoo Finance via yfinance
2026-09-16,XLB,Materials,50.93000030517578,51.11000061035156,49.90999984741211,50.36000061035156,9587300.0,50.696695379939946,50.87587112282454,49.68136743600139,50.12930679321289,Yahoo Finance via yfinance
2026-09-17,XLB,Materials,50.900001525878906,51.0099983215332,50.52000045776367,50.709999084472656,9063800.0,50.66683133012799,50.776324236320484,50.288571026664656,50.477699279785156,Yahoo Finance via yfinance
2026-09-18,XLB,Materials,50.43000030517578,50.619998931884766,49.880001068115234,49.9900016784668,10500900.0,50.198984616055206,50.388112874661566,49.651504880323166,49.76100158691406,Yahoo Finance via yfinance
2026-09-21,XLB,Materials,50.130001068115234,50.18000030517578,49.65999984741211,49.709999084472656,10586100.0,50.130001068115234,50.18000030517578,49.65999984741211,49.709999084472656,Yahoo Finance via yfinance
2025-11-24,XLE,Energy,44.65999984741211,44.724998474121094,43.89500045776367,44.584999084472656,33681800.0,43.421958801614224,43.48515557055202,42.67816632301887,43.349037170410156,Yahoo Finance via yfinance
2025-11-25,XLE,Energy,44.23500061035156,44.47999954223633,43.939998626708984,44.30500030517578,29299000.0,43.00874209850866,43.246949303899235,42.721917998633714,43.07680130004883,Yahoo Finance via yfinance
2025-11-26,XLE,Energy,44.29499816894531,44.959999084472656,44.255001068115234,44.63999938964844,26611000.0,43.067074327701846,43.713640419606214,43.02818600654713,43.40251159667969,Yahoo Finance via yfinance
2025-11-28,XLE,Energy,44.665000915527344,45.41999816894531,44.599998474121094,45.224998474121094,16666600.0,43.42681704037428,44.16088458583736,43.36361656858954,43.971290588378906,Yahoo Finance via yfinance
2025-12-01,XLE,Energy,45.290000915527344,45.90999984741211,45.255001068115234,45.65999984741211,31150000.0,44.03449171703703,44.63730331515495,44.00046211977911,44.39423370361328,Yahoo Finance via yfinance
2025-12-02,XLE,Energy,45.59000015258789,45.59000015258789,44.845001220703125,45.06999969482422,33305000.0,44.32617622960497,44.32617622960497,43.60182979760091,43.82059097290039,Yahoo Finance via yfinance
2025-12-03,XLE,Energy,45.375,45.994998931884766,45.310001373291016,45.915000915527344,30174000.0,44.11713865184289,44.71995030676201,44.05394188210847,44.64216995239258,Yahoo Finance via yfinance
2025-12-04,XLE,Energy,45.88999938964844,46.185001373291016,45.755001068115234,46.11000061035156,23799600.0,44.6178617548201,44.904685853722384,44.48660578342299,44.831764221191406,Yahoo Finance via yfinance
2025-12-05,XLE,Energy,46.029998779296875,46.65999984741211,45.90999984741211,45.91999816894531,22164400.0,44.753973464505606,45.36650989363367,44.63730109527332,44.64702224731445,Yahoo Finance via yfinance
2025-12-08,XLE,Energy,45.65999984741211,45.91999816894531,45.27000045776367,45.41999816894531,27891900.0,44.394237149002024,44.64702793268709,44.01504911900031,44.160888671875,Yahoo Finance via yfinance
2025-12-09,XLE,Energy,45.5,46.08000183105469,45.459999084472656,45.70000076293945,20917400.0,44.23867571242392,44.8025990732292,44.19978367879283,44.43313217163086,Yahoo Finance via yfinance
2025-12-10,XLE,Energy,45.84000015258789,46.27000045776367,45.630001068115234,46.18000030517578,26255100.0,44.56924360418615,44.98732362790909,44.36506602300459,44.899818420410156,Yahoo Finance via yfinance
2025-12-11,XLE,Energy,45.900001525878906,46.25,45.84000015258789,45.959999084472656,25827200.0,44.627586376780236,44.967882381493304,44.56924832928016,44.68592071533203,Yahoo Finance via yfinance
2025-12-12,XLE,Energy,46.04999923706055,46.2400016784668,45.38999938964844,45.5099983215332,33161200.0,44.773425305762224,44.95816059912068,44.13172162803146,44.24839401245117,Yahoo Finance via yfinance
2025-12-15,XLE,Energy,45.61000061035156,45.61000061035156,44.81999969482422,45.189998626708984,27521600.0,44.345622381929644,44.345622381929644,43.57752148711397,43.93726348876953,Yahoo Finance via yfinance
2025-12-16,XLE,Energy,44.83000183105469,44.849998474121094,43.77000045776367,43.810001373291016,49312400.0,43.587244478711284,43.606686783741154,42.55662799157566,42.59552001953125,Yahoo Finance via yfinance
2025-12-17,XLE,Energy,44.130001068115234,44.880001068115234,44.060001373291016,44.779998779296875,43375300.0,42.906648859987804,43.63585769447935,42.83858966548443,43.53862762451172,Yahoo Finance via yfinance
2025-12-18,XLE,Energy,44.650001525878906,44.709999084472656,43.97999954223633,44.130001068115234,29920200.0,43.41223580003486,43.470570135355956,42.76080728701399,42.90665054321289,Yahoo Finance via yfinance
2025-12-19,XLE,Energy,44.25,44.529998779296875,44.029998779296875,44.130001068115234,31959600.0,43.02332292280317,43.2955597114965,42.80942046943093,42.90665054321289,Yahoo Finance via yfinance
2025-12-22,XLE,Energy,44.13999938964844,44.4900016784668,44.09000015258789,44.209999084472656,23707400.0,43.28220597914891,43.6254065085391,43.23317840082588,43.35084533691406,Yahoo Finance via yfinance
2025-12-23,XLE,Energy,44.369998931884766,44.54999923706055,44.220001220703125,44.5,19137500.0,43.507733440797075,43.684235705511405,43.3606507139113,43.63520812988281,Yahoo Finance via yfinance
2025-12-24,XLE,Energy,44.41999816894531,44.560001373291016,44.310001373291016,44.369998931884766,11293900.0,43.556763784799365,43.69404624207475,43.44890460778687,43.50773620605469,Yahoo Finance via yfinance
2025-12-26,XLE,Energy,44.31999969482422,44.439998626708984,43.9900016784668,44.20000076293945,17884500.0,43.45870467664762,43.5763716030511,43.13511969389701,43.34103775024414,Yahoo Finance via yfinance
2025-12-29,XLE,Energy,44.5099983215332,44.7400016784668,44.290000915527344,44.619998931884766,31352100.0,43.64501717329667,43.87055078016779,43.4292950675836,43.75288009643555,Yahoo Finance via yfinance
2025-12-30,XLE,Energy,44.79999923706055,45.09000015258789,44.79999923706055,44.959999084472656,18654700.0,43.92937888673167,44.21374407228196,43.92937888673167,44.08626937866211,Yahoo Finance via yfinance
2025-12-31,XLE,Energy,44.93000030517578,45.02000045776367,44.56999969482422,44.709999084472656,16965900.0,44.05685513973006,44.14510627834983,43.70385058525099,43.841129302978516,Yahoo Finance via yfinance
2026-01-02,XLE,Energy,44.720001220703125,45.779998779296875,44.4900016784668,45.650001525878906,31935500.0,43.85093973280887,44.89033793920472,43.62540986273119,44.76286697387695,Yahoo Finance via yfinance
2026-01-05,XLE,Energy,47.15999984741211,47.31999969482422,45.75,46.88999938964844,94961000.0,46.24351698991253,46.40040748368108,44.860918344650784,45.978763580322266,Yahoo Finance via yfinance
2026-01-06,XLE,Energy,47.0,47.060001373291016,45.529998779296875,45.63999938964844,69568200.0,46.08662271573685,46.14545804878556,44.6451888508386,44.7530517578125,Yahoo Finance via yfinance
2026-01-07,XLE,Energy,45.81999969482422,45.81999969482422,45.08000183105469,45.130001068115234,42739200.0,44.92955738268687,44.92955738268687,44.203940256874134,44.252967834472656,Yahoo Finance via yfinance
2026-01-08,XLE,Energy,45.31999969482422,46.849998474121094,45.220001220703125,46.54999923706055,51451000.0,44.439274119919034,45.939539689516565,44.34121896473446,45.64537048339844,Yahoo Finance via yfinance
2026-01-09,XLE,Energy,46.75,46.880001068115234,46.5099983215332,46.66999816894531,38839900.0,45.841481932703736,45.96895661966067,45.60614433682664,45.76303482055664,Yahoo Finance via yfinance
2026-01-12,XLE,Energy,46.75,46.810001373291016,46.099998474121094,46.34000015258789,28264400.0,45.84148910090615,45.900324444216515,45.204119307020584,45.439456939697266,Yahoo Finance via yfinance
2026-01-13,XLE,Energy,46.72999954223633,47.38999938964844,46.68000030517578,47.0,50469200.0,45.821874542204235,46.469048317129214,45.77284696269991,46.08662796020508,Yahoo Finance via yfinance
2026-01-14,XLE,Energy,47.25,48.650001525878906,47.18000030517578,48.060001373291016,80750200.0,46.331769712304684,47.70456438519139,46.26313035271681,47.12602996826172,Yahoo Finance via yfinance
2026-01-15,XLE,Energy,47.630001068115234,48.06999969482422,47.27000045776367,47.61000061035156,49328800.0,46.70438427067062,47.13583219171928,46.35137972591971,46.68477249145508,Yahoo Finance via yfinance
2026-01-16,XLE,Energy,47.560001373291016,47.810001373291016,47.4900016784668,47.689998626708984,30796300.0,46.63574696636039,46.880888606497884,46.56710760636705,46.76321792602539,Yahoo Finance via yfinance
2026-01-20,XLE,Energy,48.09000015258789,48.310001373291016,47.5,47.599998474121094,50178700.0,47.15544414593803,47.371169977545165,46.576909748907966,46.674964904785156,Yahoo Finance via yfinance
2026-01-21,XLE,Energy,48.290000915527344,49.04999923706055,48.290000915527344,48.75,58996000.0,47.35155643425011,48.09678531662197,47.35155643425011,47.802616119384766,Yahoo Finance via yfinance
2026-01-22,XLE,Energy,48.619998931884766,49.0,48.41999816894531,48.90999984741211,50869500.0,47.67514560010328,48.04776194417127,47.479031537932514,47.959510803222656,Yahoo Finance via yfinance
2026-01-23,XLE,Energy,49.52000045776367,49.88999938964844,49.09000015258789,49.189998626708984,51431200.0,48.55765475818455,48.920463325011625,48.13601085326479,48.234066009521484,Yahoo Finance via yfinance
2026-01-26,XLE,Energy,49.869998931884766,49.88999938964844,48.95000076293945,49.220001220703125,40122600.0,48.900850943786786,48.92046272290963,47.99873154752212,48.263484954833984,Yahoo Finance via yfinance
2026-01-27,XLE,Energy,49.38999938964844,49.81999969482422,49.15999984741211,49.66999816894531,39840300.0,48.430181180634776,48.8518250952884,48.20465132358637,48.70473861694336,Yahoo Finance via yfinance
2026-01-28,XLE,Energy,49.970001220703125,50.13999938964844,49.560001373291016,50.04999923706055,41890400.0,48.998911053282015,49.16560556910927,48.596878922714815,49.077354431152344,Yahoo Finance via yfinance
2026-01-29,XLE,Energy,51.150001525878906,51.72999954223633,50.47999954223633,50.5099983215332,77520700.0,50.155981425223075,50.72470808929504,49.49899987988651,49.52841567993164,Yahoo Finance via yfinance
2026-01-30,XLE,Energy,50.36000061035156,51.09000015258789,49.880001068115234,51.04999923706055,74039400.0,49.381329017327765,50.09714210590547,48.91065755116288,50.057918548583984,Yahoo Finance via yfinance
2026-02-02,XLE,Energy,50.099998474121094,50.5099983215332,49.77000045776367,50.04999923706055,61479900.0,49.12638200989186,49.52841414045906,48.802796997759465,49.077354431152344,Yahoo Finance via yfinance
2026-02-03,XLE,Energy,50.2400016784668,51.779998779296875,50.02000045776367,51.66999816894531,83754100.0,49.26366397388428,50.77373358298952,49.047938140913054,50.665870666503906,Yahoo Finance via yfinance
2026-02-04,XLE,Energy,51.81999969482422,52.959999084472656,51.81999969482422,52.83000183105469,78149900.0,50.81295521805031,51.930800418280924,50.81295521805031,51.80332946777344,Yahoo Finance via yfinance
2026-02-05,XLE,Energy,52.2599983215332,52.4900016784668,51.439998626708984,52.209999084472656,54235600.0,51.24440874631936,51.46994235547132,50.44034443550756,51.19538116455078,Yahoo Finance via yfinance
2026-02-06,XLE,Energy,52.5,53.41999816894531,52.36000061035156,53.25,41669600.0,51.479746858838574,52.381866341655716,51.34246813237203,52.215171813964844,Yahoo Finance via yfinance
2026-02-09,XLE,Energy,53.209999084472656,53.720001220703125,52.97999954223633,53.63999938964844,38798500.0,52.17594746631119,52.67603852298314,51.95041759900285,52.597591400146484,Yahoo Finance via yfinance
2026-02-10,XLE,Energy,53.77000045776367,53.790000915527344,53.2400016784668,53.58000183105469,32146000.0,52.725063621334485,52.74467540112001,52.20536454899381,52.53875732421875,Yahoo Finance via yfinance
2026-02-11,XLE,Energy,54.279998779296875,55.11000061035156,54.25,54.97999954223633,57349700.0,53.22514751342209,54.03901948998421,53.19573171590538,53.91154479980469,Yahoo Finance via yfinance
2026-02-12,XLE,Energy,54.939998626708984,55.2400016784668,53.7599983215332,53.97999954223633,67427800.0,53.872319768085646,54.16649269745739,52.71525105028695,52.93097686767578,Yahoo Finance via yfinance
2026-02-13,XLE,Energy,53.939998626708984,54.58000183105469,53.810001373291016,54.349998474121094,48392100.0,52.89175678600172,53.519322501395585,52.764285831502534,53.29378890991211,Yahoo Finance via yfinance
2026-02-17,XLE,Energy,54.560001373291016,54.90999984741211,53.18000030517578,53.75,50499600.0,53.499712215970966,53.842909011612434,52.146529332107626,52.70545196533203,Yahoo Finance via yfinance
2026-02-18,XLE,Energy,54.529998779296875,54.86000061035156,54.220001220703125,54.779998779296875,59196100.0,53.47029338776467,53.793882148446855,53.16632014773973,53.71543502807617,Yahoo Finance via yfinance
2026-02-19,XLE,Energy,55.459999084472656,55.880001068115234,54.93000030517578,55.18000030517578,62513500.0,54.38221963628618,54.794059529888365,53.86252056491068,54.107662200927734,Yahoo Finance via yfinance
2026-02-20,XLE,Energy,55.0,55.290000915527344,54.5099983215332,54.880001068115234,50833500.0,53.93115875667286,54.21552394603441,53.45067951462869,53.81349182128906,Yahoo Finance via yfinance
2026-02-23,XLE,Energy,55.040000915527344,55.93000030517578,54.869998931884766,55.150001525878906,44013500.0,53.970384150640854,54.843087787162986,53.803685890994345,54.0782470703125,Yahoo Finance via yfinance
2026-02-24,XLE,Energy,55.11000061035156,55.220001220703125,54.400001525878906,55.099998474121094,42921700.0,54.03902071143027,54.14688362551526,53.34281939032726,54.029212951660156,Yahoo Finance via yfinance
2026-02-25,XLE,Energy,55.29999923706055,55.369998931884766,54.189998626708984,54.869998931884766,36207500.0,54.22533198463904,54.29397134708089,53.13690246511153,53.803688049316406,Yahoo Finance via yfinance
2026-02-26,XLE,Energy,54.369998931884766,55.66999816894531,54.119998931884766,55.04999923706055,47033500.0,53.3134046936193,54.588140518308826,53.068263045003434,53.98019027709961,Yahoo Finance via yfinance
2026-02-27,XLE,Energy,55.63999938964844,56.150001525878906,54.93000030517578,55.91999816894531,59071500.0,54.55872122411643,55.058812249988705,53.862519884359976,54.83327865600586,Yahoo Finance via yfinance
2026-03-02,XLE,Energy,57.77000045776367,57.880001068115234,56.27000045776367,57.040000915527344,135633300.0,56.647331708371894,56.75519463053448,55.17648184011404,55.9315185546875,Yahoo Finance via yfinance
2026-03-03,XLE,Energy,57.38999938964844,57.720001220703125,56.04999923706055,56.52000045776367,154770800.0,56.27471122887319,56.59829997160023,54.96075196008931,55.4216194152832,Yahoo Finance via yfinance
2026-03-04,XLE,Energy,56.060001373291016,56.43000030517578,55.33000183105469,56.189998626708984,70732700.0,54.97056294486844,55.33337152632516,54.254749801750215,55.0980339050293,Yahoo Finance via yfinance
2026-03-05,XLE,Energy,56.529998779296875,57.060001373291016,56.08000183105469,56.47999954223633,85177800.0,55.431428094045515,55.951130929938785,54.990176121329,55.38240051269531,Yahoo Finance via yfinance
2026-03-06,XLE,Energy,57.150001525878906,57.34000015258789,56.16999816894531,56.56999969482422,68219000.0,56.03938011663114,56.22568641548507,55.07842160099737,55.47064971923828,Yahoo Finance via yfinance
2026-03-09,XLE,Energy,56.84000015258789,57.150001525878906,55.939998626708984,56.31999969482422,88747400.0,55.73540086555564,56.039377831827004,54.85288950577711,55.22550582885742,Yahoo Finance via yfinance
2026-03-10,XLE,Energy,56.060001373291016,56.459999084472656,55.369998931884766,55.599998474121094,88817900.0,54.970560358942365,55.36278472189832,54.293967067397936,54.51949691772461,Yahoo Finance via yfinance
2026-03-11,XLE,Energy,55.630001068115234,57.040000915527344,55.540000915527344,56.97999954223633,48743700.0,54.54891733925537,55.93151600271162,54.460666201563924,55.8726806640625,Yahoo Finance via yfinance
2026-03-12,XLE,Energy,57.130001068115234,58.220001220703125,57.060001373291016,57.5099983215332,69358700.0,56.01976717078908,57.08858484315873,55.95112781261012,56.39237976074219,Yahoo Finance via yfinance
2026-03-13,XLE,Energy,57.5,57.93000030517578,57.099998474121094,57.70000076293945,43374600.0,56.382575520922686,56.804219428411265,55.99034741237744,56.57868957519531,Yahoo Finance via yfinance
2026-03-16,XLE,Energy,57.7599983215332,58.099998474121094,57.27000045776367,57.900001525878906,39474300.0,56.63752451183965,56.970917301587136,56.15704897814059,56.77480697631836,Yahoo Finance via yfinance
2026-03-17,XLE,Energy,58.22999954223633,59.04999923706055,57.97999954223633,58.5099983215332,40137700.0,57.09839025346753,57.90245453220476,56.853248613838744,57.372947692871094,Yahoo Finance via yfinance
2026-03-18,XLE,Energy,58.7400016784668,58.970001220703125,58.43000030517578,58.43000030517578,42908000.0,57.59847922714096,57.82400907864261,57.29450225830078,57.29450225830078,Yahoo Finance via yfinance
2026-03-19,XLE,Energy,58.869998931884766,59.720001220703125,58.52000045776367,59.36000061035156,69231400.0,57.72594929294433,58.55943306929004,57.382752511284814,58.20642852783203,Yahoo Finance via yfinance
2026-03-20,XLE,Energy,59.560001373291016,60.31999969482422,59.279998779296875,59.310001373291016,73003400.0,58.40254367022138,59.147772584580366,58.12798249919273,58.15740203857422,Yahoo Finance via yfinance
2026-03-23,XLE,Energy,57.88999938964844,59.84000015258789,57.65999984741211,59.630001068115234,71027200.0,57.13587920156371,59.06047773687114,56.908875812374184,58.853214263916016,Yahoo Finance via yfinance
2026-03-24,XLE,Energy,59.79999923706055,61.470001220703125,59.77000045776367,60.84000015258789,51207500.0,59.02100171357336,60.66924905798393,58.991393719812905,60.047454833984375,Yahoo Finance via yfinance
2026-03-25,XLE,Energy,60.31999969482422,61.0,60.2599983215332,60.56999969482422,42680700.0,59.53422820603184,60.205370340536525,59.47500845357403,59.78097152709961,Yahoo Finance via yfinance
2026-03-26,XLE,Energy,60.66999816894531,61.86000061035156,60.59000015258789,61.52000045776367,54967600.0,59.8796678544029,61.0541684821911,59.800711948797726,60.718597412109375,Yahoo Finance via yfinance
2026-03-27,XLE,Energy,61.529998779296875,62.790000915527344,61.2599983215332,62.560001373291016,59553200.0,60.728463504585015,61.972051921029404,60.46198027248979,61.74504852294922,Yahoo Finance via yfinance
2026-03-30,XLE,Energy,63.130001068115234,63.459999084472656,61.779998779296875,61.959999084472656,49750100.0,62.30762322579336,62.633322445191,60.97520706006424,61.152862548828125,Yahoo Finance via yfinance
2026-03-31,XLE,Energy,62.040000915527344,62.83000183105469,60.040000915527344,61.2599983215332,94766900.0,61.231824461580366,62.01153427251223,59.257877860742866,60.46198272705078,Yahoo Finance via yfinance
2026-04-01,XLE,Energy,59.720001220703125,60.619998931884766,58.36000061035156,58.970001220703125,96652900.0,58.94204266875491,59.8303163192896,57.59975846972035,58.201812744140625,Yahoo Finance via yfinance
2026-04-02,XLE,Energy,60.529998779296875,61.0099983215332,58.97999954223633,59.25,60400500.0,59.741493116740045,60.21523985268675,58.211685242640485,58.47816848754883,Yahoo Finance via yfinance
2026-04-06,XLE,Energy,59.11000061035156,59.689998626708984,58.88999938964844,59.68000030517578,25474200.0,58.33999431850517,58.912436893867124,58.12285898043453,58.90256881713867,Yahoo Finance via yfinance
2026-04-07,XLE,Energy,59.810001373291016,60.77000045776367,59.790000915527344,60.15999984741211,38811700.0,59.030873114549564,59.97836655786013,59.01113319718839,59.376312255859375,Yahoo Finance via yfinance
2026-04-08,XLE,Energy,56.68000030517578,58.189998626708984,56.18000030517578,58.04999923706055,88023600.0,55.9416442379443,57.431972192219035,55.44815761182624,57.29379653930664,Yahoo Finance via yfinance
2026-04-09,XLE,Energy,58.20000076293945,59.02000045776367,57.11000061035156,57.33000183105469,55088500.0,57.441845166056495,58.251162947651785,56.36604414930115,56.58317947387695,Yahoo Finance via yfinance
2026-04-10,XLE,Energy,57.16999816894531,57.47999954223633,56.400001525878906,56.939998626708984,42561700.0,56.425260849851895,56.731223923351855,55.66529473423056,56.19825744628906,Yahoo Finance via yfinance
2026-04-13,XLE,Energy,57.619998931884766,57.720001220703125,56.650001525878906,57.11000061035156,43100900.0,56.869397793334116,56.968097377653415,55.91203629796408,56.36604309082031,Yahoo Finance via yfinance
2026-04-14,XLE,Energy,56.5,56.5,55.40999984741211,55.95000076293945,58830100.0,55.7639916378019,55.7639916378019,54.68819058657864,55.22115707397461,Yahoo Finance via yfinance
2026-04-15,XLE,Energy,55.599998474121094,56.209999084472656,55.27000045776367,55.7599983215332,39551500.0,54.87571098759063,55.47776527022675,54.55001177411786,55.033626556396484,Yahoo Finance via yfinance
2026-04-16,XLE,Energy,55.84000015258789,56.880001068115234,55.77000045776367,56.58000183105469,31282600.0,55.11258704384555,56.13904013886803,55.043499216777136,55.84294891357422,Yahoo Finance via yfinance
2026-04-17,XLE,Energy,54.40999984741211,55.15999984741211,53.40999984741211,55.02000045776367,90913300.0,53.701214150312886,54.44144408462064,52.714240904569216,54.30326843261719,Yahoo Finance via yfinance
2026-04-20,XLE,Energy,55.099998474121094,55.720001220703125,54.79999923706055,55.06999969482422,35150000.0,54.38222334847948,54.994149460548805,54.08613213312559,54.35261535644531,Yahoo Finance via yfinance
2026-04-21,XLE,Energy,55.31999969482422,55.959999084472656,54.91999816894531,55.869998931884766,41299800.0,54.59936209880211,55.23102440196906,54.204571276820616,55.14219665527344,Yahoo Finance via yfinance
2026-04-22,XLE,Energy,56.36000061035156,56.779998779296875,56.130001068115234,56.540000915527344,40565500.0,55.62581511851776,56.040342092308755,55.398811714060166,55.803470611572266,Yahoo Finance via yfinance
2026-04-23,XLE,Energy,56.88999938964844,57.189998626708984,56.470001220703125,56.97999954223633,34707200.0,56.14890800453521,56.44499922871983,55.73438104367757,56.237735748291016,Yahoo Finance via yfinance
2026-04-24,XLE,Energy,56.77000045776367,56.91999816894531,56.16999816894531,56.869998931884766,36426700.0,56.03047364196408,56.17851737518495,55.438287414067766,56.12916946411133,Yahoo Finance via yfinance
2026-04-27,XLE,Energy,57.099998474121094,57.68000030517578,56.630001068115234,56.77000045776367,33070600.0,56.35617485302192,56.92862118366071,55.892299954577965,56.03047561645508,Yahoo Finance via yfinance
2026-04-28,XLE,Energy,57.720001220703125,58.04999923706055,57.380001068115234,57.709999084472656,39151300.0,56.968097091128506,57.29379630523362,56.632526036139026,56.95822525024414,Yahoo Finance via yfinance
2026-04-29,XLE,Energy,58.279998779296875,59.11000061035156,58.060001373291016,59.029998779296875,40616700.0,57.52080213698464,58.33999177489506,57.30367057338536,58.26103210449219,Yahoo Finance via yfinance
2026-04-30,XLE,Energy,58.20000076293945,59.84000015258789,57.939998626708984,59.650001525878906,35896800.0,57.44184709201074,59.060482709472176,57.18523192436186,58.87295913696289,Yahoo Finance via yfinance
2026-05-01,XLE,Energy,59.060001373291016,59.599998474121094,58.2599983215332,58.849998474121094,35828400.0,58.290641266509,58.82360395796731,57.501059657673885,58.0833740234375,Yahoo Finance via yfinance
2026-05-04,XLE,Energy,58.72999954223633,59.630001068115234,58.220001220703125,59.38999938964844,36883000.0,57.96494221597742,58.853219703606975,57.46158748299028,58.6163444519043,Yahoo Finance via yfinance
2026-05-05,XLE,Energy,59.22999954223633,59.7599983215332,58.88999938964844,59.45000076293945,27041400.0,58.458424679488935,58.98151929301588,58.122853626564975,58.675559997558594,Yahoo Finance via yfinance
2026-05-06,XLE,Energy,57.290000915527344,57.88999938964844,56.65999984741211,57.0,57907500.0,56.5436999606614,57.13588242104539,55.92190574175523,56.257476806640625,Yahoo Finance via yfinance
2026-05-07,XLE,Energy,55.869998931884766,56.150001525878906,55.130001068115234,55.95000076293945,52909900.0,55.1421974025066,55.41855248764027,54.41183926644934,55.22115707397461,Yahoo Finance via yfinance
2026-05-08,XLE,Energy,55.849998474121094,56.22999954223633,55.459999084472656,55.70000076293945,30573500.0,55.122454739866455,55.497505630655446,54.737535773137516,54.97441101074219,Yahoo Finance via yfinance
2026-05-11,XLE,Energy,56.2599983215332,57.220001220703125,56.2400016784668,57.16999816894531,31943300.0,55.527116887671646,56.474614128785305,55.507380734631546,56.425262451171875,Yahoo Finance via yfinance
2026-05-12,XLE,Energy,57.72999954223633,57.84000015258789,57.13999938964844,57.56999969482422,36814500.0,56.97796485413398,57.08653251324091,56.39565049029111,56.82004928588867,Yahoo Finance via yfinance
2026-05-13,XLE,Energy,57.470001220703125,57.709999084472656,56.959999084472656,57.630001068115234,22707200.0,56.72135307907662,56.958224547319986,56.2179946203023,56.879268646240234,Yahoo Finance via yfinance
2026-05-14,XLE,Energy,57.650001525878906,58.18000030517578,57.5099983215332,58.06999969482422,23487000.0,56.89901441777002,57.42210908188857,56.76083498790437,57.313541412353516,Yahoo Finance via yfinance
2026-05-15,XLE,Energy,58.70000076293945,59.470001220703125,58.47999954223633,59.439998626708984,33565500.0,57.935333244884525,58.695303134823895,57.71819791490061,58.66569137573242,Yahoo Finance via yfinance
2026-05-18,XLE,Energy,59.130001068115234,60.70000076293945,58.720001220703125,60.58000183105469,41516600.0,58.35972821078961,59.90927588245997,57.95506933662737,59.79084014892578,Yahoo Finance via yfinance
2026-05-19,XLE,Energy,60.810001373291016,61.4900016784668,60.29999923706055,61.290000915527344,31111000.0,60.01784947593035,60.68899164067222,59.514490969871716,60.49159622192383,Yahoo Finance via yfinance
2026-05-20,XLE,Energy,60.810001373291016,61.70000076293945,59.68000030517578,59.79999923706055,61776800.0,60.01784500460985,60.89625059934445,58.90256417202346,59.020999908447266,Yahoo Finance via yfinance
2026-05-21,XLE,Energy,60.47999954223633,60.59000015258789,58.720001220703125,59.130001068115234,45851100.0,59.69214215839299,59.80070981911246,57.95507088189397,58.3597297668457,Yahoo Finance via yfinance
2026-05-22,XLE,Energy,58.9900016784668,59.61000061035156,58.83000183105469,59.4900016784668,42428900.0,58.22155547400184,58.83347785371805,58.063639899720094,58.71504211425781,Yahoo Finance via yfinance
2026-05-26,XLE,Energy,58.869998931884766,59.56999969482422,57.84000015258789,57.849998474121094,38819900.0,58.10311438506931,58.793996415588225,57.08653313866547,57.09640121459961,Yahoo Finance via yfinance
2026-05-27,XLE,Energy,57.0099983215332,57.5,56.47999954223633,56.9900016784668,48329800.0,56.26734433696543,56.75096289475739,55.744249709867276,56.24760818481445,Yahoo Finance via yfinance
2026-05-28,XLE,Energy,57.54999923706055,57.68000030517578,56.68000030517578,56.95000076293945,46554100.0,56.80031235359544,56.9286199361,55.94164664145888,56.2081298828125,Yahoo Finance via yfinance
2026-05-29,XLE,Energy,56.68000030517578,56.790000915527344,55.9900016784668,56.290000915527344,32389600.0,55.94164735042465,56.05021501661177,55.26063712389318,55.55672836303711,Yahoo Finance via yfinance
2026-06-01,XLE,Energy,57.029998779296875,57.810001373291016,56.849998474121094,57.29999923706055,55879400.0,56.28708654874865,57.05692828916851,56.10943105211363,56.55356979370117,Yahoo Finance via yfinance
2026-06-02,XLE,Energy,57.189998626708984,58.16999816894531,57.08000183105469,57.959999084472656,23842600.0,56.445001424009554,57.412234801966385,56.336437524089405,57.20497131347656,Yahoo Finance via yfinance
2026-06-03,XLE,Energy,58.2400016784668,59.380001068115234,58.0099983215332,58.709999084472656,46312800.0,57.48132319614634,58.60647208816671,57.25431603757706,57.94519805908203,Yahoo Finance via yfinance
2026-06-04,XLE,Energy,58.5,59.029998779296875,58.16999816894531,58.75,23916300.0,57.73793685588431,58.261031489264454,57.41223386641829,57.98468017578125,Yahoo Finance via yfinance
2026-06-05,XLE,Energy,58.66999816894531,58.779998779296875,57.630001068115234,57.66999816894531,28213000.0,57.905720223002795,58.01428788562714,56.87927087865499,56.91874694824219,Yahoo Finance via yfinance
2026-06-08,XLE,Energy,58.08000183105469,58.959999084472656,57.970001220703125,58.33000183105469,25717800.0,57.323408966773165,58.19194272808485,57.21484130535815,57.570152282714844,Yahoo Finance via yfinance
2026-06-09,XLE,Energy,58.08000183105469,58.209999084472656,56.810001373291016,57.38999938964844,46026300.0,57.32340898130563,57.4517127948248,56.06995248420362,56.64239501953125,Yahoo Finance via yfinance
2026-06-10,XLE,Energy,57.939998626708984,59.040000915527344,57.779998779296875,58.25,36515300.0,57.185232595233806,58.27090550224645,57.02731701521435,57.49119567871094,Yahoo Finance via yfinance
2026-06-11,XLE,Energy,58.779998779296875,58.9900016784668,57.060001373291016,57.119998931884766,40863500.0,58.01429110372825,58.221558364328494,56.31669953717607,56.37591552734375,Yahoo Finance via yfinance
2026-06-12,XLE,Energy,56.790000915527344,58.150001525878906,56.630001068115234,57.54999923706055,31964700.0,56.05021399902275,57.39249827477744,55.892298423345984,56.80031204223633,Yahoo Finance via yfinance
2026-06-15,XLE,Energy,55.20000076293945,56.04999923706055,55.02000045776367,55.54999923706055,44319100.0,54.480927273277935,55.31985307782393,54.30327177690277,54.82636642456055,Yahoo Finance via yfinance
2026-06-16,XLE,Energy,55.0,55.47999954223633,54.95000076293945,55.36000061035156,42008400.0,54.28352874928371,54.75727545747696,54.234180839785196,54.63883972167969,Yahoo Finance via yfinance
2026-06-17,XLE,Energy,55.2599983215332,55.36000061035156,54.540000915527344,54.66999816894531,38553000.0,54.54013906365661,54.63883864571418,53.82952089786254,53.95782470703125,Yahoo Finance via yfinance
2026-06-18,XLE,Energy,54.13999938964844,54.25,53.25,53.77000045776367,39645700.0,53.43473243228852,53.54330009478923,52.55632682115257,53.06955337524414,Yahoo Finance via yfinance
2026-06-22,XLE,Energy,53.529998779296875,54.130001068115234,53.16999816894531,54.060001373291016,30765600.0,53.21369539177517,53.8101523273187,52.85582198888038,53.74056625366211,Yahoo Finance via yfinance
2026-06-23,XLE,Energy,54.13999938964844,54.560001373291016,53.869998931884766,54.459999084472656,38690400.0,53.82009001298007,54.23761023499905,53.55168496857283,54.13819885253906,Yahoo Finance via yfinance
2026-06-24,XLE,Energy,53.5,53.77000045776367,52.939998626708984,53.56999969482422,43034600.0,53.18387385678358,53.4522789088766,52.62718147553619,53.25345993041992,Yahoo Finance via yfinance
2026-06-25,XLE,Energy,53.20000076293945,54.31999969482422,53.0,54.09000015258789,28221700.0,52.885645302980485,53.99902623158824,52.6868263319757,53.7703857421875,Yahoo Finance via yfinance
2026-06-26,XLE,Energy,54.0,54.150001525878906,53.68000030517578,53.84000015258789,19025200.0,53.68092027162288,53.830035455906724,53.362811417830244,53.52186584472656,Yahoo Finance via yfinance
2026-06-29,XLE,Energy,53.97999954223633,54.279998779296875,53.470001220703125,53.58000183105469,25142300.0,53.66103518181623,53.959261742596915,53.154050407704716,53.26340103149414,Yahoo Finance via yfinance
2026-06-30,XLE,Energy,53.619998931884766,54.119998931884766,53.08000183105469,53.11000061035156,28284000.0,53.30316168347957,53.800207214487436,52.766355392029986,52.79617691040039,Yahoo Finance via yfinance
2026-07-01,XLE,Energy,53.04999923706055,53.439998626708984,52.619998931884766,52.810001373291016,33662700.0,52.73653124410412,53.124226160092135,52.309071774641296,52.49795150756836,Yahoo Finance via yfinance
2026-07-02,XLE,Energy,53.2400016784668,53.650001525878906,52.90999984741211,53.220001220703125,28525600.0,52.925411299075186,53.332988494280656,52.59735941914669,52.9055290222168,Yahoo Finance via yfinance
2026-07-06,XLE,Energy,53.060001373291016,53.54999923706055,53.0,53.130001068115234,24735300.0,52.74647304167794,53.233575537774165,52.68682621286441,52.81605911254883,Yahoo Finance via yfinance
2026-07-07,XLE,Energy,53.61000061035156,54.81999969482422,53.599998474121094,54.63999938964844,41833600.0,53.29322227989473,54.496071551170786,53.28327924569709,54.317134857177734,Yahoo Finance via yfinance
2026-07-08,XLE,Energy,55.459999084472656,56.040000915527344,54.869998931884766,55.599998474121094,39741400.0,55.13228934499102,55.708863980732126,54.545775467186594,55.271461486816406,Yahoo Finance via yfinance
2026-07-09,XLE,Energy,55.279998779296875,55.47999954223633,54.72999954223633,54.81999969482422,21770700.0,54.9533556797625,55.15217466139663,54.406606324386146,54.49607467651367,Yahoo Finance via yfinance
2026-07-10,XLE,Energy,55.08000183105469,55.2400016784668,54.36000061035156,55.08000183105469,22974700.0,54.754539489746094,54.91359391371564,54.038792685804864,54.754539489746094,Yahoo Finance via yfinance
2026-07-13,XLE,Energy,55.86000061035156,56.970001220703125,55.86000061035156,56.7400016784668,41200900.0,55.529930504121374,56.633372252758456,55.529930504121374,56.40473175048828,Yahoo Finance via yfinance
2026-07-14,XLE,Energy,57.0,57.220001220703125,56.290000915527344,56.95000076293945,32579000.0,56.66319103876382,56.881892287842106,55.95738728857397,56.613487243652344,Yahoo Finance via yfinance
2026-07-15,XLE,Energy,56.939998626708984,57.040000915527344,55.7599983215332,56.5,33184200.0,56.603544029316026,56.70295541137931,55.43051626606467,56.16614532470703,Yahoo Finance via yfinance
2026-07-16,XLE,Energy,56.65999984741211,57.29999923706055,56.599998474121094,57.02000045776367,27477000.0,56.32520154859026,56.961419245554644,56.26555471744112,56.683074951171875,Yahoo Finance via yfinance
2026-07-17,XLE,Energy,57.95000076293945,58.119998931884766,57.279998779296875,57.68000030517578,31397800.0,57.60758123577906,57.77657490615902,56.94153821260956,57.339176177978516,Yahoo Finance via yfinance
2026-07-20,XLE,Energy,57.560001373291016,58.38999938964844,57.40999984741211,57.939998626708984,27329300.0,57.2198852875043,58.044978931558056,57.07077010510397,57.59763717651367,Yahoo Finance via yfinance
2026-07-21,XLE,Energy,58.15999984741211,58.529998779296875,57.83000183105469,58.5,20315700.0,57.81633627826834,58.18414891108425,57.48828819823157,58.154327392578125,Yahoo Finance via yfinance
2026-07-22,XLE,Energy,59.27000045776367,59.52000045776367,58.900001525878906,59.20000076293945,29548600.0,58.919779096298434,59.168301867688854,58.551966456444454,58.85019302368164,Yahoo Finance via yfinance
2026-07-23,XLE,Energy,60.2400016784668,60.380001068115234,59.27000045776367,59.380001068115234,35838600.0,59.88404795859523,60.02322010219226,58.91977840344936,59.02912902832031,Yahoo Finance via yfinance
2026-07-24,XLE,Energy,59.400001525878906,60.45000076293945,59.400001525878906,59.619998931884766,34181900.0,59.04901417120291,60.09280909100487,59.04901417120291,59.2677116394043,Yahoo Finance via yfinance
2026-07-27,XLE,Energy,58.40999984741211,59.279998779296875,58.22999954223633,58.36000061035156,33819500.0,58.06485958759657,58.92971776176563,57.88592289057449,58.01515579223633,Yahoo Finance via yfinance
2026-07-28,XLE,Energy,58.40999984741211,58.790000915527344,57.25,57.56999969482422,27800800.0,58.06486073809172,58.44261641619612,56.911715218965746,57.22982406616211,Yahoo Finance via yfinance
2026-07-29,XLE,Energy,59.08000183105469,59.29999923706055,58.41999816894531,58.650001525878906,34166800.0,58.73090338049507,58.949600841491055,58.07479962103744,58.303443908691406,Yahoo Finance via yfinance
2026-07-30,XLE,Energy,58.08000183105469,59.11000061035156,58.02000045776367,58.959999084472656,23045700.0,57.73681297395466,58.76072559463003,57.67716614271039,58.611610412597656,Yahoo Finance via yfinance
2026-07-31,XLE,Energy,58.93000030517578,59.689998626708984,58.31999969482422,59.54999923706055,23556500.0,58.58178851496491,59.3372960783999,57.97539234044332,59.198123931884766,Yahoo Finance via yfinance
2026-08-03,XLE,Energy,58.689998626708984,59.33000183105469,58.15999984741211,58.790000915527344,26038400.0,58.343204125729564,58.97942560240327,57.81633706676813,58.4426155090332,Yahoo Finance via yfinance
2026-08-04,XLE,Energy,57.70000076293945,58.720001220703125,57.130001068115234,58.52000045776367,37661500.0,57.359055224576736,58.373028566212085,56.7924236207447,58.17420959472656,Yahoo Finance via yfinance
2026-08-05,XLE,Energy,58.77000045776367,58.97999954223633,57.209999084472656,57.310001373291016,33213500.0,58.42273518290768,58.63149340658025,56.871951681004305,56.97136306762695,Yahoo Finance via yfinance
2026-08-06,XLE,Energy,58.38999938964844,58.560001373291016,57.58000183105469,58.15999984741211,25084300.0,58.04497808086398,58.213975537918,57.2397667257417,57.81633758544922,Yahoo Finance via yfinance
2026-08-07,XLE,Energy,57.529998779296875,58.04999923706055,57.11000061035156,57.5,21092700.0,57.190057877165714,57.70698568712004,56.77254144921596,57.16023635864258,Yahoo Finance via yfinance
2026-08-10,XLE,Energy,58.189998626708984,60.209999084472656,58.099998474121094,60.18000030517578,33677800.0,57.846158925891764,59.85422337455697,57.75669057647056,59.82440185546875,Yahoo Finance via yfinance
2026-08-11,XLE,Energy,59.9900016784668,61.08000183105469,59.9900016784668,60.93000030517578,22400800.0,59.6355249369499,60.719084354556436,59.6355249369499,60.569969177246094,Yahoo Finance via yfinance
2026-08-12,XLE,Energy,60.470001220703125,61.16999816894531,60.34000015258789,61.029998779296875,22584200.0,60.11268780488204,60.80854851539326,59.9834549048629,60.669376373291016,Yahoo Finance via yfinance
2026-08-13,XLE,Energy,60.52000045776367,61.130001068115234,60.22999954223633,61.060001373291016,20703600.0,60.162393390984306,60.76878956433403,59.87410606395632,60.69920349121094,Yahoo Finance via yfinance
2026-08-14,XLE,Energy,61.369998931884766,62.11000061035156,61.25,61.90999984741211,22777700.0,61.0073679209672,61.74299698151948,60.888078054338024,61.5441780090332,Yahoo Finance via yfinance
2026-08-17,XLE,Energy,62.220001220703125,62.689998626708984,61.790000915527344,62.58000183105469,23550300.0,61.85235074142594,62.31957098947315,61.42489125616635,62.21022415161133,Yahoo Finance via yfinance
2026-08-18,XLE,Energy,63.40999984741211,63.709999084472656,63.119998931884766,63.68000030517578,27280500.0,63.035317326012915,63.33354390149279,62.74702999311448,63.3037223815918,Yahoo Finance via yfinance
2026-08-19,XLE,Energy,63.849998474121094,64.25,63.400001525878906,63.58000183105469,25537800.0,63.472716450660926,63.87035441524496,63.02537848069972,63.204315185546875,Yahoo Finance via yfinance
2026-08-20,XLE,Energy,64.25,64.69999694824219,63.689998626708984,63.75,24304100.0,63.87035181382123,64.31768976556246,63.31365944450886,63.37330627441406,Yahoo Finance via yfinance
2026-08-21,XLE,Energy,63.90999984741211,64.30000305175781,63.349998474121094,63.63999938964844,27791900.0,63.53236303351165,63.92006175392915,62.975670643711396,63.26395797729492,Yahoo Finance via yfinance
2026-08-24,XLE,Energy,63.2400016784668,63.720001220703125,62.560001373291016,63.11000061035156,23007900.0,62.8663239715985,63.34348725318523,62.190341707978114,62.737091064453125,Yahoo Finance via yfinance
2026-08-25,XLE,Energy,62.20000076293945,62.790000915527344,62.040000915527344,62.060001373291016,27426400.0,61.83246667125989,62.41898056713536,61.67341224825077,61.693294525146484,Yahoo Finance via yfinance
2026-08-26,XLE,Energy,61.43000030517578,63.02000045776367,61.310001373291016,62.43000030517578,24394100.0,61.06701653615278,62.647621535798024,60.94772666603519,62.06110763549805,Yahoo Finance via yfinance
2026-08-27,XLE,Energy,62.22999954223633,62.720001220703125,61.54999923706055,62.290000915527344,29599300.0,61.86228920349243,62.34939551502206,61.186306946595636,61.92193603515625,Yahoo Finance via yfinance
2026-08-28,XLE,Energy,62.349998474121094,62.7400016784668,62.119998931884766,62.68000030517578,20624500.0,61.98157945970227,62.36927817969061,61.752938958472214,62.30963134765625,Yahoo Finance via yfinance
2026-08-31,XLE,Energy,63.79999923706055,64.44000244140625,63.13999938964844,63.959999084472656,27148800.0,63.42301115862108,64.0592326453949,62.766911187027496,63.58206558227539,Yahoo Finance via yfinance
2026-09-01,XLE,Energy,64.87000274658203,64.94999694824219,64.05000305175781,64.7699966430664,33275900.0,64.48669087091353,64.56621239296551,63.67153649145486,64.38727569580078,Yahoo Finance via yfinance
2026-09-02,XLE,Energy,64.2699966430664,65.3499984741211,64.25,65.0999984741211,27393300.0,63.89023456055494,64.96385481753308,63.870356074750255,64.71533203125,Yahoo Finance via yfinance
2026-09-03,XLE,Energy,65.12000274658203,65.5199966430664,64.58000183105469,64.62000274658203,24070700.0,64.7352123373916,65.13284269258897,64.19840225669972,64.23816680908203,Yahoo Finance via yfinance
2026-09-04,XLE,Energy,64.04000091552734,64.33000183105469,63.380001068115234,64.05999755859375,26281800.0,63.66159429362436,63.94988161975094,63.005494326117706,63.68147277832031,Yahoo Finance via yfinance
2026-09-08,XLE,Energy,64.83000183105469,65.23999786376953,64.30999755859375,64.7699966430664,28088200.0,64.44692631773104,64.85449971530387,63.92999471067157,64.38727569580078,Yahoo Finance via yfinance
2026-09-09,XLE,Energy,65.55999755859375,65.91999816894531,65.01000213623047,65.30999755859375,25392400.0,65.17261030021943,65.53048370412421,64.62586474403555,64.92408752441406,Yahoo Finance via yfinance
2026-09-10,XLE,Energy,66.13999938964844,66.16999816894531,64.33999633789062,64.93000030517578,37212600.0,65.74918259448685,65.77900411302032,63.95981563934925,64.54633331298828,Yahoo Finance via yfinance
2026-09-11,XLE,Energy,64.88999938964844,65.7300033569336,64.70999908447266,65.13999938964844,30546300.0,64.50657364984572,65.34161415364463,64.32763694076834,64.75509643554688,Yahoo Finance via yfinance
2026-09-14,XLE,Energy,65.95999908447266,66.05000305175781,64.18000030517578,64.52999877929688,47236500.0,65.57024746315312,65.65971960520085,63.80076653436879,64.14869689941406,Yahoo Finance via yfinance
2026-09-15,XLE,Energy,64.87999725341797,66.12000274658203,64.80999755859375,65.93000030517578,34571900.0,64.4966294468528,65.7293079023139,64.42704337148913,65.5404281616211,Yahoo Finance via yfinance
2026-09-16,XLE,Energy,65.22000122070312,65.22000122070312,63.68000030517578,64.02999877929688,48608400.0,64.834624151242,64.834624151242,63.30372291416736,63.65165328979492,Yahoo Finance via yfinance
2026-09-17,XLE,Energy,63.5,64.5199966430664,63.459999084472656,64.4800033569336,35534300.0,63.12478638465517,64.13875599420842,63.08502182957085,64.0989990234375,Yahoo Finance via yfinance
2026-09-18,XLE,Energy,64.19999694824219,64.75,64.0999984741211,64.30999755859375,29418800.0,63.820645862260584,64.36739900335024,63.72123826869334,63.929996490478516,Yahoo Finance via yfinance
2026-09-21,XLE,Energy,63.16999816894531,63.70000076293945,62.369998931884766,62.459999084472656,36482200.0,63.16999816894531,63.70000076293945,62.369998931884766,62.459999084472656,Yahoo Finance via yfinance
2025-11-24,XLF,Financials,51.7400016784668,51.970001220703125,51.33000183105469,51.88999938964844,43789100.0,50.936784451823044,51.16321345698068,50.53314948515464,51.08445358276367,Yahoo Finance via yfinance
2025-11-25,XLF,Financials,52.11000061035156,52.65999984741211,51.90999984741211,52.540000915527344,50989800.0,51.301040292459525,51.84250129209075,51.104144359281555,51.724365234375,Yahoo Finance via yfinance
2025-11-26,XLF,Financials,52.66999816894531,53.150001525878906,52.599998474121094,52.95000076293945,35268500.0,51.85234634774686,52.324898107326696,51.78343333186599,52.12800216674805,Yahoo Finance via yfinance
2025-11-28,XLF,Financials,53.099998474121094,53.54999923706055,53.029998779296875,53.33000183105469,16136100.0,52.27566913486984,52.71868404390654,52.206756121850525,52.50210189819336,Yahoo Finance via yfinance
2025-12-01,XLF,Financials,53.06999969482422,53.400001525878906,52.84000015258789,52.88999938964844,29296300.0,52.24613372057445,52.57101255781701,52.01970472286481,52.06892776489258,Yahoo Finance via yfinance
2025-12-02,XLF,Financials,52.9900016784668,53.13999938964844,52.63999938964844,52.84000015258789,29771500.0,52.16737578779521,52.31504490873622,51.82280699464502,52.01970291137695,Yahoo Finance via yfinance
2025-12-03,XLF,Financials,52.939998626708984,53.599998474121094,52.880001068115234,53.54999923706055,32018000.0,52.118154233681686,52.76790819541066,52.05908808155573,52.718685150146484,Yahoo Finance via yfinance
2025-12-04,XLF,Financials,53.59000015258789,53.90999984741211,53.470001220703125,53.65999984741211,33678700.0,52.758063763388606,53.07309575173962,52.63992770662636,52.82697677612305,Yahoo Finance via yfinance
2025-12-05,XLF,Financials,53.540000915527344,53.93000030517578,53.45000076293945,53.68000030517578,28532300.0,52.70883460453418,53.09277956107764,52.62023163337207,52.84666061401367,Yahoo Finance via yfinance
2025-12-08,XLF,Financials,53.70000076293945,53.709999084472656,53.279998779296875,53.47999954223633,31164200.0,52.86635472147993,52.87619782772358,52.452872905176164,52.6497688293457,Yahoo Finance via yfinance
2025-12-09,XLF,Financials,53.5,53.95000076293945,53.25,53.279998779296875,46335400.0,52.669459123455866,53.11247401671125,52.42334015558925,52.45287322998047,Yahoo Finance via yfinance
2025-12-10,XLF,Financials,53.279998779296875,54.08000183105469,53.209999084472656,53.88999938964844,45437500.0,52.452871089061844,53.240454758470904,52.38395808131014,53.053401947021484,Yahoo Finance via yfinance
2025-12-11,XLF,Financials,53.959999084472656,54.97999954223633,53.93000030517578,54.869998931884766,51786500.0,53.12231936070719,54.12648524255913,53.09278628507193,54.018192291259766,Yahoo Finance via yfinance
2025-12-12,XLF,Financials,55.15999984741211,55.209999084472656,54.709999084472656,54.95000076293945,64428900.0,54.30368190660457,54.3529049427253,53.860667070564105,54.09694290161133,Yahoo Finance via yfinance
2025-12-15,XLF,Financials,55.18000030517578,55.310001373291016,54.81999969482422,54.9900016784668,35356800.0,54.32337871388629,54.45136162830051,53.96896680041764,54.136329650878906,Yahoo Finance via yfinance
2025-12-16,XLF,Financials,55.040000915527344,55.15999984741211,54.47999954223633,54.63999938964844,37342300.0,54.185551330579706,54.303687380272656,53.634243506217096,53.7917594909668,Yahoo Finance via yfinance
2025-12-17,XLF,Financials,54.79999923706055,55.06999969482422,54.58000183105469,54.630001068115234,41112400.0,53.94927283992281,54.21508175535333,53.73269071864682,53.78191375732422,Yahoo Finance via yfinance
2025-12-18,XLF,Financials,54.77000045776367,55.02000045776367,54.36000061035156,54.540000915527344,35021600.0,53.91974259279371,54.16586155455259,53.51610764572823,53.69331359863281,Yahoo Finance via yfinance
2025-12-19,XLF,Financials,54.560001373291016,55.02000045776367,54.560001373291016,54.84000015258789,46595300.0,53.712999262305054,54.16585721434016,53.712999262305054,53.988651275634766,Yahoo Finance via yfinance
2025-12-22,XLF,Financials,54.75,55.439998626708984,54.7400016784668,55.31999969482422,37987800.0,54.08843431294006,54.77009541607737,54.078556805040726,54.651546478271484,Yahoo Finance via yfinance
2025-12-23,XLF,Financials,55.310001373291016,55.560001373291016,55.310001373291016,55.43000030517578,24732900.0,54.64167063256249,54.88864979218943,54.64167063256249,54.76021957397461,Yahoo Finance via yfinance
2025-12-24,XLF,Financials,55.5099983215332,55.88999938964844,55.40999984741211,55.72999954223633,15685800.0,54.83924817847691,55.21465753737746,54.74045802705173,55.05659103393555,Yahoo Finance via yfinance
2025-12-26,XLF,Financials,55.709999084472656,55.79999923706055,55.439998626708984,55.619998931884766,20410100.0,55.036834400127105,55.125747047324516,54.770096458534866,54.94792175292969,Yahoo Finance via yfinance
2025-12-29,XLF,Financials,55.59000015258789,55.68000030517578,55.2599983215332,55.31999969482422,34223800.0,54.91828441478681,55.00719706029192,54.59227012506715,54.651546478271484,Yahoo Finance via yfinance
2025-12-30,XLF,Financials,55.400001525878906,55.400001525878906,55.13999938964844,55.18000030517578,16160900.0,54.73058368222786,54.73058368222786,54.473723243914115,54.513240814208984,Yahoo Finance via yfinance
2025-12-31,XLF,Financials,55.220001220703125,55.2599983215332,54.75,54.77000045776367,22996200.0,54.55275566600397,54.592269465726844,54.088433659684846,54.108192443847656,Yahoo Finance via yfinance
2026-01-02,XLF,Financials,54.83000183105469,55.0,54.34000015258789,54.93000030517578,36087100.0,54.167468088825146,54.33541209911129,53.68338730466606,54.266258239746094,Yahoo Finance via yfinance
2026-01-05,XLF,Financials,54.81999969482422,56.5099983215332,54.81999969482422,56.130001068115234,58044100.0,54.15759097243102,55.82716877029293,54.15759097243102,55.45176315307617,Yahoo Finance via yfinance
2026-01-06,XLF,Financials,56.040000915527344,56.52000045776367,55.9900016784668,56.400001525878906,38950800.0,55.362847647923985,55.83704716779837,55.31345257121676,55.71849822998047,Yahoo Finance via yfinance
2026-01-07,XLF,Financials,56.22999954223633,56.34000015258789,55.540000915527344,55.61000061035156,44720900.0,55.55055276941356,55.659224203874665,54.868891637706994,54.938045501708984,Yahoo Finance via yfinance
2026-01-08,XLF,Financials,55.45000076293945,56.25,55.40999984741211,55.900001525878906,35358300.0,54.77997747656132,55.570310020916004,54.74045990719288,55.22454071044922,Yahoo Finance via yfinance
2026-01-09,XLF,Financials,55.97999954223633,56.15999984741211,55.720001220703125,55.72999954223633,29544900.0,55.30357018110121,55.48139546854869,55.046713526234115,55.05659103393555,Yahoo Finance via yfinance
2026-01-12,XLF,Financials,55.029998779296875,55.36000061035156,54.84000015258789,55.290000915527344,42021600.0,54.36504966702563,54.69106395620361,54.17734686842795,54.621910095214844,Yahoo Finance via yfinance
2026-01-13,XLF,Financials,55.150001525878906,55.22999954223633,54.150001525878906,54.22999954223633,77045100.0,54.48359985660493,54.5626312218261,53.49568329542336,53.57471466064453,Yahoo Finance via yfinance
2026-01-14,XLF,Financials,54.04999923706055,54.18000030517578,53.689998626708984,54.150001525878906,59754600.0,53.39689546355102,53.52532568634997,53.04124485801731,53.495689392089844,Yahoo Finance via yfinance
2026-01-15,XLF,Financials,54.220001220703125,54.70000076293945,54.209999084472656,54.369998931884766,48490800.0,53.56483891152433,54.03903842422513,53.554957635170695,53.7130241394043,Yahoo Finance via yfinance
2026-01-16,XLF,Financials,54.369998931884766,54.7599983215332,54.290000915527344,54.439998626708984,44363200.0,53.713026922485156,54.098313810980095,53.633995550574795,53.78218078613281,Yahoo Finance via yfinance
2026-01-20,XLF,Financials,53.61000061035156,54.11000061035156,53.099998474121094,53.20000076293945,57030800.0,52.96220888888598,53.456167182916104,52.45836931855774,52.55716323852539,Yahoo Finance via yfinance
2026-01-21,XLF,Financials,53.369998931884766,53.83000183105469,53.2400016784668,53.459999084472656,49360300.0,52.725109416884614,53.17955393021078,52.59668296855163,52.814022064208984,Yahoo Finance via yfinance
2026-01-22,XLF,Financials,53.650001525878906,54.04999923706055,53.63999938964844,53.810001373291016,46919300.0,53.00172734775736,53.39689172846199,52.99184607129315,53.159793853759766,Yahoo Finance via yfinance
2026-01-23,XLF,Financials,53.4900016784668,53.5099983215332,52.880001068115234,53.06999969482422,47057500.0,52.843660758664214,52.86341577435603,52.24103102778925,52.428733825683594,Yahoo Finance via yfinance
2026-01-26,XLF,Financials,53.099998474121094,53.54999923706055,53.09000015258789,53.40999984741211,31072700.0,52.45837383862954,52.90293709528295,52.44849633008304,52.76462936401367,Yahoo Finance via yfinance
2026-01-27,XLF,Financials,53.31999969482422,53.43000030517578,52.84000015258789,53.0,38633700.0,52.67571784910045,52.78438928847164,52.20151828797419,52.35958480834961,Yahoo Finance via yfinance
2026-01-28,XLF,Financials,52.93000030517578,53.209999084472656,52.7599983215332,52.9900016784668,45450800.0,52.290428386960194,52.5670438419544,52.12248059742591,52.34970474243164,Yahoo Finance via yfinance
2026-01-29,XLF,Financials,53.31999969482422,53.630001068115234,52.9900016784668,53.54999923706055,51975400.0,52.675714654354955,52.98197016777201,52.34970412461682,52.90293502807617,Yahoo Finance via yfinance
2026-01-30,XLF,Financials,53.380001068115234,53.65999984741211,53.02000045776367,53.439998626708984,42767000.0,52.73498934807103,53.01160479108782,52.379338767847855,52.79426193237305,Yahoo Finance via yfinance
2026-02-02,XLF,Financials,53.45000076293945,54.09000015258789,53.20000076293945,54.029998779296875,48031500.0,52.80414275041066,53.43640876816167,52.557163601689005,53.377132415771484,Yahoo Finance via yfinance
2026-02-03,XLF,Financials,53.720001220703125,54.16999816894531,53.15999984741211,53.529998779296875,66887100.0,53.070881463935606,53.51544092329188,52.51764680596403,52.883174896240234,Yahoo Finance via yfinance
2026-02-04,XLF,Financials,53.5099983215332,54.18000030517578,53.400001525878906,53.959999084472656,59506400.0,52.86341635374665,53.525322444759944,52.7547486918396,53.307979583740234,Yahoo Finance via yfinance
2026-02-05,XLF,Financials,53.939998626708984,54.060001373291016,53.18000030517578,53.290000915527344,64475000.0,53.288219727375676,53.406772432057906,52.53740477406857,52.64607620239258,Yahoo Finance via yfinance
2026-02-06,XLF,Financials,53.83000183105469,54.349998474121094,53.83000183105469,54.2599983215332,53073800.0,53.17955417324381,53.693267506129146,53.17955417324381,53.60435485839844,Yahoo Finance via yfinance
2026-02-09,XLF,Financials,54.08000183105469,54.38999938964844,53.900001525878906,53.939998626708984,31699900.0,53.426534764583685,53.73278651717949,53.24870946435251,53.28822326660156,Yahoo Finance via yfinance
2026-02-10,XLF,Financials,53.70000076293945,54.2599983215332,53.119998931884766,53.54999923706055,57920800.0,53.05112403070443,53.60435493416378,52.47813057371824,52.90293502807617,Yahoo Finance via yfinance
2026-02-11,XLF,Financials,53.66999816894531,53.93000030517578,52.689998626708984,52.7400016784668,60339900.0,53.021485003639405,53.27834544406019,52.05332713509074,52.102725982666016,Yahoo Finance via yfinance
2026-02-12,XLF,Financials,52.900001525878906,53.11000061035156,51.43000030517578,51.689998626708984,94645100.0,52.260792632428576,52.46825422581353,50.80855394152796,51.06541061401367,Yahoo Finance via yfinance
2026-02-13,XLF,Financials,51.54999923706055,51.93000030517578,51.25,51.650001525878906,56449300.0,50.927100243359305,51.30250960853685,50.63072601552556,51.02589416503906,Yahoo Finance via yfinance
2026-02-17,XLF,Financials,51.81999969482422,52.40999984741211,51.81999969482422,52.20000076293945,54064700.0,51.19384261644234,51.776713614766145,51.19384261644234,51.569252014160156,Yahoo Finance via yfinance
2026-02-18,XLF,Financials,52.349998474121094,52.779998779296875,52.279998779296875,52.59000015258789,45224000.0,51.717430988049166,52.142235415097275,51.64827712956251,51.954532623291016,Yahoo Finance via yfinance
2026-02-19,XLF,Financials,52.13999938964844,52.380001068115234,51.7400016784668,52.150001525878906,47344400.0,51.509974222216755,51.74707587959744,51.11480981805295,51.51985549926758,Yahoo Finance via yfinance
2026-02-20,XLF,Financials,52.040000915527344,52.5,51.720001220703125,52.4900016784668,52934100.0,51.41118397148268,51.86562473133057,51.09505094127518,51.85574722290039,Yahoo Finance via yfinance
2026-02-23,XLF,Financials,52.189998626708984,52.470001220703125,50.63999938964844,50.72999954223633,94600400.0,51.55936945210823,51.835988681293344,50.02809937322396,50.11701202392578,Yahoo Finance via yfinance
2026-02-24,XLF,Financials,50.45000076293945,51.18000030517578,50.2400016784668,50.97999954223633,64114100.0,49.840396160789126,50.561574869055484,49.63293456702819,50.363990783691406,Yahoo Finance via yfinance
2026-02-25,XLF,Financials,51.2400016784668,51.88999938964844,51.16999816894531,51.869998931884766,47652800.0,50.6208517539646,51.26299532735113,50.55169412005232,51.24323654174805,Yahoo Finance via yfinance
2026-02-26,XLF,Financials,52.06999969482422,52.65999984741211,51.97999954223633,52.5,60884300.0,51.44081523501081,52.023686159070344,51.35190259342198,51.86561965942383,Yahoo Finance via yfinance
2026-02-27,XLF,Financials,51.880001068115234,52.060001373291016,51.0099983215332,51.43000030517578,81998700.0,51.25311886667782,51.43094417213801,50.39362863408587,50.808555603027344,Yahoo Finance via yfinance
2026-03-02,XLF,Financials,50.61000061035156,51.630001068115234,50.459999084472656,51.29999923706055,70107200.0,49.998461257348,51.00613667238333,49.850272255377,50.68012237548828,Yahoo Finance via yfinance
2026-03-03,XLF,Financials,50.290000915527344,51.54999923706055,50.08000183105469,51.209999084472656,94738700.0,49.68233167261712,50.927105054556456,49.47487007039441,50.59121322631836,Yahoo Finance via yfinance
2026-03-04,XLF,Financials,51.33000183105469,51.650001525878906,51.08000183105469,51.5,51472400.0,50.70975680610852,51.02588979117979,50.46277767598394,50.87770080566406,Yahoo Finance via yfinance
2026-03-05,XLF,Financials,51.2400016784668,51.81999969482422,50.90999984741211,51.22999954223633,58430700.0,50.62085082037784,51.193840517887594,50.29483651684414,50.61096954345703,Yahoo Finance via yfinance
2026-03-06,XLF,Financials,50.439998626708984,50.619998931884766,49.75,50.56999969482422,75632700.0,49.830512199471386,50.00833748985949,49.148851098718815,49.95894241333008,Yahoo Finance via yfinance
2026-03-09,XLF,Financials,49.91999816894531,50.52000045776367,49.18000030517578,50.33000183105469,78178700.0,49.31679430024638,49.90954651464329,48.58573813500704,49.72184371948242,Yahoo Finance via yfinance
2026-03-10,XLF,Financials,50.33000183105469,50.689998626708984,49.75,50.060001373291016,70834200.0,49.721842753889035,50.077489553297305,49.14884933462643,49.45510482788086,Yahoo Finance via yfinance
2026-03-11,XLF,Financials,49.97999954223633,50.119998931884766,49.220001220703125,49.63999938964844,56301200.0,49.37607584724688,49.51438358124371,48.62526081900559,49.040184020996094,Yahoo Finance via yfinance
2026-03-12,XLF,Financials,48.97999954223633,49.220001220703125,48.790000915527344,48.83000183105469,67871700.0,48.38815639517633,48.62525804608063,48.2004535909708,48.23997116088867,Yahoo Finance via yfinance
2026-03-13,XLF,Financials,49.11000061035156,49.459999084472656,48.849998474121094,48.88999938964844,47595200.0,48.51658679375658,48.86235611031813,48.259726356936945,48.29924392700195,Yahoo Finance via yfinance
2026-03-16,XLF,Financials,49.25,49.75,49.11000061035156,49.29999923706055,45720100.0,48.65489340551803,49.148851714203495,48.516585682062555,48.704288482666016,Yahoo Finance via yfinance
2026-03-17,XLF,Financials,49.70000076293945,50.189998626708984,49.5099983215332,49.560001373291016,46974000.0,49.0994588527437,49.58353590668259,48.911752275066874,48.961151123046875,Yahoo Finance via yfinance
2026-03-18,XLF,Financials,49.369998931884766,49.709999084472656,48.91999816894531,48.970001220703125,49239100.0,48.7734412014779,49.10933299425712,48.32887798035794,48.37827682495117,Yahoo Finance via yfinance
2026-03-19,XLF,Financials,48.77000045776367,49.18000030517578,48.52000045776367,48.9900016784668,58374000.0,48.18069409405338,48.58573975821898,47.93371493862063,48.39803695678711,Yahoo Finance via yfinance
2026-03-20,XLF,Financials,48.959999084472656,49.34000015258789,48.790000915527344,49.08000183105469,82914000.0,48.368397211877046,48.743806585799284,48.20045319401356,48.4869499206543,Yahoo Finance via yfinance
2026-03-23,XLF,Financials,49.70000076293945,49.86000061035156,49.220001220703125,49.27000045776367,81044800.0,49.35184619383661,49.51072522279646,48.87520910695705,48.92485809326172,Yahoo Finance via yfinance
2026-03-24,XLF,Financials,48.79999923706055,49.59000015258789,48.779998779296875,49.279998779296875,43296400.0,48.4581506499726,49.24261753474188,48.43829029729775,48.93478775024414,Yahoo Finance via yfinance
2026-03-25,XLF,Financials,49.59000015258789,49.95000076293945,48.9900016784668,49.34000015258789,40438800.0,49.2426144028228,49.600093152283904,48.64681901237078,48.99436569213867,Yahoo Finance via yfinance
2026-03-26,XLF,Financials,49.11000061035156,49.4900016784668,48.880001068115234,49.04999923706055,45035700.0,48.76597906660724,49.14331818089529,48.53759069921508,48.706398010253906,Yahoo Finance via yfinance
2026-03-27,XLF,Financials,48.790000915527344,48.84000015258789,47.66999816894531,47.810001373291016,64823900.0,48.44822073253361,48.497869718557645,47.33606374812615,47.4750862121582,Yahoo Finance via yfinance
2026-03-30,XLF,Financials,48.22999954223633,48.720001220703125,48.09000015258789,48.36000061035156,58128900.0,47.89214221101713,48.378711364894436,47.75312353504499,48.02123260498047,Yahoo Finance via yfinance
2026-03-31,XLF,Financials,48.91999816894531,49.459999084472656,48.5099983215332,49.369998931884766,85361900.0,48.57731000310723,49.1135281727184,48.170182234619126,49.0241584777832,Yahoo Finance via yfinance
2026-04-01,XLF,Financials,49.79999923706055,49.849998474121094,49.13999938964844,49.439998626708984,61558300.0,49.45114484370942,49.500793830694064,48.795768366777395,49.093666076660156,Yahoo Finance via yfinance
2026-04-02,XLF,Financials,48.83000183105469,49.810001373291016,48.599998474121094,49.529998779296875,39519800.0,48.487939635041045,49.461074119261,48.25954748946139,49.18303298950195,Yahoo Finance via yfinance
2026-04-06,XLF,Financials,49.5099983215332,50.0099983215332,49.45000076293945,49.880001068115234,27345800.0,49.16317540552319,49.65967285121328,49.10359813634432,49.53058624267578,Yahoo Finance via yfinance
2026-04-07,XLF,Financials,49.619998931884766,50.02000045776367,49.5,49.880001068115234,31750000.0,49.272405449650996,49.669604921393024,49.153247123318344,49.53058624267578,Yahoo Finance via yfinance
2026-04-08,XLF,Financials,51.189998626708984,51.47999954223633,50.959999084472656,51.20000076293945,48175400.0,50.83140704116497,51.119376468298135,50.60301867108605,50.841339111328125,Yahoo Finance via yfinance
2026-04-09,XLF,Financials,50.939998626708984,51.540000915527344,50.79999923706055,51.33000183105469,30330500.0,50.583157285814806,51.178956480266194,50.444138610168594,50.970428466796875,Yahoo Finance via yfinance
2026-04-10,XLF,Financials,51.22999954223633,51.290000915527344,50.63999938964844,50.77000045776367,35427500.0,50.87112532067675,50.93070637489056,50.28525821215233,50.41434860229492,Yahoo Finance via yfinance
2026-04-13,XLF,Financials,50.5,51.66999816894531,50.41999816894531,51.65999984741211,33635900.0,50.14624088018934,51.30804305859156,50.06679947244826,51.29811477661133,Yahoo Finance via yfinance
2026-04-14,XLF,Financials,51.5099983215332,51.90999984741211,51.439998626708984,51.779998779296875,36498400.0,51.149161603958746,51.546361047866654,51.07965226947106,51.41727066040039,Yahoo Finance via yfinance
2026-04-15,XLF,Financials,52.06999969482422,52.33000183105469,51.81999969482422,52.16999816894531,33804700.0,51.7052407584906,51.96342153687179,51.45699204972582,51.80453872680664,Yahoo Finance via yfinance
2026-04-16,XLF,Financials,52.09000015258789,52.40999984741211,51.91999816894531,52.029998779296875,25432000.0,51.725100767735945,52.04285880981583,51.55628967714526,51.66551971435547,Yahoo Finance via yfinance
2026-04-17,XLF,Financials,52.369998931884766,52.97999954223633,52.29999923706055,52.43000030517578,45183400.0,52.0031401966674,52.60886767245796,51.93363085891846,52.062721252441406,Yahoo Finance via yfinance
2026-04-20,XLF,Financials,52.34000015258789,52.7599983215332,52.2599983215332,52.630001068115234,26160600.0,51.973348801143,52.39040480547617,51.89390739766547,52.26131820678711,Yahoo Finance via yfinance
2026-04-21,XLF,Financials,52.709999084472656,53.189998626708984,52.20000076293945,52.29999923706055,34150100.0,52.3407558050269,52.817392861811015,51.83433011593585,51.93362808227539,Yahoo Finance via yfinance
2026-04-22,XLF,Financials,52.47999954223633,52.650001525878906,52.06999969482422,52.209999084472656,31838400.0,52.112370238455384,52.28118133582828,51.705242493935216,51.844261169433594,Yahoo Finance via yfinance
2026-04-23,XLF,Financials,52.08000183105469,52.16999816894531,51.29999923706055,51.79999923706055,44647900.0,51.715174930002455,51.80454083233424,50.940636351353454,51.4371337890625,Yahoo Finance via yfinance
2026-04-24,XLF,Financials,51.58000183105469,51.66999816894531,51.31999969482422,51.41999816894531,27225300.0,51.21867819835163,51.30804410191534,50.960497405917955,51.05979537963867,Yahoo Finance via yfinance
2026-04-27,XLF,Financials,51.310001373291016,51.900001525878906,51.27000045776367,51.810001373291016,25764300.0,50.95056980950622,51.53643695348366,50.910849104293355,51.44706726074219,Yahoo Finance via yfinance
2026-04-28,XLF,Financials,52.20000076293945,52.400001525878906,51.79999923706055,51.849998474121094,24337500.0,51.83433254842212,52.03293227839572,51.43713308847491,51.48678207397461,Yahoo Finance via yfinance
2026-04-29,XLF,Financials,52.130001068115234,52.29999923706055,51.70000076293945,51.91999816894531,22153100.0,51.76482529580525,51.93363261089743,51.33783718495747,51.55629348754883,Yahoo Finance via yfinance
2026-04-30,XLF,Financials,51.5099983215332,52.25,51.20000076293945,52.130001068115234,31406400.0,51.14916436350409,51.88398223798544,50.84133837644386,51.76482391357422,Yahoo Finance via yfinance
2026-05-01,XLF,Financials,52.400001525878906,52.61000061035156,51.91999816894531,51.91999816894531,39618200.0,52.03293437387072,52.24146239415221,51.55629348754883,51.55629348754883,Yahoo Finance via yfinance
2026-05-04,XLF,Financials,51.779998779296875,52.189998626708984,51.4900016784668,51.58000183105469,44456300.0,51.41727346556605,51.82440121319468,51.129307830395675,51.21867752075195,Yahoo Finance via yfinance
2026-05-05,XLF,Financials,51.56999969482422,51.77000045776367,51.380001068115234,51.59000015258789,27419600.0,51.20874682512496,51.40734656324415,51.02007915729796,51.228607177734375,Yahoo Finance via yfinance
2026-05-06,XLF,Financials,51.91999816894531,52.2400016784668,51.779998779296875,51.84000015258789,39084600.0,51.55629003407479,51.87405186632923,51.41727136319923,51.47685241699219,Yahoo Finance via yfinance
2026-05-07,XLF,Financials,51.779998779296875,52.08000183105469,51.41999816894531,51.54999923706055,36983100.0,51.417273100401495,51.71517459145662,51.059794341515186,51.18888473510742,Yahoo Finance via yfinance
2026-05-08,XLF,Financials,51.68000030517578,51.7400016784668,51.13999938964844,51.2400016784668,29627700.0,51.31797410923097,51.37755516385333,50.781755981553864,50.88105773925781,Yahoo Finance via yfinance
2026-05-11,XLF,Financials,51.2599983215332,51.459999084472656,50.959999084472656,51.18000030517578,30759200.0,50.90091359975721,51.099513324447216,50.603015906709544,50.821475982666016,Yahoo Finance via yfinance
2026-05-12,XLF,Financials,51.18000030517578,51.70000076293945,50.810001373291016,51.58000183105469,44193700.0,50.82147805517408,51.337835845235375,50.4540710116982,51.21867752075195,Yahoo Finance via yfinance
2026-05-13,XLF,Financials,51.13999938964844,51.33000183105469,50.959999084472656,50.9900016784668,33440200.0,50.78175563889149,50.97042708326851,50.60301626420521,50.632808685302734,Yahoo Finance via yfinance
2026-05-14,XLF,Financials,51.27000045776367,51.4900016784668,51.099998474121094,51.290000915527344,37059700.0,50.91084948611181,51.12930957844601,50.74203838167857,50.93070983886719,Yahoo Finance via yfinance
2026-05-15,XLF,Financials,51.31999969482422,51.5,51.040000915527344,51.099998474121094,29789800.0,50.960498820626725,51.13923820866589,50.682461456110246,50.74203872680664,Yahoo Finance via yfinance
2026-05-18,XLF,Financials,51.0099983215332,51.79999923706055,50.970001220703125,51.7400016784668,32974600.0,50.65266626419981,51.437133114607974,50.61294934856473,51.37755584716797,Yahoo Finance via yfinance
2026-05-19,XLF,Financials,51.630001068115234,51.790000915527344,51.04999923706055,51.099998474121094,35956300.0,51.26832860846639,51.42720764361509,50.69238973856798,50.74203872680664,Yahoo Finance via yfinance
2026-05-20,XLF,Financials,51.22999954223633,51.709999084472656,50.779998779296875,51.65999984741211,42148400.0,50.87112667994005,51.3477637624621,50.4242782313335,51.29811477661133,Yahoo Finance via yfinance
2026-05-21,XLF,Financials,51.459999084472656,51.83000183105469,51.209999084472656,51.72999954223633,33344200.0,51.099517110187215,51.46692795387472,50.85126838292671,51.36762619018555,Yahoo Finance via yfinance
2026-05-22,XLF,Financials,51.900001525878906,52.16999816894531,51.84000015258789,51.939998626708984,23308000.0,51.53643588509911,51.80454116979058,51.476854828514966,51.57615280151367,Yahoo Finance via yfinance
2026-05-26,XLF,Financials,52.0,52.22999954223633,51.720001220703125,51.849998474121094,24530200.0,51.63573281844851,51.86412118212698,51.35769546927033,51.48678207397461,Yahoo Finance via yfinance
2026-05-27,XLF,Financials,51.7400016784668,51.9900016784668,51.29999923706055,51.41999816894531,45239100.0,51.37755722908971,51.62580595136639,50.94063705357883,51.05979537963867,Yahoo Finance via yfinance
2026-05-28,XLF,Financials,51.189998626708984,51.5,51.02000045776367,51.27000045776367,40564600.0,50.83140530351509,51.139235072476644,50.66259799626101,50.91084671020508,Yahoo Finance via yfinance
2026-05-29,XLF,Financials,51.279998779296875,51.790000915527344,51.16999816894531,51.58000183105469,34240300.0,50.92077602758113,51.42720553559165,50.81154598514848,51.21867752075195,Yahoo Finance via yfinance
2026-06-01,XLF,Financials,51.22999954223633,51.599998474121094,51.189998626708984,51.43000030517578,34507600.0,50.871129110451804,51.238536168871185,50.83140840468349,51.06972885131836,Yahoo Finance via yfinance
2026-06-02,XLF,Financials,51.22999954223633,51.65999984741211,50.97999954223633,51.459999084472656,30988800.0,50.871125646912795,51.298113734913336,50.62287693472526,51.09951400756836,Yahoo Finance via yfinance
2026-06-03,XLF,Financials,51.13999938964844,51.15999984741211,50.52000045776367,50.869998931884766,44906700.0,50.781758061637035,50.80161841399133,50.166102290553496,50.513648986816406,Yahoo Finance via yfinance
2026-06-04,XLF,Financials,51.540000915527344,52.29999923706055,51.47999954223633,52.189998626708984,57368100.0,51.178957450874094,51.933631899255126,51.119376393906556,51.82440185546875,Yahoo Finance via yfinance
2026-06-05,XLF,Financials,52.380001068115234,52.47999954223633,52.060001373291016,52.29999923706055,42101700.0,52.01306948572672,52.11236745206626,51.69531144787064,51.93362808227539,Yahoo Finance via yfinance
2026-06-08,XLF,Financials,52.2400016784668,52.470001220703125,51.959999084472656,51.970001220703125,39102700.0,51.87405082719652,52.10243918019914,51.596009703040394,51.60594177246094,Yahoo Finance via yfinance
2026-06-09,XLF,Financials,52.18000030517578,52.70000076293945,52.040000915527344,52.459999084472656,41695100.0,51.814472870593974,52.33083066005186,51.67545419419663,52.09251022338867,Yahoo Finance via yfinance
2026-06-10,XLF,Financials,52.5,52.810001373291016,52.209999084472656,52.22999954223633,31128400.0,52.13222954705454,52.4400593137652,51.84426013187116,51.86412048339844,Yahoo Finance via yfinance
2026-06-11,XLF,Financials,52.349998474121094,52.77000045776367,52.040000915527344,52.619998931884766,41295600.0,51.98328327777492,52.400343119786434,51.675457272550425,52.25139236450195,Yahoo Finance via yfinance
2026-06-12,XLF,Financials,52.959999084472656,53.54999923706055,52.810001373291016,53.34000015258789,51023300.0,52.58900762789815,53.174874755188235,52.4400606695548,52.966346740722656,Yahoo Finance via yfinance
2026-06-15,XLF,Financials,53.7599983215332,53.970001220703125,53.47999954223633,53.560001373291016,37492400.0,53.38340276818279,53.59193457061746,53.10536541556968,53.18480682373047,Yahoo Finance via yfinance
2026-06-16,XLF,Financials,54.0099983215332,54.43000030517578,53.849998474121094,54.349998474121094,37478300.0,53.631654187788115,54.04871402568711,53.47277515143969,53.96927261352539,Yahoo Finance via yfinance
2026-06-17,XLF,Financials,54.290000915527344,54.88999938964844,53.900001525878906,54.04999923706055,49571900.0,53.90969189322328,54.505487294416966,53.5224245036499,53.67137145996094,Yahoo Finance via yfinance
2026-06-18,XLF,Financials,54.54999923706055,54.61000061035156,53.459999084472656,53.56999969482422,37816800.0,54.167867143504076,54.22744819689202,53.08550262879173,53.194732666015625,Yahoo Finance via yfinance
2026-06-22,XLF,Financials,53.619998931884766,54.02000045776367,53.56999969482422,53.70000076293945,27962800.0,53.43089661488795,53.82948745041152,53.38107371075848,53.510616302490234,Yahoo Finance via yfinance
2026-06-23,XLF,Financials,53.630001068115234,54.029998779296875,53.4900016784668,53.880001068115234,33375300.0,53.44086503874596,53.83945208467787,53.30135938260759,53.68998336791992,Yahoo Finance via yfinance
2026-06-24,XLF,Financials,53.86000061035156,54.099998474121094,53.540000915527344,53.720001220703125,30809600.0,53.670053752640015,53.90920522131924,53.35118259357168,53.530548095703125,Yahoo Finance via yfinance
2026-06-25,XLF,Financials,53.91999816894531,54.68000030517578,53.400001525878906,53.45000076293945,31634800.0,53.72983735362081,54.4871591739985,53.211674593880986,53.261497497558594,Yahoo Finance via yfinance
2026-06-26,XLF,Financials,53.560001373291016,53.939998626708984,53.20000076293945,53.56999969482422,26643000.0,53.37111375183686,53.749770886219785,53.012382739268496,53.38107681274414,Yahoo Finance via yfinance
2026-06-29,XLF,Financials,53.70000076293945,54.029998779296875,53.68000030517578,53.720001220703125,31628000.0,53.51061817310585,53.839452392850795,53.49068825050857,53.530548095703125,Yahoo Finance via yfinance
2026-06-30,XLF,Financials,53.65999984741211,53.849998474121094,53.400001525878906,53.61000061035156,27725300.0,53.47075949142796,53.66008805835578,53.21167809451388,53.420936584472656,Yahoo Finance via yfinance
2026-07-01,XLF,Financials,53.83000183105469,55.08000183105469,53.75,54.779998779296875,47809800.0,53.64016063801039,54.88575228795961,53.560440947816495,54.58680725097656,Yahoo Finance via yfinance
2026-07-02,XLF,Financials,55.279998779296875,55.63999938964844,55.0099983215332,55.619998931884766,46246100.0,55.0850423127827,55.443773305759315,54.81599406805023,55.42384338378906,Yahoo Finance via yfinance
2026-07-06,XLF,Financials,55.849998474121094,56.15999984741211,55.58000183105469,56.13999938964844,32043700.0,55.65303460551483,55.961942709845694,55.38399014838902,55.942012786865234,Yahoo Finance via yfinance
2026-07-07,XLF,Financials,56.310001373291016,56.59000015258789,56.0099983215332,56.04999923706055,27116500.0,56.111414448034296,56.39042576337628,55.81246940874608,55.85232925415039,Yahoo Finance via yfinance
2026-07-08,XLF,Financials,55.790000915527344,55.79999923706055,54.95000076293945,54.970001220703125,41648100.0,55.593246104406056,55.6032091648202,54.75620838359182,54.77613830566406,Yahoo Finance via yfinance
2026-07-09,XLF,Financials,55.06999969482422,55.689998626708984,54.970001220703125,55.540000915527344,26542000.0,54.875783990502256,55.493596368366646,54.77613818161069,55.3441276550293,Yahoo Finance via yfinance
2026-07-10,XLF,Financials,55.9900016784668,56.029998779296875,55.36000061035156,55.709999084472656,24046300.0,55.79254202678627,55.83239807004605,55.16476278020594,55.513526916503906,Yahoo Finance via yfinance
2026-07-13,XLF,Financials,55.97999954223633,56.15999984741211,55.61000061035156,56.06999969482422,33391000.0,55.782574484249054,55.96193998108297,55.41388043019887,55.872257232666016,Yahoo Finance via yfinance
2026-07-14,XLF,Financials,55.599998474121094,56.79999923706055,55.59000015258789,56.18000030517578,43208800.0,55.40391619665932,56.59968496519211,55.39395313580437,55.98187255859375,Yahoo Finance via yfinance
2026-07-15,XLF,Financials,56.29999923706055,56.81999969482422,56.18000030517578,56.560001373291016,49425400.0,56.10144566824436,56.61961223705467,55.98186993736319,56.360530853271484,Yahoo Finance via yfinance
2026-07-16,XLF,Financials,56.7599983215332,56.84000015258789,56.38999938964844,56.75,27591200.0,56.559824968787424,56.639544660391415,56.19113089822926,56.549861907958984,Yahoo Finance via yfinance
2026-07-17,XLF,Financials,56.43000030517578,56.939998626708984,56.119998931884766,56.2599983215332,42881800.0,56.23099073135174,56.739190460858175,55.92208262832211,56.061588287353516,Yahoo Finance via yfinance
2026-07-20,XLF,Financials,56.29999923706055,56.380001068115234,55.88999938964844,56.040000915527344,38162600.0,56.101446653224485,56.18116634270754,55.69289274773385,55.84236526489258,Yahoo Finance via yfinance
2026-07-21,XLF,Financials,55.9900016784668,56.34000015258789,55.720001220703125,56.11000061035156,26399000.0,55.792541273741165,56.14130540533178,55.523493028838146,55.91211700439453,Yahoo Finance via yfinance
2026-07-22,XLF,Financials,56.13999938964844,56.279998779296875,55.90999984741211,56.04999923706055,25430900.0,55.942012005688035,56.08151766335903,55.712823596479396,55.85232925415039,Yahoo Finance via yfinance
2026-07-23,XLF,Financials,55.68000030517578,55.86000061035156,55.45000076293945,55.83000183105469,24311000.0,55.48363371600892,55.66299921432797,55.25444531287768,55.63310623168945,Yahoo Finance via yfinance
2026-07-24,XLF,Financials,55.83000183105469,56.380001068115234,55.689998626708984,56.310001373291016,32212900.0,55.63310532767597,56.18116487419225,55.49359587472725,56.111412048339844,Yahoo Finance via yfinance
2026-07-27,XLF,Financials,56.7599983215332,57.130001068115234,56.59000015258789,56.880001068115234,29805900.0,56.559821866857234,56.92851971843889,56.39042323335532,56.67940139770508,Yahoo Finance via yfinance
2026-07-28,XLF,Financials,57.130001068115234,57.599998474121094,56.95000076293945,57.599998474121094,34204400.0,56.92852215187617,57.3968620300293,56.74915664918125,57.3968620300293,Yahoo Finance via yfinance
2026-07-29,XLF,Financials,57.290000915527344,57.470001220703125,56.59000015258789,56.68000030517578,49038800.0,57.08795566856241,57.267321164774465,56.39042360565374,56.480106353759766,Yahoo Finance via yfinance
2026-07-30,XLF,Financials,56.81999969482422,57.04999923706055,56.18000030517578,57.0,33184200.0,56.61961520653986,56.848803619933804,55.98187287340121,56.798980712890625,Yahoo Finance via yfinance
2026-07-31,XLF,Financials,56.810001373291016,57.119998931884766,56.689998626708984,56.939998626708984,32543500.0,56.609650353985565,56.91855464862323,56.490070819373535,56.73918914794922,Yahoo Finance via yfinance
2026-08-03,XLF,Financials,57.290000915527344,57.54999923706055,57.0,57.380001068115234,31019400.0,57.08795625853551,57.347037643939316,56.79897808929144,57.17763900756836,Yahoo Finance via yfinance
2026-08-04,XLF,Financials,57.220001220703125,58.02000045776367,57.189998626708984,57.880001068115234,31466100.0,57.0182043806591,57.815382273528236,56.98830759632123,57.67587661743164,Yahoo Finance via yfinance
2026-08-05,XLF,Financials,58.18000030517578,58.40999984741211,57.79999923706055,58.0,34275600.0,57.97481761824747,58.20400602394511,57.59615669519553,57.79545211791992,Yahoo Finance via yfinance
2026-08-06,XLF,Financials,58.380001068115234,58.380001068115234,57.59000015258789,57.810001373291016,27704200.0,58.174114374909635,58.174114374909635,57.3868995277816,57.60612487792969,Yahoo Finance via yfinance
2026-08-07,XLF,Financials,57.61000061035156,57.790000915527344,57.34000015258789,57.599998474121094,20816700.0,57.40682889198128,57.5861943946762,57.137780637938896,57.3968620300293,Yahoo Finance via yfinance
2026-08-10,XLF,Financials,57.540000915527344,58.02000045776367,57.459999084472656,57.810001373291016,26070800.0,57.33707662126906,57.815383366028804,57.25735692985372,57.60612487792969,Yahoo Finance via yfinance
2026-08-11,XLF,Financials,57.779998779296875,58.099998474121094,57.720001220703125,57.79999923706055,19797000.0,57.5762271514467,57.895098309405164,57.51644118510702,57.59615707397461,Yahoo Finance via yfinance
2026-08-12,XLF,Financials,57.83000183105469,58.0,57.68000030517578,57.91999816894531,18531700.0,57.626053625316075,57.79545226425209,57.47658110758333,57.71573257446289,Yahoo Finance via yfinance
2026-08-13,XLF,Financials,58.189998626708984,58.310001373291016,57.75,58.2599983215332,23193500.0,57.9847820826537,58.104361619929804,57.54633518304032,58.054534912109375,Yahoo Finance via yfinance
2026-08-14,XLF,Financials,58.220001220703125,58.290000915527344,58.060001373291016,58.15999984741211,28130100.0,58.014677157011846,58.08442998441083,57.855241579922165,57.95488739013672,Yahoo Finance via yfinance
2026-08-17,XLF,Financials,57.959999084472656,58.27000045776367,57.54999923706055,57.58000183105469,45636700.0,57.75559116606347,58.0644992554273,57.34703726786947,57.37693405151367,Yahoo Finance via yfinance
2026-08-18,XLF,Financials,57.72999954223633,57.97999954223633,57.56999969482422,57.84000015258789,25389400.0,57.5264041725611,57.775522501976965,57.36696859378471,57.636016845703125,Yahoo Finance via yfinance
2026-08-19,XLF,Financials,57.880001068115234,58.20000076293945,57.41999816894531,57.47999954223633,35648300.0,57.67587738188062,57.99474854325466,57.21749676131685,57.277286529541016,Yahoo Finance via yfinance
2026-08-20,XLF,Financials,57.470001220703125,57.65999984741211,56.90999984741211,56.95000076293945,30704200.0,57.26732354009329,57.45665210450607,56.70929710637189,56.7491569519043,Yahoo Finance via yfinance
2026-08-21,XLF,Financials,57.31999969482422,57.70000076293945,57.25,57.47999954223633,27273100.0,57.117850948854,57.4965118784522,57.04809811988118,57.277286529541016,Yahoo Finance via yfinance
2026-08-24,XLF,Financials,57.70000076293945,58.380001068115234,57.63999938964844,58.220001220703125,31462900.0,57.49651236316598,58.17411453710924,57.43672259443776,58.014678955078125,Yahoo Finance via yfinance
2026-08-25,XLF,Financials,58.189998626708984,58.36000061035156,57.869998931884766,58.310001373291016,23685100.0,57.98477914188422,58.154181577145195,57.66590799447478,58.1043586730957,Yahoo Finance via yfinance
2026-08-26,XLF,Financials,58.25,58.380001068115234,58.02000045776367,58.2599983215332,20054000.0,58.04457185129176,58.17411444938548,57.81538344004539,58.054534912109375,Yahoo Finance via yfinance
2026-08-27,XLF,Financials,57.90999984741211,58.22999954223633,57.72999954223633,57.880001068115234,26082100.0,57.70576960052547,58.024640757673126,57.52640409947441,57.67587661743164,Yahoo Finance via yfinance
2026-08-28,XLF,Financials,57.97999954223633,58.40999984741211,57.91999816894531,58.099998474121094,25142600.0,57.7755239032212,58.20400774430813,57.71573413426344,57.89509963989258,Yahoo Finance via yfinance
2026-08-31,XLF,Financials,57.86000061035156,57.93000030517578,57.689998626708984,57.709999084472656,25215700.0,57.65594605756457,57.72569888484175,57.48654361900286,57.506473541259766,Yahoo Finance via yfinance
2026-09-01,XLF,Financials,57.61000061035156,57.97999954223633,57.130001068115234,57.20000076293945,32396200.0,57.406829673817654,57.775523744936734,56.92852292719839,56.99827575683594,Yahoo Finance via yfinance
2026-09-02,XLF,Financials,57.380001068115234,58.22999954223633,57.31999969482422,57.65999984741211,31321800.0,57.17763847532133,58.02463925177962,57.11784870944134,57.45664978027344,Yahoo Finance via yfinance
2026-09-03,XLF,Financials,58.0,58.599998474121094,57.9900016784668,58.560001373291016,32670500.0,57.79545106481578,58.39333352085078,57.78548800442091,58.353477478027344,Yahoo Finance via yfinance
2026-09-04,XLF,Financials,58.040000915527344,58.380001068115234,57.91999816894531,58.099998474121094,26361500.0,57.835313672178955,58.17411476045132,57.71573413426344,57.89509963989258,Yahoo Finance via yfinance
2026-09-08,XLF,Financials,57.709999084472656,57.81999969482422,57.2599983215332,57.29999923706055,38239200.0,57.50647336602296,57.61608603747993,57.05805961971898,57.09791946411133,Yahoo Finance via yfinance
2026-09-09,XLF,Financials,57.130001068115234,57.33000183105469,56.72999954223633,57.060001373291016,27523000.0,56.92852129076724,57.127816713107485,56.529930446086766,56.858768463134766,Yahoo Finance via yfinance
2026-09-10,XLF,Financials,56.90999984741211,57.11000061035156,56.689998626708984,56.869998931884766,25355100.0,56.709297254083495,56.90859268102054,56.49007190432834,56.669437408447266,Yahoo Finance via yfinance
2026-09-11,XLF,Financials,57.439998626708984,57.619998931884766,56.959999084472656,57.25,34701500.0,57.23742425928145,57.41678975511131,56.75911753748312,57.048095703125,Yahoo Finance via yfinance
2026-09-14,XLF,Financials,57.34000015258789,57.56999969482422,56.7599983215332,57.029998779296875,38162400.0,57.13778078079858,57.36696919009422,56.55982442594899,56.82887268066406,Yahoo Finance via yfinance
2026-09-15,XLF,Financials,56.970001220703125,56.9900016784668,56.459999084472656,56.849998474121094,30161600.0,56.769085148194904,56.78901507035499,56.260881636222585,56.649505615234375,Yahoo Finance via yfinance
2026-09-16,XLF,Financials,56.81999969482422,56.849998474121094,55.439998626708984,55.93000030517578,53072800.0,56.6196144107967,56.649507394353655,55.24448014851529,55.73275375366211,Yahoo Finance via yfinance
2026-09-17,XLF,Financials,56.27000045776367,56.400001525878906,55.560001373291016,55.880001068115234,29191300.0,56.07155397792784,56.20109657342654,55.36405883548209,55.68292999267578,Yahoo Finance via yfinance
2026-09-18,XLF,Financials,55.65999984741211,55.97999954223633,55.459999084472656,55.86000061035156,36017900.0,55.46370278260378,55.78257392908079,55.264407365744674,55.66299819946289,Yahoo Finance via yfinance
2026-09-21,XLF,Financials,56.04999923706055,56.209999084472656,55.720001220703125,55.900001525878906,30640800.0,56.04999923706055,56.209999084472656,55.720001220703125,55.900001525878906,Yahoo Finance via yfinance
2025-11-24,XLI,Industrials,149.82000732421875,150.61000061035156,148.92999267578125,150.0,12658900.0,148.1267291164398,148.90779383261997,147.24677348772684,148.3046875,Yahoo Finance via yfinance
2025-11-25,XLI,Industrials,150.36000061035156,152.17999267578125,149.30999755859375,151.9199981689453,13636100.0,148.66063641647057,150.46005898644543,147.62250046754846,150.2030029296875,Yahoo Finance via yfinance
2025-11-26,XLI,Industrials,152.02999877929688,153.57000732421875,151.89999389648438,152.8000030517578,10206200.0,150.31175738946843,151.83436077459407,150.18322182042508,151.07305908203125,Yahoo Finance via yfinance
2025-11-28,XLI,Industrials,153.05999755859375,153.86000061035156,152.77000427246094,153.69000244140625,3507600.0,151.33010314575105,152.1210645090758,151.04338738329162,151.95298767089844,Yahoo Finance via yfinance
2025-12-01,XLI,Industrials,152.5399932861328,153.00999450683594,151.3699951171875,151.44000244140625,10704600.0,150.81596742570008,151.28065663450735,149.65919272069013,149.72840881347656,Yahoo Finance via yfinance
2025-12-02,XLI,Industrials,152.24000549316406,153.2100067138672,151.69000244140625,152.75999450683594,9712300.0,150.5193809714081,151.47841918747216,149.9755940829697,151.0334930419922,Yahoo Finance via yfinance
2025-12-03,XLI,Industrials,152.94000244140625,154.25,152.5500030517578,154.2100067138672,9128800.0,151.2114666905269,152.50665858953226,150.82587509398076,152.4671173095703,Yahoo Finance via yfinance
2025-12-04,XLI,Industrials,154.2899932861328,155.47000122070312,154.11000061035156,155.00999450683594,9249400.0,152.54619294296535,153.71286431437028,152.3682345617168,153.258056640625,Yahoo Finance via yfinance
2025-12-05,XLI,Industrials,155.02999877929688,155.3300018310547,154.11000061035156,154.5800018310547,8228800.0,153.27784258052648,153.5744549839522,152.36824227333224,152.8329315185547,Yahoo Finance via yfinance
2025-12-08,XLI,Industrials,154.77000427246094,155.00999450683594,154.02000427246094,154.38999938964844,6721600.0,153.0207906265258,153.25806848653062,152.27926714134287,152.64508056640625,Yahoo Finance via yfinance
2025-12-09,XLI,Industrials,154.0,155.02000427246094,153.19000244140625,153.25999450683594,7375100.0,152.25945856286813,153.26793452557408,151.45861577255172,151.52781677246094,Yahoo Finance via yfinance
2025-12-10,XLI,Industrials,154.0800018310547,156.72000122070312,153.83999633789062,156.05999755859375,13463300.0,152.3385707811435,154.94873257438587,152.10127785945514,154.2961883544922,Yahoo Finance via yfinance
2025-12-11,XLI,Industrials,155.89999389648438,157.8800048828125,155.75999450683594,157.72999572753906,9999300.0,154.13800756381175,156.095640407529,153.99959045139747,155.94732666015625,Yahoo Finance via yfinance
2025-12-12,XLI,Industrials,158.22000122070312,158.4600067138672,156.25999450683594,156.74000549316406,12062900.0,156.43177444771885,156.66906736190916,154.4939200309944,154.968505859375,Yahoo Finance via yfinance
2025-12-15,XLI,Industrials,157.5800018310547,157.74000549316406,156.61000061035156,156.99000549316406,10889500.0,155.79901110199887,155.9572063808393,154.83997296773546,155.21568298339844,Yahoo Finance via yfinance
2025-12-16,XLI,Industrials,156.85000610351562,157.2899932861328,155.41000366210938,156.05999755859375,10277500.0,155.07726812609192,155.5122825196887,153.65354076862658,154.2961883544922,Yahoo Finance via yfinance
2025-12-17,XLI,Industrials,155.77000427246094,156.4499969482422,153.3699951171875,153.52999877929688,11612500.0,154.00947323162725,154.68178054963477,151.63658926413228,151.79478454589844,Yahoo Finance via yfinance
2025-12-18,XLI,Industrials,154.88999938964844,155.77999877929688,154.05999755859375,154.52999877929688,10021200.0,153.1394096131913,154.01935009756045,152.3187885860982,152.78347778320312,Yahoo Finance via yfinance
2025-12-19,XLI,Industrials,154.69000244140625,156.1199951171875,154.58999633789062,155.86000061035156,6957800.0,152.94169016060246,154.35552100486862,152.84281432986575,154.0984649658203,Yahoo Finance via yfinance
2025-12-22,XLI,Industrials,156.07000732421875,157.17999267578125,155.7100067138672,157.0500030517578,5369000.0,154.8345854712503,155.93578438022013,154.4774345603941,155.80682373046875,Yahoo Finance via yfinance
2025-12-23,XLI,Industrials,157.02000427246094,157.3699951171875,156.67999267578125,156.99000549316406,5044600.0,155.77706050837588,156.12428088484296,155.43974038591801,155.74729919433594,Yahoo Finance via yfinance
2025-12-24,XLI,Industrials,156.99000549316406,157.69000244140625,156.8000030517578,157.5,2238500.0,155.74730787597417,156.44176380562166,155.55880945121189,156.25326538085938,Yahoo Finance via yfinance
2025-12-26,XLI,Industrials,157.36000061035156,157.4199981689453,156.7899932861328,157.2100067138672,4155300.0,156.11438275853223,156.1739053931951,155.54888745322526,155.965576171875,Yahoo Finance via yfinance
2025-12-29,XLI,Industrials,156.91000366210938,157.57000732421875,156.52999877929688,156.8699951171875,4455400.0,155.66794196901319,156.32272120153314,155.2909451130767,155.6282501220703,Yahoo Finance via yfinance
2025-12-30,XLI,Industrials,156.88999938964844,157.07000732421875,156.38999938964844,156.4199981689453,3810500.0,155.64808925589136,155.82667228333588,155.15204715677285,155.1818084716797,Yahoo Finance via yfinance
2025-12-31,XLI,Industrials,156.49000549316406,156.55999755859375,155.05999755859375,155.1199951171875,3691800.0,155.25127082847965,155.32070885470776,153.83258246919942,153.89210510253906,Yahoo Finance via yfinance
2026-01-02,XLI,Industrials,155.6199951171875,158.00999450683594,154.97999572753906,157.97999572753906,10122900.0,154.38814229275843,156.75922298563975,153.7532089941041,156.72946166992188,Yahoo Finance via yfinance
2026-01-05,XLI,Industrials,158.3000030517578,160.57000732421875,158.3000030517578,159.85000610351562,16194200.0,157.0469374286516,159.29897288075065,157.0469374286516,158.5846710205078,Yahoo Finance via yfinance
2026-01-06,XLI,Industrials,159.44000244140625,162.16000366210938,159.17999267578125,162.02000427246094,12757200.0,158.17790871699486,160.87637897671908,157.91995713431302,160.73748779296875,Yahoo Finance via yfinance
2026-01-07,XLI,Industrials,162.49000549316406,162.60000610351562,158.8699951171875,158.97000122070312,12333000.0,161.20376471634555,161.31289458224683,157.61240967177818,157.7116241455078,Yahoo Finance via yfinance
2026-01-08,XLI,Industrials,160.02000427246094,161.36000061035156,159.75999450683594,160.1699981689453,11555400.0,158.7533387913824,160.08272816101493,158.4953871771514,158.9021453857422,Yahoo Finance via yfinance
2026-01-09,XLI,Industrials,160.6300048828125,162.22000122070312,160.6300048828125,161.92999267578125,9439600.0,159.358495960649,160.9359062656169,159.358495960649,160.648193359375,Yahoo Finance via yfinance
2026-01-12,XLI,Industrials,161.6300048828125,163.25,161.3699951171875,163.1699981689453,7420500.0,160.35058434617522,161.9577560088087,160.0926327493544,161.87838745117188,Yahoo Finance via yfinance
2026-01-13,XLI,Industrials,163.8800048828125,164.5399932861328,163.4199981689453,164.00999450683594,9580400.0,162.58277029951213,163.23753439385115,162.12640488781727,162.71173095703125,Yahoo Finance via yfinance
2026-01-14,XLI,Industrials,163.77999877929688,164.3000030517578,162.80999755859375,164.27000427246094,10727100.0,162.48355406349665,162.9994421020081,161.5212311488521,162.9696807861328,Yahoo Finance via yfinance
2026-01-15,XLI,Industrials,165.07000732421875,166.0500030517578,164.99000549316406,165.77999877929688,9197400.0,163.76334111930757,164.7355793667393,163.68397256919025,164.46771240234375,Yahoo Finance via yfinance
2026-01-16,XLI,Industrials,166.39999389648438,167.1999969482422,166.1199951171875,166.89999389648438,13483100.0,165.0828152904278,165.87648572834422,164.80503290785774,165.578857421875,Yahoo Finance via yfinance
2026-01-20,XLI,Industrials,164.75999450683594,165.7100067138672,163.17999267578125,163.52999877929688,14435200.0,163.45579404536855,164.39828618442144,161.8882991285278,162.23553466796875,Yahoo Finance via yfinance
2026-01-21,XLI,Industrials,164.3800048828125,167.00999450683594,164.1699981689453,166.36000061035156,14068600.0,163.0788140184028,165.68798530460762,162.87046966497746,165.0431365966797,Yahoo Finance via yfinance
2026-01-22,XLI,Industrials,166.55999755859375,167.00999450683594,165.19000244140625,165.5,9937200.0,165.24154827655983,165.6879831561059,163.88239771451836,164.18994140625,Yahoo Finance via yfinance
2026-01-23,XLI,Industrials,165.5,165.82000732421875,163.7100067138672,164.22000122070312,11673600.0,164.18994107405447,164.50741529584747,162.41411695216263,162.92007446289062,Yahoo Finance via yfinance
2026-01-26,XLI,Industrials,164.22000122070312,164.6699981689453,163.85000610351562,164.3800048828125,8231500.0,162.9200745345415,163.36650941338067,162.5530082111855,163.0788116455078,Yahoo Finance via yfinance
2026-01-27,XLI,Industrials,164.66000366210938,165.3800048828125,163.7100067138672,165.05999755859375,9439300.0,163.35660556009574,164.07090747189787,162.41412849641398,163.75343322753906,Yahoo Finance via yfinance
2026-01-28,XLI,Industrials,164.4199981689453,165.27999877929688,163.52000427246094,164.13999938964844,10144900.0,163.11849588899685,163.97168897734628,162.2256260900752,162.84071350097656,Yahoo Finance via yfinance
2026-01-29,XLI,Industrials,165.25,166.91000366210938,164.0500030517578,165.86000061035156,16332500.0,163.9419166459441,165.58878007714227,162.75141861469385,164.54708862304688,Yahoo Finance via yfinance
2026-01-30,XLI,Industrials,164.66000366210938,166.30999755859375,163.72999572753906,165.44000244140625,11612500.0,163.3566075712612,164.9935406421245,162.43396128298883,164.13043212890625,Yahoo Finance via yfinance
2026-02-02,XLI,Industrials,165.22000122070312,167.6199951171875,165.05999755859375,167.52999877929688,11466600.0,163.91214544389555,166.29314136278262,163.75340834583565,166.203857421875,Yahoo Finance via yfinance
2026-02-03,XLI,Industrials,167.52999877929688,169.8000030517578,166.9199981689453,168.94000244140625,16444000.0,166.20386455623637,168.45589992537168,165.59869258965827,167.6027069091797,Yahoo Finance via yfinance
2026-02-04,XLI,Industrials,169.97999572753906,170.77000427246094,167.85000610351562,169.38999938964844,21338400.0,168.6344593152473,169.41821426980601,166.5213303728862,168.04913330078125,Yahoo Finance via yfinance
2026-02-05,XLI,Industrials,168.25,169.32000732421875,167.4499969482422,168.3699951171875,18699300.0,166.91818617155096,167.97972365594245,166.12451569112824,167.0372314453125,Yahoo Finance via yfinance
2026-02-06,XLI,Industrials,169.88999938964844,173.38999938964844,169.80999755859375,173.17999267578125,11992100.0,168.54517757728297,172.01747214223565,168.4658090278094,171.8091278076172,Yahoo Finance via yfinance
2026-02-09,XLI,Industrials,172.80999755859375,174.1300048828125,172.63999938964844,173.6999969482422,9472200.0,171.44207310796025,172.75163155584474,171.27342060567284,172.3250274658203,Yahoo Finance via yfinance
2026-02-10,XLI,Industrials,173.7100067138672,174.85000610351562,173.42999267578125,173.91000366210938,8820200.0,172.33495715454634,173.4659325640107,172.057159644955,172.5333709716797,Yahoo Finance via yfinance
2026-02-11,XLI,Industrials,175.4199981689453,176.75,174.0800018310547,174.83999633789062,12551900.0,174.03141960023777,175.35089348659847,172.70203032092863,173.4560089111328,Yahoo Finance via yfinance
2026-02-12,XLI,Industrials,175.77999877929688,177.75999450683594,172.4499969482422,172.75,18157000.0,174.38855162155633,176.3528740105668,171.08490956758246,171.38253784179688,Yahoo Finance via yfinance
2026-02-13,XLI,Industrials,173.10000610351562,175.30999755859375,172.63999938964844,174.1699981689453,13617900.0,171.7297833059649,173.92228093916336,171.27341790731515,172.7913055419922,Yahoo Finance via yfinance
2026-02-17,XLI,Industrials,173.9199981689453,175.97000122070312,173.39999389648438,175.0800018310547,13810800.0,172.54328572733317,174.57706140595155,172.02739769428763,173.69410705566406,Yahoo Finance via yfinance
2026-02-18,XLI,Industrials,175.3800048828125,176.0,174.3800048828125,175.0399932861328,10623800.0,173.99173909225493,174.60682647773103,172.99965485090416,173.6544189453125,Yahoo Finance via yfinance
2026-02-19,XLI,Industrials,175.05999755859375,176.94000244140625,174.75,176.33999633789062,13431100.0,173.67425576314287,175.5393788832563,173.36671208652913,174.94412231445312,Yahoo Finance via yfinance
2026-02-20,XLI,Industrials,176.1300048828125,178.22000122070312,175.61000061035156,177.22999572753906,13104100.0,174.73580381006263,176.80925625960063,174.21991576138188,175.82708740234375,Yahoo Finance via yfinance
2026-02-23,XLI,Industrials,176.41000366210938,176.9199981689453,174.35000610351562,174.8300018310547,10566600.0,175.0135702281817,175.5195276998967,172.96987928148587,173.44607543945312,Yahoo Finance via yfinance
2026-02-24,XLI,Industrials,174.5800018310547,177.22000122070312,174.3699951171875,176.97999572753906,9756500.0,173.19807483613602,175.81717672100234,172.98973047731502,175.57907104492188,Yahoo Finance via yfinance
2026-02-25,XLI,Industrials,177.55999755859375,177.75999450683594,174.44000244140625,175.60000610351562,11757700.0,176.15446800845535,176.35288182071784,173.05917015075082,174.20999145507812,Yahoo Finance via yfinance
2026-02-26,XLI,Industrials,176.13999938964844,176.97000122070312,173.91000366210938,176.6999969482422,13764500.0,174.74572002944927,175.56915177746785,172.53337637995614,175.30128479003906,Yahoo Finance via yfinance
2026-02-27,XLI,Industrials,175.3699951171875,177.22999572753906,175.02999877929688,177.13999938964844,9692600.0,173.9817997122336,175.8270769128093,173.64449472045177,175.73779296875,Yahoo Finance via yfinance
2026-03-02,XLI,Industrials,176.5,179.30999755859375,175.66000366210938,178.89999389648438,21918000.0,175.10287524553516,177.8906296474768,174.2695280842866,177.48387145996094,Yahoo Finance via yfinance
2026-03-03,XLI,Industrials,176.02000427246094,176.19000244140625,172.6699981689453,175.44000244140625,20481300.0,174.62666492436804,174.79531742161612,171.30317680294013,174.05125427246094,Yahoo Finance via yfinance
2026-03-04,XLI,Industrials,176.3300018310547,176.92999267578125,174.69000244140625,175.97000122070312,13604000.0,174.93422309024498,175.52946457605898,173.3072054748791,174.5770721435547,Yahoo Finance via yfinance
2026-03-05,XLI,Industrials,174.80999755859375,175.24000549316406,170.2100067138672,172.05999755859375,21308200.0,173.42624498793361,173.85284908637797,168.8626665294853,170.69801330566406,Yahoo Finance via yfinance
2026-03-06,XLI,Industrials,169.75999450683594,170.66000366210938,168.25999450683594,169.94000244140625,22680300.0,168.41620457389033,169.30908941671353,166.92807830718817,168.59478759765625,Yahoo Finance via yfinance
2026-03-09,XLI,Industrials,168.13999938964844,171.39999389648438,166.1699981689453,170.94000244140625,19492500.0,166.809044626693,170.04323382109982,164.85463744974652,169.58688354492188,Yahoo Finance via yfinance
2026-03-10,XLI,Industrials,170.6699981689453,172.3800048828125,169.82000732421875,170.02000427246094,16791100.0,169.31901250805146,171.0154831899549,168.4757500013775,168.67416381835938,Yahoo Finance via yfinance
2026-03-11,XLI,Industrials,169.72999572753906,170.32000732421875,168.3699951171875,169.49000549316406,14287600.0,168.3864517323851,168.9717929316233,167.03721657716486,168.1483612060547,Yahoo Finance via yfinance
2026-03-12,XLI,Industrials,167.97999572753906,168.1199951171875,165.16000366210938,165.24000549316406,15925600.0,166.6503235030346,166.78921470537148,163.85265353081897,163.93202209472656,Yahoo Finance via yfinance
2026-03-13,XLI,Industrials,166.2899932861328,166.82000732421875,163.72999572753906,164.64999389648438,15836200.0,164.97368198045538,165.4995005558035,162.43394874241568,163.34666442871094,Yahoo Finance via yfinance
2026-03-16,XLI,Industrials,166.1699981689453,167.13999938964844,165.33999633789062,166.05999755859375,11091300.0,164.8546285239699,165.81695140216019,164.03119682727083,164.74549865722656,Yahoo Finance via yfinance
2026-03-17,XLI,Industrials,167.22000122070312,167.55999755859375,165.0500030517578,166.5,12772600.0,165.89632394185216,166.2336289424382,163.74350300798886,165.18202209472656,Yahoo Finance via yfinance
2026-03-18,XLI,Industrials,166.1699981689453,167.1699981689453,165.05999755859375,165.17999267578125,11872400.0,164.85463588556445,165.84672012280416,163.75342177670817,163.87246704101562,Yahoo Finance via yfinance
2026-03-19,XLI,Industrials,163.4600067138672,164.99000549316406,162.25,164.05999755859375,17989900.0,162.16609582168,163.6839834911992,160.96566723580978,162.76133728027344,Yahoo Finance via yfinance
2026-03-20,XLI,Industrials,164.02000427246094,164.64999389648438,160.30999755859375,161.6699981689453,19199200.0,162.72164734984062,163.3466500736798,159.04100847388617,160.39024353027344,Yahoo Finance via yfinance
2026-03-23,XLI,Industrials,164.10000610351562,166.17999267578125,163.02000427246094,163.0500030517578,18508400.0,163.25847036707103,165.3277903764678,162.184006988804,162.21385192871094,Yahoo Finance via yfinance
2026-03-24,XLI,Industrials,161.3699951171875,164.55999755859375,161.13999938964844,164.0,14110200.0,160.54247854736337,163.71612243415652,160.31366225392784,163.15899658203125,Yahoo Finance via yfinance
2026-03-25,XLI,Industrials,165.86000061035156,166.32000732421875,164.32000732421875,165.10000610351562,12205600.0,165.00945411338807,165.4671018673034,163.47735806522735,164.25335693359375,Yahoo Finance via yfinance
2026-03-26,XLI,Industrials,163.72999572753906,164.61000061035156,161.08999633789062,161.27000427246094,15416400.0,162.89036950035833,163.76586161703796,160.26390833085972,160.4429931640625,Yahoo Finance via yfinance
2026-03-27,XLI,Industrials,160.58999633789062,161.2899932861328,158.85000610351562,159.1999969482422,13923700.0,159.76647731275224,160.46288461769433,158.03540989483056,158.38360595703125,Yahoo Finance via yfinance
2026-03-30,XLI,Industrials,160.5500030517578,160.74000549316406,156.0800018310547,156.61000061035156,17459600.0,159.72668237734845,159.91571046226,155.27960388694547,155.806884765625,Yahoo Finance via yfinance
2026-03-31,XLI,Industrials,158.6999969482422,162.24000549316406,158.0500030517578,161.72999572753906,15855900.0,157.88617399887113,161.40802917107575,157.23951330944462,160.900634765625,Yahoo Finance via yfinance
2026-04-01,XLI,Industrials,163.49000549316406,165.77000427246094,163.27000427246094,164.42999267578125,17035300.0,162.6515947417665,164.91990121312094,162.43272173307977,163.58676147460938,Yahoo Finance via yfinance
2026-04-02,XLI,Industrials,161.72000122070312,165.74000549316406,161.13999938964844,163.77000427246094,11097200.0,160.89068534428745,164.8900746443192,160.31365781896622,162.93017578125,Yahoo Finance via yfinance
2026-04-06,XLI,Industrials,163.5399932861328,164.63999938964844,162.77000427246094,164.61000061035156,7105500.0,162.70134888798063,163.79571408410652,161.93530843123347,163.765869140625,Yahoo Finance via yfinance
2026-04-07,XLI,Industrials,163.64999389648438,164.67999267578125,162.8000030517578,164.27999877929688,10068200.0,162.81078685538867,163.8355037388093,161.96515481499065,163.43756103515625,Yahoo Finance via yfinance
2026-04-08,XLI,Industrials,169.60000610351562,171.05999755859375,169.11000061035156,170.44000244140625,12808600.0,168.73027501866486,170.18277944599296,168.24278233796431,169.5659637451172,Yahoo Finance via yfinance
2026-04-09,XLI,Industrials,169.8800048828125,173.16000366210938,169.8000030517578,172.19000244140625,8180000.0,169.0088399614766,172.27201851592997,168.9292483893509,171.30699157714844,Yahoo Finance via yfinance
2026-04-10,XLI,Industrials,172.49000549316406,172.6999969482422,171.2100067138672,171.52000427246094,5169700.0,171.60545355980312,171.81436815047368,170.33201878629714,170.6404266357422,Yahoo Finance via yfinance
2026-04-13,XLI,Industrials,170.99000549316406,172.77999877929688,170.61000061035156,172.72999572753906,6814100.0,170.11314048677374,171.89395439151664,169.73508433180083,171.84420776367188,Yahoo Finance via yfinance
2026-04-14,XLI,Industrials,173.1300048828125,174.0399932861328,172.02999877929688,173.35000610351562,5490700.0,172.24217128621987,173.14749314847742,171.14780615970196,172.46104431152344,Yahoo Finance via yfinance
2026-04-15,XLI,Industrials,173.11000061035156,173.14999389648438,170.0800018310547,171.17999267578125,13548300.0,172.22228051981563,172.2620687176031,169.20781978442838,170.3021697998047,Yahoo Finance via yfinance
2026-04-16,XLI,Industrials,171.25,172.05999755859375,169.52000427246094,170.3300018310547,8629200.0,170.37180801016095,171.17765179726422,168.6506839228577,169.45652770996094,Yahoo Finance via yfinance
2026-04-17,XLI,Industrials,172.24000549316406,175.1300048828125,172.13999938964844,173.50999450683594,9529000.0,171.3567324242968,174.23191145544254,171.25723916736237,172.62020874023438,Yahoo Finance via yfinance
2026-04-20,XLI,Industrials,173.1300048828125,173.97999572753906,172.55999755859375,173.89999389648438,5734900.0,172.24216883141074,173.08780079844985,171.67508458833177,173.00820922851562,Yahoo Finance via yfinance
2026-04-21,XLI,Industrials,173.52999877929688,174.69000244140625,170.92999267578125,171.44000244140625,8752700.0,172.6401153687914,173.79417038788634,170.05344241986006,170.5608367919922,Yahoo Finance via yfinance
2026-04-22,XLI,Industrials,173.30999755859375,173.9199981689453,170.3300018310547,171.0399932861328,10595400.0,172.42123563490674,173.02810806267482,169.4565218113126,170.16287231445312,Yahoo Finance via yfinance
2026-04-23,XLI,Industrials,171.8300018310547,174.7899932861328,171.60000610351562,174.07000732421875,14418800.0,170.9488344616745,173.8936466822996,170.72001818317256,173.17735290527344,Yahoo Finance via yfinance
2026-04-24,XLI,Industrials,173.97000122070312,174.17999267578125,171.9600067138672,172.47000122070312,7665200.0,173.07786386481712,173.28677846055064,171.0781768315231,171.58555603027344,Yahoo Finance via yfinance
2026-04-27,XLI,Industrials,172.50999450683594,173.50999450683594,171.52000427246094,172.50999450683594,6689500.0,171.62535095214844,172.62022288083168,170.64043745829824,171.62535095214844,Yahoo Finance via yfinance
2026-04-28,XLI,Industrials,171.67999267578125,171.86000061035156,169.5399932861328,170.97999572753906,9000000.0,170.7996024924236,170.9786873303881,168.67057720887613,170.1031951904297,Yahoo Finance via yfinance
2026-04-29,XLI,Industrials,171.25,171.7100067138672,169.22999572753906,169.92999267578125,9059900.0,170.37181671547302,170.82946447922697,168.36217118162082,169.05857849121094,Yahoo Finance via yfinance
2026-04-30,XLI,Industrials,171.49000549316406,174.82000732421875,171.13999938964844,174.5800018310547,12012100.0,170.6105876308808,173.9235128802231,170.2623763935934,173.6847381591797,Yahoo Finance via yfinance
2026-05-01,XLI,Industrials,175.22999572753906,175.42999267578125,172.94000244140625,172.9600067138672,6800700.0,174.33139201857978,174.53036335474724,172.05314213546347,172.0730438232422,Yahoo Finance via yfinance
2026-05-04,XLI,Industrials,172.5,173.2100067138672,170.66000366210938,170.97999572753906,7618500.0,171.61540474657406,172.32177048322973,169.78484407260703,170.1031951904297,Yahoo Finance via yfinance
2026-05-05,XLI,Industrials,172.14999389648438,173.05999755859375,171.1999969482422,172.41000366210938,6189400.0,171.26718724436193,172.1725242941283,170.32206199902498,171.52586364746094,Yahoo Finance via yfinance
2026-05-06,XLI,Industrials,175.27999877929688,177.33999633789062,174.25,176.8699951171875,10461300.0,174.38115467487833,176.43058846878955,173.35643777792274,175.96299743652344,Yahoo Finance via yfinance
2026-05-07,XLI,Industrials,177.44000244140625,177.72000122070312,173.42999267578125,174.0,10627700.0,176.53005801998722,176.80862091490786,172.54061230962517,173.10769653320312,Yahoo Finance via yfinance
2026-05-08,XLI,Industrials,175.14999389648438,175.32000732421875,173.08999633789062,173.1999969482422,5883800.0,174.25181056065696,174.42095214578228,172.20237683616799,172.3118133544922,Yahoo Finance via yfinance
2026-05-11,XLI,Industrials,173.24000549316406,175.5500030517578,172.8800048828125,175.0399932861328,6277200.0,172.3516072900865,174.64975886844994,171.99345281160518,174.14236450195312,Yahoo Finance via yfinance
2026-05-12,XLI,Industrials,174.42999267578125,174.7899932861328,172.13999938964844,174.35000610351562,7468700.0,173.5354937494681,173.89364823144177,171.25724383673275,173.45591735839844,Yahoo Finance via yfinance
2026-05-13,XLI,Industrials,174.24000549316406,174.61000061035156,172.52000427246094,173.6199951171875,6070600.0,173.3464756417157,173.714573366389,171.63529485482096,172.72964477539062,Yahoo Finance via yfinance
2026-05-14,XLI,Industrials,174.1699981689453,174.72999572753906,172.83999633789062,174.50999450683594,7364000.0,173.27682900005834,173.83395480944588,171.95364761249306,173.61508178710938,Yahoo Finance via yfinance
2026-05-15,XLI,Industrials,172.8000030517578,172.8000030517578,170.92999267578125,171.39999389648438,7826300.0,171.9138562899958,171.9138562899958,170.05343563398375,170.52102661132812,Yahoo Finance via yfinance
2026-05-18,XLI,Industrials,171.55999755859375,171.57000732421875,169.5,170.75,8696000.0,170.68021818773485,170.69017662213213,168.63078453320884,169.87437438964844,Yahoo Finance via yfinance
2026-05-19,XLI,Industrials,169.6300048828125,170.17999267578125,168.11000061035156,168.74000549316406,7503400.0,168.76011489485256,169.30728226183044,167.2479054491334,167.8746795654297,Yahoo Finance via yfinance
2026-05-20,XLI,Industrials,169.22999572753906,171.47999572753906,168.3699951171875,170.72999572753906,10524700.0,168.3621539391147,170.60061553532546,167.50656356623034,169.85446166992188,Yahoo Finance via yfinance
2026-05-21,XLI,Industrials,169.80999755859375,171.3000030517578,168.91000366210938,170.52999877929688,8535000.0,168.93919334353504,170.42155792578362,168.04381471405412,169.65550231933594,Yahoo Finance via yfinance
2026-05-22,XLI,Industrials,171.75,172.8800048828125,170.4199981689453,171.77000427246094,6910500.0,170.86924320956365,171.99345327739064,169.54606180438375,170.88914489746094,Yahoo Finance via yfinance
2026-05-26,XLI,Industrials,173.19000244140625,174.77999877929688,172.8699951171875,174.3000030517578,6797700.0,172.30186529938592,173.88370796337244,171.98349900748053,173.4061737060547,Yahoo Finance via yfinance
2026-05-27,XLI,Industrials,174.5399932861328,174.86000061035156,173.47000122070312,174.3000030517578,7413200.0,173.6449332444434,173.96329953634879,172.58042821453296,173.4061737060547,Yahoo Finance via yfinance
2026-05-28,XLI,Industrials,173.49000549316406,174.7100067138672,172.05999755859375,173.8000030517578,8669000.0,172.60032932620203,173.81407424409025,171.17765463238146,172.9087371826172,Yahoo Finance via yfinance
2026-05-29,XLI,Industrials,173.57000732421875,173.8800048828125,172.3699951171875,173.1300048828125,7054700.0,172.67991829424517,172.98832614600838,171.48605990213724,172.24217224121094,Yahoo Finance via yfinance
2026-06-01,XLI,Industrials,171.58999633789062,172.86000061035156,170.38999938964844,172.39999389648438,8235000.0,170.71007108137027,171.9735626849165,169.51622779968815,171.5159149169922,Yahoo Finance via yfinance
2026-06-02,XLI,Industrials,172.94000244140625,174.5,172.3699951171875,174.19000244140625,8663800.0,172.05314780321078,173.60514552919852,171.4860635368858,173.29673767089844,Yahoo Finance via yfinance
2026-06-03,XLI,Industrials,173.72999572753906,176.10000610351562,173.5500030517578,174.0500030517578,6900600.0,172.83908915296166,175.196945854399,172.66001949946886,173.15745544433594,Yahoo Finance via yfinance
2026-06-04,XLI,Industrials,174.92999267578125,176.47999572753906,174.27999877929688,176.16000366210938,6670100.0,174.03293420607213,175.57498868740822,173.3862735431927,175.2566375732422,Yahoo Finance via yfinance
2026-06-05,XLI,Industrials,175.61000061035156,176.3699951171875,173.47999572753906,174.17999267578125,8893400.0,174.70944833855197,175.46554548887457,172.5903664141672,173.28677368164062,Yahoo Finance via yfinance
2026-06-08,XLI,Industrials,174.9199981689453,175.3300018310547,173.27000427246094,173.6300048828125,5372100.0,174.02298680582282,174.43088791849428,172.3814542819072,172.73960876464844,Yahoo Finance via yfinance
2026-06-09,XLI,Industrials,174.3699951171875,176.58999633789062,171.72999572753906,175.60000610351562,9457400.0,173.4758053213337,175.68442211527804,170.8493441583377,174.6995086669922,Yahoo Finance via yfinance
2026-06-10,XLI,Industrials,174.57000732421875,174.5800018310547,169.4499969482422,169.66000366210938,13851900.0,173.67478722589377,173.68473047946156,168.5810329993123,168.7899627685547,Yahoo Finance via yfinance
2026-06-11,XLI,Industrials,171.27999877929688,175.67999267578125,170.99000549316406,175.14999389648438,11046100.0,170.4016512893835,174.77908140946573,170.1131451288741,174.25180053710938,Yahoo Finance via yfinance
2026-06-12,XLI,Industrials,176.02000427246094,176.61000061035156,174.6300048828125,176.17999267578125,6961600.0,175.11735181248798,175.70432257582544,173.73448051247692,175.27651977539062,Yahoo Finance via yfinance
2026-06-15,XLI,Industrials,178.8000030517578,179.97999572753906,178.50999450683594,178.67999267578125,7522100.0,177.88308207335913,179.0570235186017,177.59456074831542,177.76368713378906,Yahoo Finance via yfinance
2026-06-16,XLI,Industrials,179.5800018310547,181.10000610351562,179.30999755859375,179.85000610351562,8978400.0,178.65908421403236,180.17129363908163,178.39046457064282,178.92770385742188,Yahoo Finance via yfinance
2026-06-17,XLI,Industrials,179.97000122070312,182.3300018310547,179.1300048828125,179.60000610351562,11053200.0,179.0470833126727,181.39498142365503,178.21139462415508,178.67898559570312,Yahoo Finance via yfinance
2026-06-18,XLI,Industrials,182.5,182.9199981689453,180.4499969482422,180.91000366210938,8059200.0,181.56412727167526,181.98197166071776,179.52463677854277,179.98228454589844,Yahoo Finance via yfinance
2026-06-22,XLI,Industrials,180.77999877929688,182.27999877929688,180.69000244140625,181.8000030517578,6669200.0,180.29542815590523,181.79140749023426,180.20567304813878,181.3126983642578,Yahoo Finance via yfinance
2026-06-23,XLI,Industrials,179.16000366210938,180.00999450683594,177.22999572753906,178.14999389648438,8927400.0,178.67977256835303,179.52748504723507,176.75493794145424,177.67247009277344,Yahoo Finance via yfinance
2026-06-24,XLI,Industrials,179.07000732421875,181.88999938964844,178.33999633789062,180.2100067138672,7088600.0,178.5900307350956,181.40246413565927,177.86197645937733,179.7269744873047,Yahoo Finance via yfinance
2026-06-25,XLI,Industrials,182.24000549316406,186.08999633789062,182.05999755859375,184.1199951171875,7867600.0,181.75152960045483,185.59120093432693,181.57200415893698,183.62648010253906,Yahoo Finance via yfinance
2026-06-26,XLI,Industrials,182.63999938964844,183.07000732421875,180.91000366210938,181.1999969482422,8856200.0,182.1504523609084,182.57930770509648,180.42509370230812,180.7143096923828,Yahoo Finance via yfinance
2026-06-29,XLI,Industrials,181.50999450683594,183.5800018310547,181.35000610351562,182.75999450683594,7860500.0,181.02347683097372,183.08793572710104,180.8639172590594,182.27012634277344,Yahoo Finance via yfinance
2026-06-30,XLI,Industrials,183.32000732421875,185.4499969482422,182.6999969482422,185.22999572753906,6530900.0,182.82863637859842,184.952916778457,182.2102878784268,184.73350524902344,Yahoo Finance via yfinance
2026-07-01,XLI,Industrials,184.3699951171875,185.64999389648438,182.72000122070312,183.36000061035156,8112800.0,183.87580229117137,185.1523701097328,182.23023110536772,182.86851501464844,Yahoo Finance via yfinance
2026-07-02,XLI,Industrials,184.7100067138672,185.47999572753906,181.91000366210938,183.91000366210938,6530800.0,184.21491195464856,184.9828370978669,181.42241400162027,183.41705322265625,Yahoo Finance via yfinance
2026-07-06,XLI,Industrials,184.6999969482422,186.4499969482422,184.6999969482422,185.55999755859375,6701800.0,184.20492660777902,185.9502359033387,184.20492660777902,185.0626220703125,Yahoo Finance via yfinance
2026-07-07,XLI,Industrials,184.5399932861328,184.9199981689453,180.66000366210938,182.3800048828125,7721500.0,184.045342454128,184.42432875160242,180.17575296105457,181.89114379882812,Yahoo Finance via yfinance
2026-07-08,XLI,Industrials,180.75999450683594,181.88999938964844,179.0800018310547,180.4199981689453,7333300.0,180.27548638070564,181.40246240445126,178.59999674834103,179.9364013671875,Yahoo Finance via yfinance
2026-07-09,XLI,Industrials,182.42999267578125,182.75,180.72999572753906,181.11000061035156,5381900.0,181.94099611391812,182.26014567084204,180.24555594195309,180.62454223632812,Yahoo Finance via yfinance
2026-07-10,XLI,Industrials,181.14999389648438,182.5800018310547,180.16000366210938,181.9199981689453,5315600.0,180.66443272247437,182.09060761064694,179.67709609470526,181.432373046875,Yahoo Finance via yfinance
2026-07-13,XLI,Industrials,181.52000427246094,182.17999267578125,179.8000030517578,180.3699951171875,5384700.0,181.03344698636374,181.6916663165306,179.3180561617951,179.8865203857422,Yahoo Finance via yfinance
2026-07-14,XLI,Industrials,181.6699981689453,182.50999450683594,179.86000061035156,180.4499969482422,6672800.0,181.1830396543373,182.02078441864342,179.37789371533654,179.96630859375,Yahoo Finance via yfinance
2026-07-15,XLI,Industrials,180.77999877929688,181.02000427246094,177.77999877929688,180.05999755859375,7491300.0,180.2954333792592,180.53479555812638,177.30347462392083,179.57736206054688,Yahoo Finance via yfinance
2026-07-16,XLI,Industrials,178.7899932861328,180.55999755859375,178.5500030517578,180.14999389648438,6093200.0,178.3107590353353,180.0760189333722,178.07141207823807,179.6671142578125,Yahoo Finance via yfinance
2026-07-17,XLI,Industrials,178.25999450683594,181.4600067138672,177.60000610351562,179.41000366210938,8061700.0,177.78218103003852,180.97361582763662,177.12396167958119,178.92910766601562,Yahoo Finance via yfinance
2026-07-20,XLI,Industrials,180.61000061035156,181.27000427246094,177.58999633789062,178.1199951171875,6044600.0,180.12589415681418,180.78412874727135,177.1139846939046,177.64256286621094,Yahoo Finance via yfinance
2026-07-21,XLI,Industrials,179.50999450683594,179.94000244140625,177.75999450683594,178.66000366210938,4836000.0,179.02883434800628,179.45768968554898,177.2835250633075,178.18112182617188,Yahoo Finance via yfinance
2026-07-22,XLI,Industrials,178.1999969482422,179.83999633789062,178.13999938964844,178.85000610351562,4350100.0,177.7223386382795,179.35794207197836,177.66250190085822,178.37060546875,Yahoo Finance via yfinance
2026-07-23,XLI,Industrials,179.08999633789062,182.97999572753906,179.08999633789062,181.94000244140625,8556000.0,178.60996457883095,182.48953723729431,178.60996457883095,181.45233154296875,Yahoo Finance via yfinance
2026-07-24,XLI,Industrials,181.9199981689453,183.89999389648438,181.74000549316406,182.66000366210938,5507700.0,181.43237294293738,183.4070614152332,181.2528627263145,182.17039489746094,Yahoo Finance via yfinance
2026-07-27,XLI,Industrials,183.6199951171875,184.4199981689453,180.83999633789062,183.1999969482422,6193700.0,183.12781098367466,183.92566966761137,180.35526385085822,182.7089385986328,Yahoo Finance via yfinance
2026-07-28,XLI,Industrials,182.6300048828125,182.9499969482422,181.44000244140625,182.49000549316406,5707200.0,182.14047862379704,182.45961297409494,180.95366589617157,182.0008544921875,Yahoo Finance via yfinance
2026-07-29,XLI,Industrials,181.0,181.44000244140625,176.35000610351562,176.66000366210938,9505200.0,180.51484091248696,180.95366395509225,175.87731103144878,176.1864776611328,Yahoo Finance via yfinance
2026-07-30,XLI,Industrials,178.92999267578125,179.10000610351562,175.9600067138672,178.38999938964844,7367000.0,178.45038058035058,178.61993829635597,175.4883555039722,177.91183471679688,Yahoo Finance via yfinance
2026-07-31,XLI,Industrials,180.5,180.9199981689453,177.88999938964844,179.83999633789062,7206200.0,180.01619053089624,180.43506294310393,177.41318572669235,179.3579559326172,Yahoo Finance via yfinance
2026-08-03,XLI,Industrials,180.4600067138672,183.35000610351562,180.10000610351562,183.16000366210938,8814000.0,179.97629238711596,182.85854527306793,179.6172567410024,182.66905212402344,Yahoo Finance via yfinance
2026-08-04,XLI,Industrials,185.63999938964844,186.8699951171875,183.27999877929688,186.39999389648438,10498000.0,185.14240271940326,186.36910151858393,182.7887279464216,185.90036010742188,Yahoo Finance via yfinance
2026-08-05,XLI,Industrials,186.5800018310547,188.19000244140625,185.99000549316406,186.35000610351562,5641100.0,186.07988888572777,187.68557401671757,185.4914739863803,185.8505096435547,Yahoo Finance via yfinance
2026-08-06,XLI,Industrials,186.6999969482422,187.4600067138672,184.5,184.75999450683594,5520400.0,186.19955761791508,186.95753021811765,184.00545764352128,184.26475524902344,Yahoo Finance via yfinance
2026-08-07,XLI,Industrials,185.4499969482422,185.8699951171875,183.99000549316406,185.17999267578125,6170200.0,184.95292008419213,185.3717924975367,183.49684196416914,184.6836395263672,Yahoo Finance via yfinance
2026-08-10,XLI,Industrials,185.92999267578125,185.92999267578125,184.3699951171875,184.60000610351562,3438400.0,185.43161569488794,185.43161569488794,183.87579963957003,184.10519409179688,Yahoo Finance via yfinance
2026-08-11,XLI,Industrials,185.0800018310547,187.25999450683594,185.02999877929688,185.6999969482422,4893700.0,184.5839067302821,186.75805607520385,184.5340377085046,185.20223999023438,Yahoo Finance via yfinance
2026-08-12,XLI,Industrials,187.1699981689453,187.41000366210938,185.14999389648438,185.8800048828125,4052000.0,186.66831050979746,186.9076726958331,184.65372062652727,185.38177490234375,Yahoo Finance via yfinance
2026-08-13,XLI,Industrials,186.47999572753906,186.6699981689453,184.74000549316406,185.7899932861328,4942500.0,185.9801451107067,186.16963825975068,184.24481883606927,185.2919921875,Yahoo Finance via yfinance
2026-08-14,XLI,Industrials,186.17999267578125,186.8800048828125,185.60000610351562,186.50999450683594,3590300.0,185.68095351073373,186.37908939634988,185.10252154168086,186.01007080078125,Yahoo Finance via yfinance
2026-08-17,XLI,Industrials,186.38999938964844,187.38999938964844,186.17999267578125,186.32000732421875,5363000.0,185.89039161388848,186.88771117085292,185.6809478110549,185.82058715820312,Yahoo Finance via yfinance
2026-08-18,XLI,Industrials,185.2100067138672,185.5800018310547,183.50999450683594,183.57000732421875,4646800.0,184.71356060709823,185.0825639709852,183.01810519727582,183.0779571533203,Yahoo Finance via yfinance
2026-08-19,XLI,Industrials,184.24000549316406,184.6199951171875,181.72000122070312,181.9499969482422,8312100.0,183.74616590496498,184.12513699927797,181.232916288578,181.46229553222656,Yahoo Finance via yfinance
2026-08-20,XLI,Industrials,181.00999450683594,182.02999877929688,179.5500030517578,179.77000427246094,6497700.0,180.52481352492677,181.5420837678342,179.0687354454039,179.28814697265625,Yahoo Finance via yfinance
2026-08-21,XLI,Industrials,180.9499969482422,181.24000549316406,179.7899932861328,180.25,5470900.0,180.46498165022706,180.7542128611715,179.30808724222857,179.76686096191406,Yahoo Finance via yfinance
2026-08-24,XLI,Industrials,180.08999633789062,180.3000030517578,178.36000061035156,179.0,5242400.0,179.60727731333057,179.8167211184403,177.88191872204047,178.52020263671875,Yahoo Finance via yfinance
2026-08-25,XLI,Industrials,180.75999450683594,180.9600067138672,178.16000366210938,178.39999389648438,6564300.0,180.27548887469564,180.4749649728325,177.682466995703,177.92181396484375,Yahoo Finance via yfinance
2026-08-26,XLI,Industrials,178.89999389648438,180.89999389648438,178.89999389648438,180.33999633789062,8142000.0,178.4204704991398,180.41510970077533,178.4204704991398,179.8566131591797,Yahoo Finance via yfinance
2026-08-27,XLI,Industrials,180.47000122070312,180.49000549316406,178.17999267578125,178.8000030517578,5464700.0,179.98626157930505,180.00621223144395,177.70239127289832,178.32073974609375,Yahoo Finance via yfinance
2026-08-28,XLI,Industrials,179.44000244140625,179.52000427246094,176.64999389648438,177.13999938964844,8234400.0,178.95902975209168,179.03881714547745,176.1764995726112,176.66519165039062,Yahoo Finance via yfinance
2026-08-31,XLI,Industrials,176.08999633789062,176.25999450683594,174.72999572753906,175.1300048828125,7362100.0,175.6180017740605,175.78754427707776,174.26164653203332,174.66058349609375,Yahoo Finance via yfinance
2026-09-01,XLI,Industrials,174.33999633789062,175.44000244140625,172.14999389648438,172.72999572753906,9138900.0,173.87269874530548,174.96975641349474,171.6885663445676,172.2670135498047,Yahoo Finance via yfinance
2026-09-02,XLI,Industrials,173.33999633789062,173.33999633789062,171.6199951171875,172.77999877929688,10830300.0,172.87537581360476,172.87537581360476,171.15998488415477,172.31687927246094,Yahoo Finance via yfinance
2026-09-03,XLI,Industrials,173.75999450683594,174.55999755859375,172.02000427246094,174.55999755859375,8340600.0,173.2942433496157,174.09210205078125,171.55891703381133,174.09210205078125,Yahoo Finance via yfinance
2026-09-04,XLI,Industrials,174.33999633789062,175.77999877929688,174.10000610351562,175.27000427246094,5841600.0,173.87268632319532,175.30882890698894,173.63333937115547,174.80020141601562,Yahoo Finance via yfinance
2026-09-08,XLI,Industrials,175.13999938964844,175.7100067138672,174.27000427246094,174.4199981689453,6225400.0,174.67055546576012,175.23903494667718,173.8028922768757,173.95248413085938,Yahoo Finance via yfinance
2026-09-09,XLI,Industrials,173.52999877929688,174.16000366210938,171.7100067138672,171.7899932861328,6411800.0,173.06487040542137,173.69318662835525,171.24975663167504,171.32952880859375,Yahoo Finance via yfinance
2026-09-10,XLI,Industrials,170.8300018310547,171.67999267578125,170.0,170.5500030517578,7830400.0,170.37209798380377,171.21981045778892,169.5443209436382,170.0928497314453,Yahoo Finance via yfinance
2026-09-11,XLI,Industrials,172.4499969482422,172.9199981689453,171.8699951171875,172.3699951171875,5577100.0,171.9877616371534,172.45650306565992,171.40931444414775,171.90797424316406,Yahoo Finance via yfinance
2026-09-14,XLI,Industrials,168.6699981689453,170.13999938964844,168.33999633789062,169.92999267578125,7359400.0,168.2178854182846,169.68394636328614,167.88876814309154,169.47450256347656,Yahoo Finance via yfinance
2026-09-15,XLI,Industrials,170.47000122070312,171.02999877929688,168.4199981689453,168.85000610351562,8890100.0,170.01306799173318,170.5715645150079,167.96855983354683,168.3974151611328,Yahoo Finance via yfinance
2026-09-16,XLI,Industrials,169.61000061035156,170.67999267578125,167.49000549316406,168.7100067138672,8909600.0,169.15537879847935,170.2225028624367,167.04106610578253,168.25779724121094,Yahoo Finance via yfinance
2026-09-17,XLI,Industrials,171.50999450683594,171.50999450683594,168.66000366210938,169.00999450683594,5851100.0,171.0502752621615,171.0502752621615,168.2079235969605,168.55697631835938,Yahoo Finance via yfinance
2026-09-18,XLI,Industrials,169.0,169.9199981689453,168.47999572753906,169.75,8562500.0,168.54700848631376,169.4645406708618,168.02839804534693,169.2949981689453,Yahoo Finance via yfinance
2026-09-21,XLI,Industrials,170.36000061035156,170.69000244140625,168.55999755859375,169.97999572753906,8548900.0,170.36000061035156,170.69000244140625,168.55999755859375,169.97999572753906,Yahoo Finance via yfinance
2025-11-24,XLK,Information Technology,137.52000427246094,140.35000610351562,137.43499755859375,139.85499572753906,20124800.0,136.81822071522518,139.63378065644366,136.73364780234837,139.14129638671875,Yahoo Finance via yfinance
2025-11-25,XLK,Information Technology,138.625,140.58999633789062,136.65499877929688,140.22999572753906,21303400.0,137.91758375277865,139.8725525318945,135.95763563123205,139.51438903808594,Yahoo Finance via yfinance
2025-11-26,XLK,Information Technology,141.88499450683594,142.4949951171875,140.7899932861328,141.88999938964844,13358800.0,141.16094472974578,141.76783246119507,140.0715313824645,141.16592407226562,Yahoo Finance via yfinance
2025-11-28,XLK,Information Technology,142.19000244140625,143.13499450683594,141.80499267578125,143.11000061035156,6792200.0,141.46439635669378,142.4045660578158,141.08135132433986,142.37969970703125,Yahoo Finance via yfinance
2025-12-01,XLK,Information Technology,141.72000122070312,143.60499572753906,141.28500366210938,143.1750030517578,12846600.0,140.9967896462923,142.872164834519,140.56401192446475,142.44436645507812,Yahoo Finance via yfinance
2025-12-02,XLK,Information Technology,144.06500244140625,145.51499938964844,143.64500427246094,144.64999389648438,15719000.0,143.32982851461074,144.77242602556964,142.91197362611436,143.91183471679688,Yahoo Finance via yfinance
2025-12-03,XLK,Information Technology,143.9499969482422,145.09500122070312,143.22999572753906,144.9949951171875,11623200.0,143.21540051694214,144.35456167672365,142.49907356048683,144.25506591796875,Yahoo Finance via yfinance
2025-12-04,XLK,Information Technology,145.19000244140625,145.7949981689453,144.4949951171875,145.53500366210938,9995200.0,144.449072004033,145.05098033063896,143.75761142595417,144.7923126220703,Yahoo Finance via yfinance
2025-12-05,XLK,Information Technology,146.2100067138672,147.30999755859375,145.69000244140625,146.60000610351562,6628000.0,145.46388899208887,146.55826652291518,144.94653833008732,145.85189819335938,Yahoo Finance via yfinance
2025-12-08,XLK,Information Technology,147.42999267578125,148.3800048828125,146.9199981689453,147.6300048828125,8272800.0,146.67764116774396,147.62280535773579,146.17024921910766,146.8766326904297,Yahoo Finance via yfinance
2025-12-09,XLK,Information Technology,147.33999633789062,148.25,146.9600067138672,148.02000427246094,6978200.0,146.5880954395363,147.49345519918842,146.2100449667737,147.26463317871094,Yahoo Finance via yfinance
2025-12-10,XLK,Information Technology,147.69000244140625,149.22000122070312,146.82000732421875,148.72999572753906,8961100.0,146.9363373801525,148.45852854481973,146.07078186559517,147.9710235595703,Yahoo Finance via yfinance
2025-12-11,XLK,Information Technology,147.05999755859375,148.1300048828125,145.11000061035156,147.97000122070312,9769300.0,146.30952974072926,147.37407666732094,144.36948390073462,147.2148895263672,Yahoo Finance via yfinance
2025-12-12,XLK,Information Technology,146.94000244140625,147.0800018310547,143.25999450683594,143.69000244140625,14873200.0,146.1901563336216,146.3294412956419,142.52892776192394,142.9567413330078,Yahoo Finance via yfinance
2025-12-15,XLK,Information Technology,144.4199981689453,144.6300048828125,142.02000427246094,142.3000030517578,10790300.0,143.68299844432644,143.89193345834423,141.29525212340792,141.57382202148438,Yahoo Finance via yfinance
2025-12-16,XLK,Information Technology,141.91000366210938,142.97000122070312,141.3000030517578,142.55999755859375,10790900.0,141.1858121494682,142.24040035554597,140.5789244786792,141.83248901367188,Yahoo Finance via yfinance
2025-12-17,XLK,Information Technology,142.72000122070312,142.83999633789062,139.32000732421875,139.38999938964844,18178700.0,141.99168896966495,142.11107174160887,138.60904552992866,138.67868041992188,Yahoo Finance via yfinance
2025-12-18,XLK,Information Technology,141.86000061035156,142.4199981689453,140.7899932861328,141.5399932861328,12319500.0,141.13606225473117,141.693202040098,140.0715153798249,140.81768798828125,Yahoo Finance via yfinance
2025-12-19,XLK,Information Technology,142.58999633789062,144.6199951171875,142.57000732421875,144.60000610351562,14265900.0,141.86233867346238,143.88197807125653,141.84245166665897,143.86209106445312,Yahoo Finance via yfinance
2025-12-22,XLK,Information Technology,146.00999450683594,146.00999450683594,144.64999389648438,145.16000366210938,8864500.0,145.48522633486706,145.48522633486706,144.13011364356913,144.63829040527344,Yahoo Finance via yfinance
2025-12-23,XLK,Information Technology,144.74000549316406,145.97999572753906,144.36000061035156,145.9499969482422,7546100.0,144.21978773744877,145.45532125693947,143.84114865040658,145.42543029785156,Yahoo Finance via yfinance
2025-12-24,XLK,Information Technology,145.7899932861328,146.5,145.67999267578125,146.3000030517578,3676300.0,145.26600844472878,145.97346331846637,145.15640318834542,145.77418518066406,Yahoo Finance via yfinance
2025-12-26,XLK,Information Technology,146.61000061035156,146.97999572753906,146.24000549316406,146.52999877929688,5052900.0,146.08307123095352,146.45173655278825,145.71440590911877,146.00335693359375,Yahoo Finance via yfinance
2025-12-29,XLK,Information Technology,145.35000610351562,146.3800048828125,145.0399932861328,145.8699951171875,9822300.0,144.827613486219,145.8539104166302,144.5187148649165,145.34573364257812,Yahoo Finance via yfinance
2025-12-30,XLK,Information Technology,145.85000610351562,146.25999450683594,145.3800048828125,145.41000366210938,6387400.0,145.3258111791752,145.73432605605694,144.857499175092,144.88739013671875,Yahoo Finance via yfinance
2025-12-31,XLK,Information Technology,145.7100067138672,145.8000030517578,143.89999389648438,143.97000122070312,9528400.0,145.18631218580498,145.2759850689737,143.38280471304168,143.4525604248047,Yahoo Finance via yfinance
2026-01-02,XLK,Information Technology,145.6300048828125,146.52000427246094,143.41000366210938,144.3000030517578,15299500.0,145.1065937202142,145.99339434862094,142.89457144190575,143.7813720703125,Yahoo Finance via yfinance
2026-01-05,XLK,Information Technology,146.00999450683594,146.38999938964844,144.25,144.6199951171875,17476300.0,145.48520794600006,145.86384702192908,143.73153918054538,144.10020446777344,Yahoo Finance via yfinance
2026-01-06,XLK,Information Technology,145.2100067138672,146.77000427246094,144.6300048828125,146.64999389648438,14985700.0,144.68811302451238,146.24250385599646,144.11019575568787,146.1229248046875,Yahoo Finance via yfinance
2026-01-07,XLK,Information Technology,146.52999877929688,147.3800048828125,146.0399932861328,146.52999877929688,13957100.0,146.00335693359375,146.85030803958708,145.51511256374556,146.00335693359375,Yahoo Finance via yfinance
2026-01-08,XLK,Information Technology,145.92999267578125,145.92999267578125,143.5,144.24000549316406,16870100.0,145.40550128342846,145.40550128342846,142.98424231768556,143.72158813476562,Yahoo Finance via yfinance
2026-01-09,XLK,Information Technology,144.57000732421875,146.5800018310547,144.02999877929688,146.14999389648438,15652600.0,144.05041730047822,146.05318781173682,143.5123495665023,145.62472534179688,Yahoo Finance via yfinance
2026-01-12,XLK,Information Technology,145.19000244140625,147.2899932861328,145.0500030517578,146.7899932861328,12867200.0,144.66818027908099,146.7606236222921,144.52868405620026,146.26242065429688,Yahoo Finance via yfinance
2026-01-13,XLK,Information Technology,146.85000610351562,147.52000427246094,145.85000610351562,146.47999572753906,16552200.0,146.32221752165037,146.9898076731034,145.3258115874313,145.9535369873047,Yahoo Finance via yfinance
2026-01-14,XLK,Information Technology,145.5,145.92999267578125,143.32000732421875,144.6999969482422,22104200.0,144.97705940667458,145.40550664860703,142.80490182823573,144.179931640625,Yahoo Finance via yfinance
2026-01-15,XLK,Information Technology,146.92999267578125,147.57000732421875,145.30999755859375,145.4600067138672,17370900.0,146.4019127802936,147.03962715727187,144.7877400744232,144.9372100830078,Yahoo Finance via yfinance
2026-01-16,XLK,Information Technology,146.72000122070312,146.9499969482422,145.02000427246094,145.6199951171875,14156700.0,146.1926711964234,146.42184029056838,144.49878424971155,145.09661865234375,Yahoo Finance via yfinance
2026-01-20,XLK,Information Technology,143.08999633789062,144.10000610351562,141.61000061035156,141.83999633789062,20029200.0,142.5757074908943,143.58208711625016,141.10103111003045,141.3302001953125,Yahoo Finance via yfinance
2026-01-21,XLK,Information Technology,142.77999877929688,145.0399932861328,141.9600067138672,143.80999755859375,27892800.0,142.2668396890807,144.5187116525987,141.44979471978408,143.2931365966797,Yahoo Finance via yfinance
2026-01-22,XLK,Information Technology,145.61000061035156,145.6999969482422,144.16000366210938,144.8800048828125,12971600.0,145.08665545579325,145.17632833274598,143.64187002375056,144.35928344726562,Yahoo Finance via yfinance
2026-01-23,XLK,Information Technology,144.52999877929688,145.8300018310547,143.75,145.08999633789062,14654500.0,144.01054235478992,145.3058730551825,143.23334697534384,144.5685272216797,Yahoo Finance via yfinance
2026-01-26,XLK,Information Technology,145.27000427246094,146.7100067138672,144.88999938964844,146.0800018310547,10195600.0,144.7478910610837,146.18271800667551,144.36925194934486,145.5549774169922,Yahoo Finance via yfinance
2026-01-27,XLK,Information Technology,147.4199981689453,148.6199951171875,147.02999877929688,148.0500030517578,12436200.0,146.89017316255277,148.08585734184456,146.5015754241842,147.51791381835938,Yahoo Finance via yfinance
2026-01-28,XLK,Information Technology,149.0,149.89999389648438,148.61000061035156,149.22999572753906,19497400.0,148.46448019041432,149.36123942542167,148.07588249471812,148.6936492919922,Yahoo Finance via yfinance
2026-01-29,XLK,Information Technology,147.83999633789062,147.92999267578125,143.27000427246094,146.8699951171875,25581000.0,147.30866288639785,147.39833577957788,142.7550952644041,146.34214782714844,Yahoo Finance via yfinance
2026-01-30,XLK,Information Technology,146.0399932861328,146.75,142.99000549316406,143.8800048828125,18342600.0,145.51512517979282,146.22258012772926,142.4760990506891,143.36289978027344,Yahoo Finance via yfinance
2026-02-02,XLK,Information Technology,143.52999877929688,146.14999389648438,143.38999938964844,145.25999450683594,16337600.0,143.01412201831664,145.62470032643054,142.87462581568337,144.73789978027344,Yahoo Finance via yfinance
2026-02-03,XLK,Information Technology,145.8800048828125,145.97000122070312,140.1699981689453,142.0800018310547,30464500.0,145.3557122998959,145.44538519104356,139.66622734410578,141.56936645507812,Yahoo Finance via yfinance
2026-02-04,XLK,Information Technology,140.8300018310547,141.00999450683594,136.11000061035156,138.1199951171875,45649500.0,140.32386322623216,140.50320901398803,135.6208255417184,137.62359619140625,Yahoo Finance via yfinance
2026-02-05,XLK,Information Technology,137.22000122070312,138.47999572753906,135.0800018310547,135.6300048828125,42950900.0,136.72681402519288,137.98227994179663,134.594506082039,135.1425323486328,Yahoo Finance via yfinance
2026-02-06,XLK,Information Technology,138.00999450683594,141.47000122070312,137.4199981689453,141.1300048828125,37131900.0,137.5139754107647,140.9615465803168,136.92609956748933,140.62277221679688,Yahoo Finance via yfinance
2026-02-09,XLK,Information Technology,140.60000610351562,144.02999877929688,139.91000366210938,143.35000610351562,24629500.0,140.094676841951,143.5123418108277,139.40715433233038,142.8347930908203,Yahoo Finance via yfinance
2026-02-10,XLK,Information Technology,143.82000732421875,144.14999389648438,142.38999938964844,142.5500030517578,22564300.0,143.30311378818442,143.6319143785456,141.87824534617573,142.0376739501953,Yahoo Finance via yfinance
2026-02-11,XLK,Information Technology,144.50999450683594,144.75999450683594,141.32000732421875,142.97000122070312,18905700.0,143.99061998964126,144.23972147995866,140.81209774450804,142.45616149902344,Yahoo Finance via yfinance
2026-02-12,XLK,Information Technology,143.30999755859375,143.77000427246094,138.9199981689453,139.2100067138672,32154700.0,142.7949417666336,143.25329521746016,138.4207200243989,138.70968627929688,Yahoo Finance via yfinance
2026-02-13,XLK,Information Technology,139.55999755859375,140.91000366210938,137.92999267578125,139.55999755859375,26637100.0,139.05841064453125,140.40356474598846,137.4342640960078,139.05841064453125,Yahoo Finance via yfinance
2026-02-17,XLK,Information Technology,138.63999938964844,140.4499969482422,137.02000427246094,139.47999572753906,25743800.0,138.14170620800732,139.94519836090137,136.52753359893248,138.9786834716797,Yahoo Finance via yfinance
2026-02-18,XLK,Information Technology,140.05999755859375,142.1199951171875,139.27000427246094,140.91000366210938,13705800.0,139.5566133237596,141.6092071245862,138.7694593220249,140.403564453125,Yahoo Finance via yfinance
2026-02-19,XLK,Information Technology,140.08999633789062,140.7100067138672,139.27999877929688,140.2100067138672,13484000.0,139.58649090643723,140.20427286782302,138.77940460618368,139.70606994628906,Yahoo Finance via yfinance
2026-02-20,XLK,Information Technology,139.1999969482422,141.75,138.97000122070312,140.8800048828125,14942400.0,138.69968753766702,141.24052542741504,138.4705184554541,140.3736572265625,Yahoo Finance via yfinance
2026-02-23,XLK,Information Technology,140.17999267578125,140.64999389648438,137.88999938964844,138.52000427246094,22021900.0,139.67616263381018,140.14447459251355,137.3943999617004,138.0221405029297,Yahoo Finance via yfinance
2026-02-24,XLK,Information Technology,139.24000549316406,140.94000244140625,138.19000244140625,140.32000732421875,13030600.0,138.73956884502195,140.43345590572417,137.69333956507563,139.81568908691406,Yahoo Finance via yfinance
2026-02-25,XLK,Information Technology,141.36000061035156,143.33999633789062,141.2100067138672,143.00999450683594,13296000.0,140.85193854486354,142.82481796853554,140.70248374153513,142.49600219726562,Yahoo Finance via yfinance
2026-02-26,XLK,Information Technology,142.94000244140625,143.00999450683594,139.25999450683594,141.00999450683594,19364900.0,142.42626036082316,142.49600086707625,138.75947877927214,140.50318908691406,Yahoo Finance via yfinance
2026-02-27,XLK,Information Technology,138.30999755859375,139.77000427246094,137.94000244140625,138.75999450683594,15328600.0,137.81291184334265,139.26767129747125,137.44424648749356,138.26129150390625,Yahoo Finance via yfinance
2026-03-02,XLK,Information Technology,137.02999877929688,139.9600067138672,136.55999755859375,139.5399932861328,20156700.0,136.53749416498613,139.4569712490814,136.06918219314815,139.03846740722656,Yahoo Finance via yfinance
2026-03-03,XLK,Information Technology,136.36000061035156,138.3300018310547,134.99000549316406,137.5,34153000.0,135.86991146131842,137.83283233428375,134.50484022018077,137.0058135986328,Yahoo Finance via yfinance
2026-03-04,XLK,Information Technology,138.52999877929688,140.6300048828125,138.0399932861328,139.83999633789062,15201400.0,138.03211300113543,140.12457154684984,137.54386861941595,139.33740234375,Yahoo Finance via yfinance
2026-03-05,XLK,Information Technology,139.16000366210938,141.25999450683594,138.08999633789062,140.17999267578125,19422500.0,138.65985486213998,140.75229822286758,137.59369320381003,139.67617797851562,Yahoo Finance via yfinance
2026-03-06,XLK,Information Technology,137.82000732421875,139.8300018310547,136.7899932861328,137.2899932861328,19677200.0,137.32466366170124,139.32743397765236,136.29835163275007,136.7965545654297,Yahoo Finance via yfinance
2026-03-09,XLK,Information Technology,135.97000122070312,140.2100067138672,135.4600067138672,139.75999450683594,22760900.0,135.48131855994575,139.7060852714122,134.97315699765886,139.2576904296875,Yahoo Finance via yfinance
2026-03-10,XLK,Information Technology,139.83999633789062,141.38999938964844,139.02000427246094,139.75999450683594,24338500.0,139.3374047303508,140.8818369973126,138.52035975546121,139.2576904296875,Yahoo Finance via yfinance
2026-03-11,XLK,Information Technology,140.5800018310547,141.58999633789062,139.52000427246094,140.42999267578125,14009200.0,140.07474772210523,141.08111223983923,139.0185598669898,139.92527770996094,Yahoo Finance via yfinance
2026-03-12,XLK,Information Technology,139.27000427246094,139.75,137.64999389648438,137.83999633789062,32372800.0,138.76945761407228,139.2477282015949,137.1552696747682,137.34458923339844,Yahoo Finance via yfinance
2026-03-13,XLK,Information Technology,138.4499969482422,139.7100067138672,136.52000427246094,136.8000030517578,15701800.0,137.9523980545416,139.20787925765848,136.02934190632615,136.30833435058594,Yahoo Finance via yfinance
2026-03-16,XLK,Information Technology,138.72000122070312,140.0800018310547,138.52000427246094,138.77999877929688,16626400.0,138.22142230458255,139.576534884194,138.02214417309932,138.2812042236328,Yahoo Finance via yfinance
2026-03-17,XLK,Information Technology,139.38999938964844,140.27000427246094,138.92999267578125,139.5399932861328,12034600.0,138.88901260938331,139.765854633922,138.43065922275258,139.03846740722656,Yahoo Finance via yfinance
2026-03-18,XLK,Information Technology,139.30999755859375,140.07000732421875,137.92999267578125,137.9600067138672,12634500.0,138.8093112813536,139.56658953835117,137.43426619697235,137.46417236328125,Yahoo Finance via yfinance
2026-03-19,XLK,Information Technology,136.0,139.1699981689453,135.44000244140625,138.42999267578125,18087900.0,135.51120550502483,138.66981045592556,134.95322062087106,137.93246459960938,Yahoo Finance via yfinance
2026-03-20,XLK,Information Technology,137.97999572753906,137.97999572753906,134.32000732421875,135.2899932861328,27251800.0,137.48409120027748,137.48409120027748,133.83725691259082,134.8037567138672,Yahoo Finance via yfinance
2026-03-23,XLK,Information Technology,137.5,139.1999969482422,136.22000122070312,136.9499969482422,21818500.0,137.17616436707777,138.87215753650034,135.89918020025243,136.62745666503906,Yahoo Finance via yfinance
2026-03-24,XLK,Information Technology,136.0500030517578,136.9199981689453,134.8699951171875,136.14999389648438,16843900.0,135.72957510024023,136.59752118584393,134.55234634624154,135.82933044433594,Yahoo Finance via yfinance
2026-03-25,XLK,Information Technology,137.2899932861328,138.0,136.27999877929688,136.75999450683594,13872400.0,136.96664725221012,137.67498175494603,135.9590314891577,136.43789672851562,Yahoo Finance via yfinance
2026-03-26,XLK,Information Technology,135.17999267578125,135.52000427246094,132.4199981689453,132.5,15434600.0,134.86160782606532,135.2008186049689,132.10811384063706,132.18792724609375,Yahoo Finance via yfinance
2026-03-27,XLK,Information Technology,131.52999877929688,132.0500030517578,129.5800018310547,129.9199981689453,15895200.0,131.2202224469896,131.7390020177262,129.27481808529225,129.614013671875,Yahoo Finance via yfinance
2026-03-30,XLK,Information Technology,131.27000427246094,131.5500030517578,126.68000030517578,127.5,18830000.0,130.96083989771466,131.2401792297295,126.38164621198997,127.19971466064453,Yahoo Finance via yfinance
2026-03-31,XLK,Information Technology,129.14999389648438,133.22000122070312,128.97999572753906,132.89999389648438,19405300.0,128.8458222851816,132.90624400549538,128.6762244926932,132.5869903564453,Yahoo Finance via yfinance
2026-04-01,XLK,Information Technology,134.1199951171875,136.0500030517578,133.75999450683594,134.91000366210938,17050100.0,133.80410677447674,135.72956902585238,133.44495406153285,134.59225463867188,Yahoo Finance via yfinance
2026-04-02,XLK,Information Technology,131.91000366210938,136.0399932861328,131.35000610351562,135.99000549316406,12266200.0,131.5993308496408,135.71959357307793,131.04065219038503,135.6697235107422,Yahoo Finance via yfinance
2026-04-06,XLK,Information Technology,136.47999572753906,137.25,135.7100067138672,136.77999877929688,10147600.0,136.15855873850717,136.92674950083745,135.3903831990285,136.45785522460938,Yahoo Finance via yfinance
2026-04-07,XLK,Information Technology,136.1699981689453,137.49000549316406,134.11000061035156,137.42999267578125,8585500.0,135.8492811033986,137.16617945441314,133.79413539455817,137.10630798339844,Yahoo Finance via yfinance
2026-04-08,XLK,Information Technology,143.1300048828125,143.55999755859375,140.74000549316406,141.69000244140625,13359000.0,142.79290365780312,143.22188361051582,140.40853321872086,141.35629272460938,Yahoo Finance via yfinance
2026-04-09,XLK,Information Technology,141.75999450683594,142.19000244140625,140.35000610351562,142.07000732421875,8235100.0,141.426114678301,141.85510983789226,140.0194471462037,141.7353973388672,Yahoo Finance via yfinance
2026-04-10,XLK,Information Technology,142.5,143.55999755859375,141.9199981689453,142.6199951171875,9310100.0,142.16437563712026,143.22187662725608,141.58573986041657,142.28408813476562,Yahoo Finance via yfinance
2026-04-13,XLK,Information Technology,142.3300018310547,145.6699981689453,142.1300048828125,145.61000061035156,10407700.0,141.99478561375753,145.326915578264,141.7952596991667,145.26705932617188,Yahoo Finance via yfinance
2026-04-14,XLK,Information Technology,146.89999389648438,147.94000244140625,146.0800018310547,147.94000244140625,10183300.0,146.55400891963288,147.59156799316406,145.7359481336284,147.59156799316406,Yahoo Finance via yfinance
2026-04-15,XLK,Information Technology,148.27000427246094,150.3699951171875,147.9600067138672,150.3000030517578,10622500.0,147.9207967062218,150.0158416234453,147.61152925816867,149.94601440429688,Yahoo Finance via yfinance
2026-04-16,XLK,Information Technology,150.99000549316406,152.17999267578125,149.75,152.02000427246094,11778000.0,150.63439908390154,151.8215836500959,149.3973140085456,151.66197204589844,Yahoo Finance via yfinance
2026-04-17,XLK,Information Technology,154.05999755859375,154.80999755859375,153.50999450683594,154.35000610351562,10630400.0,153.69715519657524,154.44538879533008,153.148447512918,153.98648071289062,Yahoo Finance via yfinance
2026-04-20,XLK,Information Technology,154.3000030517578,154.75,153.0399932861328,154.55999755859375,8131600.0,153.93658647567318,154.38552356424626,152.6795443602478,154.1959686279297,Yahoo Finance via yfinance
2026-04-21,XLK,Information Technology,155.0,156.07000732421875,154.14999389648438,154.69000244140625,12657300.0,154.6349357708465,155.70242295700717,153.78693164683384,154.32566833496094,Yahoo Finance via yfinance
2026-04-22,XLK,Information Technology,156.22000122070312,158.16000366210938,155.52000427246094,158.08999633789062,13830400.0,155.8520756757787,157.7875090706491,155.15372734331308,157.71766662597656,Yahoo Finance via yfinance
2026-04-23,XLK,Information Technology,156.77000427246094,157.8000030517578,153.9499969482422,155.83999633789062,12151400.0,156.4007790023655,157.42835192488417,153.58741336939877,155.47296142578125,Yahoo Finance via yfinance
2026-04-24,XLK,Information Technology,158.42999267578125,160.39999389648438,157.60000610351562,160.22000122070312,11059800.0,158.05685864711316,160.0222201245483,157.22882685770284,159.8426513671875,Yahoo Finance via yfinance
2026-04-27,XLK,Information Technology,160.02000427246094,160.6199951171875,158.80999755859375,160.57000732421875,8963900.0,159.64312580928626,160.24170355801581,158.43596889830982,160.19183349609375,Yahoo Finance via yfinance
2026-04-28,XLK,Information Technology,157.11000061035156,158.63999938964844,156.16000366210938,157.85000610351562,9253000.0,156.7399783195796,158.26637367674553,155.7922187849053,157.47824096679688,Yahoo Finance via yfinance
2026-04-29,XLK,Information Technology,158.8300018310547,159.14999389648438,157.75,159.11000061035156,7506900.0,158.4559206919125,158.77515910252274,157.3784625132571,158.73526000976562,Yahoo Finance via yfinance
2026-04-30,XLK,Information Technology,159.64999389648438,159.8000030517578,156.8800048828125,159.5,9276400.0,159.27398450130474,159.42364035339057,156.51051939576632,159.1243438720703,Yahoo Finance via yfinance
2026-05-01,XLK,Information Technology,160.38999938964844,162.2899932861328,160.13999938964844,161.8699951171875,10161800.0,160.01224427321233,161.90776324969968,159.7628330803666,161.48875427246094,Yahoo Finance via yfinance
2026-05-04,XLK,Information Technology,162.7100067138672,163.24000549316406,160.8800048828125,162.0500030517578,10740000.0,162.32679947108585,162.855550021248,160.50110757750906,161.66835021972656,Yahoo Finance via yfinance
2026-05-05,XLK,Information Technology,163.8699951171875,166.02000427246094,163.52000427246094,165.6300048828125,9813500.0,163.4840342441775,165.62897951078753,163.13486772834582,165.23989868164062,Yahoo Finance via yfinance
2026-05-06,XLK,Information Technology,167.8800048828125,170.0800018310547,166.83999633789062,170.02999877929688,11304700.0,167.48461685043577,169.67943240459113,166.44705771533205,169.62954711914062,Yahoo Finance via yfinance
2026-05-07,XLK,Information Technology,170.25999450683594,171.9499969482422,168.6999969482422,169.69000244140625,11031500.0,169.8590091539668,171.54503141067212,168.30268560096266,169.2903594970703,Yahoo Finance via yfinance
2026-05-08,XLK,Information Technology,171.58999633789062,175.60000610351562,171.3000030517578,175.52000427246094,11222200.0,171.18587623971436,175.18644183274913,170.8965659311313,175.10662841796875,Yahoo Finance via yfinance
2026-05-11,XLK,Information Technology,176.14999389648438,178.3000030517578,175.8699951171875,177.8800048828125,10461800.0,175.73512312847168,177.88006855408068,175.45578380595956,177.4610595703125,Yahoo Finance via yfinance
2026-05-12,XLK,Information Technology,176.14999389648438,176.99000549316406,171.1999969482422,175.1999969482422,15950700.0,175.7351283053462,176.57316152042102,170.79678950914044,174.78736877441406,Yahoo Finance via yfinance
2026-05-13,XLK,Information Technology,177.27000427246094,177.74000549316406,174.25999450683594,176.85000610351562,9817900.0,176.85249592291177,177.32139019134317,173.84957536684894,176.43348693847656,Yahoo Finance via yfinance
2026-05-14,XLK,Information Technology,177.36000061035156,180.22000122070312,176.8699951171875,179.5,11424900.0,176.94228074634006,179.7955454576055,176.4534293185079,179.07723999023438,Yahoo Finance via yfinance
2026-05-15,XLK,Information Technology,176.2100067138672,178.6999969482422,174.6300048828125,176.25999450683594,14519000.0,175.79499383075523,178.27911959667375,174.21871324758797,175.84486389160156,Yahoo Finance via yfinance
2026-05-18,XLK,Information Technology,177.6199951171875,177.85000610351562,171.91000366210938,174.36000061035156,19162600.0,177.20165725502744,177.43112651009253,171.5051142048808,173.9493408203125,Yahoo Finance via yfinance
2026-05-19,XLK,Information Technology,172.67999267578125,175.17999267578125,170.8300018310547,173.24000549316406,15751400.0,172.27329161511307,174.7674035406702,170.42765792391148,172.8319854736328,Yahoo Finance via yfinance
2026-05-20,XLK,Information Technology,174.66000366210938,177.25,173.9499969482422,177.13999938964844,12630300.0,174.24863881707694,176.83253511248597,173.5403043338046,176.72279357910156,Yahoo Finance via yfinance
2026-05-21,XLK,Information Technology,175.8300018310547,178.97999572753906,175.8300018310547,178.60000610351562,10873200.0,175.41588671174168,178.55846173724444,175.41588671174168,178.1793670654297,Yahoo Finance via yfinance
2026-05-22,XLK,Information Technology,180.02999877929688,181.72999572753906,179.55999755859375,180.38999938964844,10739900.0,179.60598095242193,181.30197396233953,179.13708670776492,179.9651336669922,Yahoo Finance via yfinance
2026-05-26,XLK,Information Technology,183.1999969482422,186.0,182.58999633789062,185.13999938964844,12500300.0,182.76853081689472,185.5619394008325,182.15996685833275,184.70396423339844,Yahoo Finance via yfinance
2026-05-27,XLK,Information Technology,186.17999267578125,186.27000427246094,182.5399932861328,184.42999267578125,12297400.0,185.74149910448637,185.83129870466783,182.11007268935006,183.99562072753906,Yahoo Finance via yfinance
2026-05-28,XLK,Information Technology,184.8300018310547,187.5800018310547,183.7899932861328,186.85000610351562,11167600.0,184.39468071356018,187.138203772256,183.3571216502024,186.40992736816406,Yahoo Finance via yfinance
2026-05-29,XLK,Information Technology,189.3300018310547,191.6300048828125,189.1999969482422,191.02000427246094,15031700.0,188.88409198651692,191.17867807322256,188.75439329108372,190.5701141357422,Yahoo Finance via yfinance
2026-06-01,XLK,Information Technology,192.32000732421875,196.5,191.14999389648438,195.75999450683594,18968800.0,191.86706470132816,196.03721286393278,190.69980683167714,195.2989501953125,Yahoo Finance via yfinance
2026-06-02,XLK,Information Technology,196.4499969482422,198.3800048828125,195.75,198.2100067138672,10175200.0,195.9873298822416,197.91279237969144,195.28898152417136,197.74319458007812,Yahoo Finance via yfinance
2026-06-03,XLK,Information Technology,198.3699951171875,198.72999572753906,194.52999877929688,196.22999572753906,11582100.0,197.9027968167576,198.2619495585935,194.0718443857424,195.76783752441406,Yahoo Finance via yfinance
2026-06-04,XLK,Information Technology,191.52000427246094,194.74000549316406,189.69000244140625,193.1699981689453,13142600.0,191.0689343011224,194.2813517403618,189.2432425100378,192.7150421142578,Yahoo Finance via yfinance
2026-06-05,XLK,Information Technology,188.88999938964844,189.22000122070312,179.8000030517578,180.3000030517578,26816100.0,188.4451156765128,188.77434026980788,179.37652857858333,179.87535095214844,Yahoo Finance via yfinance
2026-06-08,XLK,Information Technology,185.22000122070312,186.7100067138672,183.1699981689453,184.17999267578125,14685000.0,184.78377495892417,186.27027122240446,182.73860003135385,183.7462158203125,Yahoo Finance via yfinance
2026-06-09,XLK,Information Technology,185.91000366210938,187.0800018310547,172.8800048828125,180.77000427246094,29884400.0,185.47214716848225,186.63938974985447,172.47283673013038,180.34425354003906,Yahoo Finance via yfinance
2026-06-10,XLK,Information Technology,178.16000366210938,182.41000366210938,176.14999389648438,176.6300048828125,20059800.0,177.7403998308308,181.98039019765682,175.73512405589523,176.21400451660156,Yahoo Finance via yfinance
2026-06-11,XLK,Information Technology,177.7899932861328,183.66000366210938,176.5,183.2100067138672,18238400.0,177.37125541555054,183.2274405159888,176.08430037151288,182.77850341796875,Yahoo Finance via yfinance
2026-06-12,XLK,Information Technology,183.24000549316406,185.83999633789062,181.63999938964844,184.8000030517578,15014300.0,182.8084379063748,185.40230524236475,181.21220014357212,184.36476135253906,Yahoo Finance via yfinance
2026-06-15,XLK,Information Technology,190.3699951171875,192.0800018310547,189.75,191.7899932861328,13097800.0,189.92163358010538,191.62761286707592,189.3030986823372,191.33828735351562,Yahoo Finance via yfinance
2026-06-16,XLK,Information Technology,191.22999572753906,192.25,186.42999267578125,186.44000244140625,10077200.0,190.77961219643637,191.79721416206138,185.99091407785878,186.0009002685547,Yahoo Finance via yfinance
2026-06-17,XLK,Information Technology,189.00999450683594,189.99000549316406,185.3000030517578,185.8000030517578,14396100.0,188.5648428619486,189.54254575074086,184.86358908660563,185.36241149902344,Yahoo Finance via yfinance
2026-06-18,XLK,Information Technology,190.4199981689453,192.0,189.3800048828125,191.44000244140625,12101600.0,189.97151853812971,191.54779912853377,188.9339746575714,190.98912048339844,Yahoo Finance via yfinance
2026-06-22,XLK,Information Technology,192.9499969482422,194.3000030517578,190.86000061035156,192.14999389648438,11313000.0,192.72509596518336,194.0735285123133,190.63753571041485,191.926025390625,Yahoo Finance via yfinance
2026-06-23,XLK,Information Technology,184.67999267578125,187.25,183.6999969482422,184.19000244140625,14633600.0,184.46473038292945,187.0317421164443,183.4858769346608,183.97531127929688,Yahoo Finance via yfinance
2026-06-24,XLK,Information Technology,184.07000732421875,185.66000366210938,180.7899932861328,183.0500030517578,12323700.0,183.8554547566356,185.44359778989664,180.57926391301686,182.83663940429688,Yahoo Finance via yfinance
2026-06-25,XLK,Information Technology,188.14999389648438,188.41000366210938,180.3800048828125,184.57000732421875,13218200.0,187.93068741913018,188.19039411896924,180.16975505693293,184.35487365722656,Yahoo Finance via yfinance
2026-06-26,XLK,Information Technology,181.0,183.11000061035156,179.75999450683594,181.11000061035156,13433900.0,180.78902287217574,182.8965640246904,179.55046275358313,180.89889526367188,Yahoo Finance via yfinance
2026-06-29,XLK,Information Technology,183.1199951171875,185.66000366210938,178.6699981689453,185.41000366210938,11857000.0,182.90653900599034,185.44358675820328,178.46172925231315,185.19387817382812,Yahoo Finance via yfinance
2026-06-30,XLK,Information Technology,185.75999450683594,190.94000244140625,185.60000610351562,190.52000427246094,10729900.0,185.54346651558015,190.71743646163878,185.38366460003232,190.2979278564453,Yahoo Finance via yfinance
2026-07-01,XLK,Information Technology,186.8300018310547,187.97999572753906,185.3800048828125,185.6199951171875,9960300.0,186.61222174686054,187.76087514254127,185.1639150006971,185.40362548828125,Yahoo Finance via yfinance
2026-07-02,XLK,Information Technology,185.49000549316406,187.3800048828125,178.72000122070312,180.58999633789062,14173100.0,185.27379906649404,187.16159548022816,178.5116858845983,180.37950134277344,Yahoo Finance via yfinance
2026-07-06,XLK,Information Technology,182.66000366210938,185.7100067138672,182.0399932861328,183.57000732421875,8923100.0,182.44709038714183,185.49353827561598,181.82780271146646,183.3560333251953,Yahoo Finance via yfinance
2026-07-07,XLK,Information Technology,179.83999633789062,180.72000122070312,176.36000061035156,179.17999267578125,12254800.0,179.6303646957123,180.50934379520373,176.1544254474548,178.97113037109375,Yahoo Finance via yfinance
2026-07-08,XLK,Information Technology,177.47999572753906,181.6300048828125,177.14999389648438,181.39999389648438,10528300.0,177.27312386345193,181.41829574043715,176.94350668472757,181.1885528564453,Yahoo Finance via yfinance
2026-07-09,XLK,Information Technology,184.75999450683594,186.39999389648438,183.55999755859375,185.35000610351562,7756600.0,184.54463304665654,186.1827208067653,183.34603484869942,185.1339569091797,Yahoo Finance via yfinance
2026-07-10,XLK,Information Technology,184.00999450683594,186.22999572753906,183.08999633789062,185.77999877929688,6162000.0,183.79550496154252,186.01291845839043,182.87657917993928,185.56344604492188,Yahoo Finance via yfinance
2026-07-13,XLK,Information Technology,183.10000610351562,183.89999389648438,180.5399932861328,181.27999877929688,8595100.0,182.88658095444853,183.68563626512196,180.32955214088304,181.06869506835938,Yahoo Finance via yfinance
2026-07-14,XLK,Information Technology,183.7100067138672,184.42999267578125,181.3300018310547,183.6199951171875,6399600.0,183.49586675846058,184.21501347506333,181.11863610743106,183.4059600830078,Yahoo Finance via yfinance
2026-07-15,XLK,Information Technology,185.11000061035156,185.2899932861328,178.22000122070312,181.5800018310547,9256800.0,184.89423128323438,185.0740141545836,178.0122630670895,181.36834716796875,Yahoo Finance via yfinance
2026-07-16,XLK,Information Technology,179.0,179.47999572753906,176.41000366210938,177.52000427246094,8666500.0,178.79135041913105,179.2707866443943,176.20437308487368,177.31307983398438,Yahoo Finance via yfinance
2026-07-17,XLK,Information Technology,172.85000610351562,177.9199981689453,171.33999633789062,175.58999633789062,12036700.0,172.64853367406275,177.71261620184328,171.14028396238763,175.3853302001953,Yahoo Finance via yfinance
2026-07-20,XLK,Information Technology,177.19000244140625,178.6999969482422,175.52000427246094,175.7100067138672,7638600.0,176.98345853895387,178.49169290044398,175.31540702576874,175.50518798828125,Yahoo Finance via yfinance
2026-07-21,XLK,Information Technology,179.55999755859375,181.02000427246094,178.1699981689453,180.77999877929688,7506800.0,179.3506957603487,180.8090006361962,177.96231660558428,180.56927490234375,Yahoo Finance via yfinance
2026-07-22,XLK,Information Technology,178.16000366210938,181.42999267578125,178.14999389648438,180.27000427246094,5357600.0,177.95233436565567,181.21851177007787,177.9423362677504,180.05987548828125,Yahoo Finance via yfinance
2026-07-23,XLK,Information Technology,178.8000030517578,180.38999938964844,177.1999969482422,178.4499969482422,7177000.0,178.59158725940242,180.17973023968148,176.99344618124553,178.2419891357422,Yahoo Finance via yfinance
2026-07-24,XLK,Information Technology,177.82000732421875,179.00999450683594,175.0500030517578,175.8800048828125,7739600.0,177.61272884226796,178.80132889899045,174.84595346563958,175.67498779296875,Yahoo Finance via yfinance
2026-07-27,XLK,Information Technology,177.8300018310547,178.3000030517578,171.72999572753906,174.3000030517578,8376600.0,177.62271635256468,178.09216972179775,171.52982065039268,174.09683227539062,Yahoo Finance via yfinance
2026-07-28,XLK,Information Technology,171.2100067138672,172.1699981689453,167.5399932861328,171.08999633789062,10049300.0,171.0104344498005,171.9693068834391,167.34469900150776,170.89056396484375,Yahoo Finance via yfinance
2026-07-29,XLK,Information Technology,171.1199951171875,172.50999450683594,166.4600067138672,166.57000732421875,14372900.0,170.9205388513034,172.30891806741425,166.2659820977757,166.3758544921875,Yahoo Finance via yfinance
2026-07-30,XLK,Information Technology,172.80999755859375,176.08999633789062,172.16000366210938,175.72999572753906,15098400.0,172.6085671756178,175.88474273045077,171.9593309234905,175.52516174316406,Yahoo Finance via yfinance
2026-07-31,XLK,Information Technology,177.4600067138672,178.6199951171875,172.6999969482422,175.35000610351562,9146200.0,177.25315577539885,178.4117920730009,172.49869437250285,175.14561462402344,Yahoo Finance via yfinance
2026-08-03,XLK,Information Technology,174.00999450683594,178.9199981689453,173.0399932861328,178.0399932861328,9343400.0,173.8071573408255,178.71143758899683,172.83828681551256,177.83245849609375,Yahoo Finance via yfinance
2026-08-04,XLK,Information Technology,182.52000427246094,187.7100067138672,181.8699951171875,186.89999389648438,13495800.0,182.3072598357962,187.49121283538872,181.65800832805908,186.68214416503906,Yahoo Finance via yfinance
2026-08-05,XLK,Information Technology,187.33999633789062,188.6199951171875,185.7100067138672,185.91000366210938,7571400.0,187.12162414984294,188.40013090319985,185.49353451731974,185.69329833984375,Yahoo Finance via yfinance
2026-08-06,XLK,Information Technology,183.19000244140625,186.91000366210938,182.05999755859375,185.3300018310547,6706000.0,182.9764781251505,186.692143352041,181.8477903639972,185.11398315429688,Yahoo Finance via yfinance
2026-08-07,XLK,Information Technology,187.99000549316406,188.72999572753906,185.74000549316406,187.97000122070312,6361200.0,187.77088122370373,188.51000891318392,185.52350386103487,187.7509002685547,Yahoo Finance via yfinance
2026-08-10,XLK,Information Technology,188.0800018310547,188.83999633789062,186.27000427246094,186.32000732421875,6486800.0,187.86077200136302,188.61988064332934,186.05288421229633,186.1028289794922,Yahoo Finance via yfinance
2026-08-11,XLK,Information Technology,187.69000244140625,187.7100067138672,185.07000732421875,186.08999633789062,5759200.0,187.47121842197208,187.49119937611516,184.8542773463168,185.87307739257812,Yahoo Finance via yfinance
2026-08-12,XLK,Information Technology,189.47000122070312,189.58999633789062,188.3300018310547,188.86000061035156,5887200.0,189.2491516434214,189.3690068921826,188.11048105718083,188.63986206054688,Yahoo Finance via yfinance
2026-08-13,XLK,Information Technology,189.1300048828125,191.74000549316406,188.86000061035156,190.77000427246094,4873900.0,188.9095501744954,191.51650850224553,188.63986062583075,190.54763793945312,Yahoo Finance via yfinance
2026-08-14,XLK,Information Technology,191.13999938964844,191.35000610351562,189.25,190.00999450683594,3634400.0,190.91720089897322,191.12696282274396,189.0294045490482,189.78851318359375,Yahoo Finance via yfinance
2026-08-17,XLK,Information Technology,190.7899932861328,191.75,190.11000061035156,190.32000732421875,6099500.0,190.5675979103036,191.5264855872116,189.8883978716208,190.09815979003906,Yahoo Finance via yfinance
2026-08-18,XLK,Information Technology,186.2899932861328,187.5,184.3300018310547,185.6199951171875,8436300.0,186.07284266779118,187.28143892637047,184.11513589450894,185.40362548828125,Yahoo Finance via yfinance
2026-08-19,XLK,Information Technology,186.38999938964844,186.91000366210938,182.41000366210938,183.63999938964844,7310400.0,186.1727437040222,186.69214186089158,182.19738704887655,183.4259490966797,Yahoo Finance via yfinance
2026-08-20,XLK,Information Technology,183.47000122070312,184.7100067138672,182.66000366210938,183.10000610351562,5012100.0,183.25614526507763,184.49470538538532,182.44709185430528,182.88658142089844,Yahoo Finance via yfinance
2026-08-21,XLK,Information Technology,184.4199981689453,184.55999755859375,181.89999389648438,183.30999755859375,5781100.0,184.20503551270235,184.34487171700772,181.68796859420266,183.09632873535156,Yahoo Finance via yfinance
2026-08-24,XLK,Information Technology,181.67999267578125,181.8800048828125,178.82000732421875,180.0500030517578,6540100.0,181.46822334703467,181.66800241639237,178.61157164365878,179.8401336669922,Yahoo Finance via yfinance
2026-08-25,XLK,Information Technology,182.11000061035156,183.02000427246094,180.58999633789062,181.74000549316406,5363500.0,181.89773157219398,182.80667452593244,180.37949903024662,181.52816772460938,Yahoo Finance via yfinance
2026-08-26,XLK,Information Technology,180.7100067138672,183.35000610351562,180.7100067138672,182.83999633789062,4662700.0,180.49936993699916,183.1362921259298,180.49936993699916,182.6268768310547,Yahoo Finance via yfinance
2026-08-27,XLK,Information Technology,186.47000122070312,188.74000549316406,185.6699981689453,188.61000061035156,8136000.0,186.25264702582345,188.5200053233405,185.45357647805062,188.39015197753906,Yahoo Finance via yfinance
2026-08-28,XLK,Information Technology,188.07000732421875,188.6699981689453,185.50999450683594,185.69000244140625,6300200.0,187.85078719518228,188.45007867230487,185.29375840671585,185.4735565185547,Yahoo Finance via yfinance
2026-08-31,XLK,Information Technology,185.77999877929688,186.64999389648438,185.27999877929688,186.5,4874800.0,185.5634460741624,186.43242708973878,185.06402889445135,186.28260803222656,Yahoo Finance via yfinance
2026-09-01,XLK,Information Technology,183.6999969482422,184.9199981689453,182.6300048828125,183.63999938964844,7648700.0,183.48587672227933,184.70445591281702,182.41713183674423,183.4259490966797,Yahoo Finance via yfinance
2026-09-02,XLK,Information Technology,183.4600067138672,183.77999877929688,182.27000427246094,183.60000610351562,5698700.0,183.24616538082068,183.5657844628898,182.05755000852534,183.38600158691406,Yahoo Finance via yfinance
2026-09-03,XLK,Information Technology,183.52000427246094,186.32000732421875,182.49000549316406,185.97000122070312,6091100.0,183.30609362784585,186.10283300020208,182.2772954135975,185.75323486328125,Yahoo Finance via yfinance
2026-09-04,XLK,Information Technology,187.19000244140625,188.1999969482422,186.4199981689453,187.27999877929688,5103800.0,186.97181510417033,187.9806323685831,186.20270834322002,187.06170654296875,Yahoo Finance via yfinance
2026-09-08,XLK,Information Technology,188.63999938964844,189.0800018310547,187.02000427246094,187.8699951171875,8421300.0,188.42010767927675,188.85959722368491,186.80200093941255,187.6510009765625,Yahoo Finance via yfinance
2026-09-09,XLK,Information Technology,187.52999877929688,188.8300018310547,187.14999389648438,187.8699951171875,5990000.0,187.31140096170253,188.60988864081688,186.93183903862231,187.6510009765625,Yahoo Finance via yfinance
2026-09-10,XLK,Information Technology,185.24000549316406,186.52000427246094,184.57000732421875,185.22000122070312,5568800.0,185.02408556928808,186.30259235316933,184.35486836530362,185.0041046142578,Yahoo Finance via yfinance
2026-09-11,XLK,Information Technology,187.35000610351562,188.63999938964844,186.8800048828125,187.6699981689453,6534700.0,187.13162908942172,188.42011874666287,186.66217570677492,187.4512481689453,Yahoo Finance via yfinance
2026-09-14,XLK,Information Technology,183.0,185.60000610351562,182.0800018310547,184.27999877929688,8532300.0,182.78669400132847,185.3836695206995,181.86776818827497,184.06520080566406,Yahoo Finance via yfinance
2026-09-15,XLK,Information Technology,184.5,185.07000732421875,183.4600067138672,183.74000549316406,6147600.0,184.28494176638705,184.85428467451752,183.24616072480214,183.5258331298828,Yahoo Finance via yfinance
2026-09-16,XLK,Information Technology,184.92999267578125,186.1300048828125,182.4199981689453,183.92999267578125,8061600.0,184.71442576299887,185.9130391546026,182.20735707559933,183.71559143066406,Yahoo Finance via yfinance
2026-09-17,XLK,Information Technology,187.3000030517578,188.52999877929688,186.72999572753906,188.05999755859375,7390700.0,187.0816811580126,188.31024316962984,186.5123382495784,187.84078979492188,Yahoo Finance via yfinance
2026-09-18,XLK,Information Technology,189.22999572753906,189.80999755859375,187.52000427246094,189.60000610351562,6996200.0,189.00941873140886,189.5887444801059,187.30142053737328,189.37899780273438,Yahoo Finance via yfinance
2026-09-21,XLK,Information Technology,191.7899932861328,195.08999633789062,190.97000122070312,194.85000610351562,9038700.0,191.7899932861328,195.08999633789062,190.97000122070312,194.85000610351562,Yahoo Finance via yfinance
2025-11-24,XLP,Consumer Staples,77.80000305175781,77.93000030517578,76.9000015258789,77.0,17869400.0,75.72194068981244,75.84846567602106,74.84597848556928,74.94330596923828,Yahoo Finance via yfinance
2025-11-25,XLP,Consumer Staples,77.19999694824219,78.08999633789062,77.19999694824219,78.05999755859375,18586300.0,75.1379611170626,76.0041883473363,75.1379611170626,75.97499084472656,Yahoo Finance via yfinance
2025-11-26,XLP,Consumer Staples,78.05999755859375,79.11000061035156,78.05999755859375,78.91000366210938,13275100.0,75.974982158111,76.99693918627234,75.974982158111,76.80228424072266,Yahoo Finance via yfinance
2025-11-28,XLP,Consumer Staples,78.80000305175781,79.38999938964844,78.80000305175781,79.37000274658203,8914300.0,76.69522521227874,77.26946252517858,76.69522521227874,77.25,Yahoo Finance via yfinance
2025-12-01,XLP,Consumer Staples,79.26000213623047,79.52999877929688,79.04000091552734,79.29000091552734,16939900.0,77.14294452559434,77.40572948013383,76.92881960120822,77.1721420288086,Yahoo Finance via yfinance
2025-12-02,XLP,Consumer Staples,79.05000305175781,79.05000305175781,78.16999816894531,78.7699966430664,20551000.0,76.93855059671992,76.93855059671992,76.08205094349032,76.66602325439453,Yahoo Finance via yfinance
2025-12-03,XLP,Consumer Staples,78.93000030517578,79.55000305175781,78.73999786376953,78.83000183105469,16832900.0,76.82175375115699,77.42519601821401,76.63682633814048,76.72442626953125,Yahoo Finance via yfinance
2025-12-04,XLP,Consumer Staples,78.69000244140625,78.91000366210938,78.01000213623047,78.44999694824219,14269500.0,76.58817099175367,76.80229591978569,75.92633368038712,76.35457611083984,Yahoo Finance via yfinance
2025-12-05,XLP,Consumer Staples,78.4000015258789,78.98999786376953,78.2300033569336,78.45999908447266,13343200.0,76.30591621073876,76.88015358634473,76.14045873901615,76.36431121826172,Yahoo Finance via yfinance
2025-12-08,XLP,Consumer Staples,78.30999755859375,78.31999969482422,77.68000030517578,77.80999755859375,14602000.0,76.21831139813212,76.22804637396696,75.60514158153174,75.7316665649414,Yahoo Finance via yfinance
2025-12-09,XLP,Consumer Staples,77.9800033569336,78.22000122070312,77.6500015258789,77.98999786376953,14040200.0,75.89712517274873,76.13071259418463,75.57593782726798,75.90685272216797,Yahoo Finance via yfinance
2025-12-10,XLP,Consumer Staples,78.19000244140625,78.37999725341797,77.93000030517578,78.22000122070312,13945300.0,76.10152454279533,76.28644453765207,75.84846713988311,76.13072204589844,Yahoo Finance via yfinance
2025-12-11,XLP,Consumer Staples,78.41000366210938,79.06999969482422,78.4000015258789,78.80000305175781,13753800.0,76.31564620133717,76.95801351895652,76.30591122551557,76.69522857666016,Yahoo Finance via yfinance
2025-12-12,XLP,Consumer Staples,78.93000030517578,79.45999908447266,78.80000305175781,79.41999816894531,14506900.0,76.82175044097617,77.33759275441521,76.69522546287564,77.29866027832031,Yahoo Finance via yfinance
2025-12-15,XLP,Consumer Staples,79.62999725341797,79.91000366210938,79.31999969482422,79.63999938964844,14499400.0,77.50304426116053,77.77557157291159,77.20132687659147,77.51277923583984,Yahoo Finance via yfinance
2025-12-16,XLP,Consumer Staples,79.79000091552734,79.97000122070312,79.0999984741211,79.27999877929688,13055300.0,77.65877907354513,77.83397150082202,76.9872068647153,77.16239929199219,Yahoo Finance via yfinance
2025-12-17,XLP,Consumer Staples,79.38999938964844,79.87999725341797,79.3499984741211,79.6500015258789,14268400.0,77.26946458492581,77.7463744334245,77.23053210792031,77.52252197265625,Yahoo Finance via yfinance
2025-12-18,XLP,Consumer Staples,79.33000183105469,79.81999969482422,79.13999938964844,79.19000244140625,12117100.0,77.21107380694302,77.68798368153656,77.02614638745096,77.07481384277344,Yahoo Finance via yfinance
2025-12-19,XLP,Consumer Staples,79.12000274658203,79.16000366210938,78.76000213623047,78.77999877929688,13142000.0,77.00668070811716,77.04561318565906,76.65629583585087,76.6757583618164,Yahoo Finance via yfinance
2025-12-22,XLP,Consumer Staples,77.97000122070312,78.19999694824219,77.7300033569336,77.87999725341797,10983600.0,76.49622356274784,76.72187194439277,76.26076210380123,76.40792083740234,Yahoo Finance via yfinance
2025-12-23,XLP,Consumer Staples,77.80999755859375,77.81999969482422,77.37999725341797,77.51000213623047,7638500.0,76.33923917837471,76.34905225502231,75.91736670473956,76.04491424560547,Yahoo Finance via yfinance
2025-12-24,XLP,Consumer Staples,77.55000305175781,78.19000244140625,77.55000305175781,78.12000274658203,4697100.0,76.0841612190384,76.7120634089274,76.0841612190384,76.64338684082031,Yahoo Finance via yfinance
2025-12-26,XLP,Consumer Staples,78.04000091552734,78.41000366210938,77.97000122070312,78.2300033569336,8761300.0,76.56490121042953,76.92791022384951,76.49622463872142,76.75131225585938,Yahoo Finance via yfinance
2025-12-29,XLP,Consumer Staples,78.16999816894531,78.4800033569336,78.16999816894531,78.27999877929688,9242300.0,76.69243261980577,76.99657810462716,76.69243261980577,76.80035400390625,Yahoo Finance via yfinance
2025-12-30,XLP,Consumer Staples,78.0999984741211,78.33000183105469,78.04000091552734,78.1500015258789,5610900.0,76.62376314390754,76.8494190093148,76.56489965083816,76.67282104492188,Yahoo Finance via yfinance
2025-12-31,XLP,Consumer Staples,77.98999786376953,78.12000274658203,77.66999816894531,77.68000030517578,5872000.0,76.51583079428362,76.64337832458472,76.20187973422381,76.2116928100586,Yahoo Finance via yfinance
2026-01-02,XLP,Consumer Staples,77.70999908447266,77.97000122070312,77.30000305175781,77.69000244140625,15968600.0,76.24113050883892,76.49621810418654,75.83888419039101,76.22151184082031,Yahoo Finance via yfinance
2026-01-05,XLP,Consumer Staples,77.55999755859375,77.56999969482422,76.76000213623047,77.3499984741211,23429400.0,76.09396151370957,76.10377458995163,75.30908757357739,75.88793182373047,Yahoo Finance via yfinance
2026-01-06,XLP,Consumer Staples,77.33999633789062,77.69000244140625,77.13999938964844,77.47000122070312,17108100.0,75.87812110058658,76.22151141305149,75.68190448076456,76.00566864013672,Yahoo Finance via yfinance
2026-01-07,XLP,Consumer Staples,77.55999755859375,77.69000244140625,76.5999984741211,76.62000274658203,18977200.0,76.09397250022992,76.22152005424005,75.15211914497522,75.17174530029297,Yahoo Finance via yfinance
2026-01-08,XLP,Consumer Staples,76.61000061035156,78.7300033569336,76.51000213623047,78.44000244140625,26260100.0,75.16192512811497,77.24185576955223,75.06381681634191,76.95733642578125,Yahoo Finance via yfinance
2026-01-09,XLP,Consumer Staples,78.43000030517578,79.33999633789062,78.37000274658203,79.25,18234000.0,76.94752167422715,77.84031702266941,76.88865818548139,77.75202178955078,Yahoo Finance via yfinance
2026-01-12,XLP,Consumer Staples,79.52999877929688,80.2699966430664,79.26000213623047,80.18000030517578,26411200.0,78.02672872380336,78.75273920360698,77.7618355369778,78.66444396972656,Yahoo Finance via yfinance
2026-01-13,XLP,Consumer Staples,80.20999908447266,81.19000244140625,80.20999908447266,81.11000061035156,26284200.0,78.6938763777332,79.65535579302501,78.6938763777332,79.57686614990234,Yahoo Finance via yfinance
2026-01-14,XLP,Consumer Staples,81.08000183105469,82.3499984741211,81.05000305175781,82.2300033569336,32494200.0,79.54744057549637,80.79343194468638,79.51800882833844,80.67570495605469,Yahoo Finance via yfinance
2026-01-15,XLP,Consumer Staples,82.0999984741211,82.51000213623047,81.8499984741211,82.37000274658203,29123700.0,80.54815625479164,80.9504100873667,80.30288171839751,80.81305694580078,Yahoo Finance via yfinance
2026-01-16,XLP,Consumer Staples,82.1500015258789,82.27999877929688,81.72000122070312,82.11000061035156,23754200.0,80.59721296311275,80.72475302548327,80.1753404673522,80.55796813964844,Yahoo Finance via yfinance
2026-01-20,XLP,Consumer Staples,81.94999694824219,82.55999755859375,81.44999694824219,82.36000061035156,19889000.0,80.40098411210141,80.9994545356235,79.91043507545605,80.80323791503906,Yahoo Finance via yfinance
2026-01-21,XLP,Consumer Staples,82.16999816894531,82.56999969482422,81.66000366210938,82.44000244140625,23029100.0,80.61682844934737,81.00926918331155,80.11647381159783,80.88172912597656,Yahoo Finance via yfinance
2026-01-22,XLP,Consumer Staples,82.33999633789062,82.56999969482422,82.05000305175781,82.2699966430664,15777300.0,80.78361950443407,81.00927537639961,80.49910762287338,80.7149429321289,Yahoo Finance via yfinance
2026-01-23,XLP,Consumer Staples,82.37999725341797,82.94000244140625,82.30999755859375,82.91000366210938,20185600.0,80.82286143383786,81.37228147778099,80.75418486399306,81.34284973144531,Yahoo Finance via yfinance
2026-01-26,XLP,Consumer Staples,83.05000305175781,83.33000183105469,82.63999938964844,82.77999877929688,13188000.0,81.48020219887675,81.75490847598947,81.07794837511551,81.21530151367188,Yahoo Finance via yfinance
2026-01-27,XLP,Consumer Staples,82.76000213623047,83.23999786376953,82.44999694824219,83.16000366210938,13532200.0,81.19568637251074,81.66660930082642,80.89154085090581,81.58812713623047,Yahoo Finance via yfinance
2026-01-28,XLP,Consumer Staples,83.0,83.4000015258789,81.94999694824219,82.31999969482422,16303200.0,81.43114698475335,81.82358774436746,80.40099092641444,80.76399993896484,Yahoo Finance via yfinance
2026-01-29,XLP,Consumer Staples,82.36000061035156,82.8499984741211,82.01000213623047,82.12999725341797,18799300.0,80.80323916682202,81.28397513433033,80.45985633288753,80.57758331298828,Yahoo Finance via yfinance
2026-01-30,XLP,Consumer Staples,82.18000030517578,83.51000213623047,82.02999877929688,83.51000213623047,18174800.0,80.62664104446601,81.93150329589844,80.47947483446055,81.93150329589844,Yahoo Finance via yfinance
2026-02-02,XLP,Consumer Staples,83.76000213623047,84.66000366210938,83.29000091552734,84.5,26041700.0,82.17678334729639,83.05977318156235,81.71566601800278,82.90279388427734,Yahoo Finance via yfinance
2026-02-03,XLP,Consumer Staples,84.12000274658203,86.33999633789062,84.05999755859375,85.87000274658203,33052500.0,82.52997319617798,84.7080046465375,82.47110222144414,84.24689483642578,Yahoo Finance via yfinance
2026-02-04,XLP,Consumer Staples,86.31999969482422,87.3499984741211,86.22000122070312,86.98999786376953,33748100.0,84.68838447818293,85.69891428519801,84.5902761689436,85.34571838378906,Yahoo Finance via yfinance
2026-02-05,XLP,Consumer Staples,87.58000183105469,87.63999938964844,86.47000122070312,86.91999816894531,38772900.0,85.9245745512193,85.98343804275272,84.83555504674342,85.27704620361328,Yahoo Finance via yfinance
2026-02-06,XLP,Consumer Staples,86.8499984741211,88.08999633789062,86.69999694824219,87.94000244140625,29568600.0,85.20837015388975,86.4249297258233,85.06120393897557,86.27777099609375,Yahoo Finance via yfinance
2026-02-09,XLP,Consumer Staples,87.91000366210938,88.22000122070312,86.87999725341797,87.43000030517578,21853900.0,86.24833515347616,86.55247316071728,85.23779785116304,85.77740478515625,Yahoo Finance via yfinance
2026-02-10,XLP,Consumer Staples,87.33000183105469,87.83000183105469,86.81999969482422,87.1500015258789,20908100.0,85.67929876285174,86.16984781224146,85.17893663662258,85.50270080566406,Yahoo Finance via yfinance
2026-02-11,XLP,Consumer Staples,86.98999786376953,88.70999908447266,86.7300033569336,88.4000015258789,25588300.0,85.34572067232395,87.03321058315339,85.09064055849859,86.72907257080078,Yahoo Finance via yfinance
2026-02-12,XLP,Consumer Staples,88.48999786376953,90.05999755859375,88.48999786376953,89.20999908447266,35282800.0,86.8173736942943,88.35769749919845,86.8173736942943,87.52376556396484,Yahoo Finance via yfinance
2026-02-13,XLP,Consumer Staples,89.05000305175781,90.0,88.62000274658203,89.51000213623047,25649700.0,87.36678812191151,88.29882831561368,86.94491564277399,87.8180923461914,Yahoo Finance via yfinance
2026-02-17,XLP,Consumer Staples,89.62999725341797,90.13999938964844,87.6500015258789,88.19999694824219,29819300.0,87.93582279979528,88.43618494253057,85.99325269183304,86.53285217285156,Yahoo Finance via yfinance
2026-02-18,XLP,Consumer Staples,87.93000030517578,88.5199966430664,87.62000274658203,88.04000091552734,20422200.0,86.26794837099645,86.84679260435908,85.96381038297092,86.37586975097656,Yahoo Finance via yfinance
2026-02-19,XLP,Consumer Staples,88.0,88.69999694824219,87.37000274658203,87.66999816894531,18447200.0,86.33663496614157,87.02340065929837,85.71854584230044,86.01287078857422,Yahoo Finance via yfinance
2026-02-20,XLP,Consumer Staples,87.66999816894531,87.94999694824219,87.18000030517578,87.88999938964844,17909400.0,86.01287120317251,86.28757748175937,85.53213521564551,86.22871398925781,Yahoo Finance via yfinance
2026-02-23,XLP,Consumer Staples,87.68000030517578,89.16999816894531,87.68000030517578,88.97000122070312,22070900.0,86.02267458866542,87.48450854084079,86.02267458866542,87.28829193115234,Yahoo Finance via yfinance
2026-02-24,XLP,Consumer Staples,88.95999908447266,89.77999877929688,88.76000213623047,89.73999786376953,20364000.0,87.27848401654995,88.08298414014295,87.08226739525773,88.04373931884766,Yahoo Finance via yfinance
2026-02-25,XLP,Consumer Staples,89.33999633789062,89.45999908447266,88.31999969482422,89.01000213623047,15215600.0,87.65129419700449,87.76902865498822,86.65057750228651,87.3275375366211,Yahoo Finance via yfinance
2026-02-26,XLP,Consumer Staples,89.26000213623047,89.63999938964844,88.58999633789062,88.86000061035156,15925900.0,87.57282252999056,87.94563713047273,86.91548108401423,87.18038177490234,Yahoo Finance via yfinance
2026-02-27,XLP,Consumer Staples,88.9800033569336,90.05999755859375,88.95999908447266,90.01000213623047,17314200.0,87.29811725227246,88.35769757247208,87.27849109744038,88.30864715576172,Yahoo Finance via yfinance
2026-03-02,XLP,Consumer Staples,89.44000244140625,89.79000091552734,88.69000244140625,88.70999908447266,27606700.0,87.74941565430572,88.09279848911886,87.01359208605567,87.03321075439453,Yahoo Finance via yfinance
2026-03-03,XLP,Consumer Staples,88.3499984741211,88.51000213623047,87.16000366210938,87.73999786376953,36852400.0,86.68001339306515,86.83699267788815,85.51251177422736,86.08154296875,Yahoo Finance via yfinance
2026-03-04,XLP,Consumer Staples,87.80999755859375,87.95999908447266,86.93000030517578,87.16000366210938,22736400.0,86.1502199705955,86.29738617956585,85.28685635525216,85.51251220703125,Yahoo Finance via yfinance
2026-03-05,XLP,Consumer Staples,86.33999633789062,86.44000244140625,85.05999755859375,85.41000366210938,33738500.0,84.70800731926217,84.80612311851955,83.452202934687,83.79559326171875,Yahoo Finance via yfinance
2026-03-06,XLP,Consumer Staples,84.91999816894531,85.8499984741211,84.62000274658203,85.77999877929688,25859700.0,83.31484727530977,84.22726879041112,83.02052234200298,84.1585922241211,Yahoo Finance via yfinance
2026-03-09,XLP,Consumer Staples,85.2699966430664,86.16000366210938,84.80000305175781,85.97000122070312,20729100.0,83.65823565645415,84.53141989318708,83.1971258151661,84.34500885009766,Yahoo Finance via yfinance
2026-03-10,XLP,Consumer Staples,85.69000244140625,86.48999786376953,85.16000366210938,85.72000122070312,18864900.0,84.07029969955157,84.85517369885316,83.55031889728292,84.0997314453125,Yahoo Finance via yfinance
2026-03-11,XLP,Consumer Staples,85.55000305175781,85.61000061035156,84.20999908447266,84.58999633789062,18432200.0,83.93294196162056,83.99180544991572,82.61826666995,82.99108123779297,Yahoo Finance via yfinance
2026-03-12,XLP,Consumer Staples,83.91999816894531,84.97000122070312,83.69000244140625,84.25,17861800.0,82.33375230395907,83.3639083224064,82.10810392841874,82.65751647949219,Yahoo Finance via yfinance
2026-03-13,XLP,Consumer Staples,84.70999908447266,85.11000061035156,84.55999755859375,84.73999786376953,13103600.0,83.10882051244879,83.50126125590607,82.96165429800423,83.13825225830078,Yahoo Finance via yfinance
2026-03-16,XLP,Consumer Staples,85.20999908447266,85.45999908447266,84.81999969482422,84.9800033569336,12882500.0,83.59936662876693,83.8446411491489,83.21673897578582,83.37371826171875,Yahoo Finance via yfinance
2026-03-17,XLP,Consumer Staples,85.4000015258789,85.68000030517578,84.63999938964844,84.69999694824219,12224900.0,83.78577981871057,84.06048609098816,83.04014316168241,83.09900665283203,Yahoo Finance via yfinance
2026-03-18,XLP,Consumer Staples,84.01000213623047,84.02999877929688,82.5999984741211,82.63999938964844,19412700.0,82.42205666762611,82.44167533690444,81.03870470018437,81.07794952392578,Yahoo Finance via yfinance
2026-03-19,XLP,Consumer Staples,82.62000274658203,83.0,81.83000183105469,81.97000122070312,18581300.0,81.05833144124182,81.43114604170599,80.28326300840581,80.42061614990234,Yahoo Finance via yfinance
2026-03-20,XLP,Consumer Staples,82.11000061035156,82.30999755859375,81.05999755859375,81.29000091552734,20895800.0,80.5579638705401,80.75418049227864,79.52780789345198,79.75346374511719,Yahoo Finance via yfinance
2026-03-23,XLP,Consumer Staples,81.77999877929688,81.83000183105469,80.9800033569336,81.18000030517578,21027400.0,80.68581995220906,80.73515398609771,79.89652810120776,80.0938491821289,Yahoo Finance via yfinance
2026-03-24,XLP,Consumer Staples,80.80000305175781,82.02999877929688,80.62999725341797,81.11000061035156,14830000.0,79.7189303618965,80.9324692238481,79.55119917517499,80.0247802734375,Yahoo Finance via yfinance
2026-03-25,XLP,Consumer Staples,81.43000030517578,81.62999725341797,80.51000213623047,81.51000213623047,17648200.0,80.34050215256163,80.53782322821604,79.43281316084482,80.41943359375,Yahoo Finance via yfinance
2026-03-26,XLP,Consumer Staples,81.4800033569336,82.2300033569336,81.06999969482422,81.13999938964844,14148400.0,80.38983718980344,81.12980252373004,79.98531919414494,80.05438232421875,Yahoo Finance via yfinance
2026-03-27,XLP,Consumer Staples,81.2699966430664,82.31999969482422,80.98999786376953,81.77999877929688,25942100.0,80.18263539966739,81.2185898151376,79.90638289615964,80.6858139038086,Yahoo Finance via yfinance
2026-03-30,XLP,Consumer Staples,81.91000366210938,82.61000061035156,81.62999725341797,81.87999725341797,15855700.0,80.81408216941571,81.50471345209692,80.53782212902681,80.78447723388672,Yahoo Finance via yfinance
2026-03-31,XLP,Consumer Staples,82.0,82.2699966430664,81.1500015258789,81.9800033569336,19522700.0,80.90287729043526,81.16926150120149,80.0642514093514,80.88314819335938,Yahoo Finance via yfinance
2026-04-01,XLP,Consumer Staples,81.72000122070312,81.87000274658203,80.91999816894531,81.45999908447266,29643400.0,80.62662535647155,80.77461993123025,79.8373259759697,80.37010192871094,Yahoo Finance via yfinance
2026-04-02,XLP,Consumer Staples,81.70999908447266,81.9800033569336,81.16000366210938,81.88999938964844,20709800.0,80.616757684752,80.88314942689765,80.07412094274757,80.79434967041016,Yahoo Finance via yfinance
2026-04-06,XLP,Consumer Staples,81.86000061035156,82.69000244140625,81.61000061035156,82.66000366210938,9796700.0,80.76475484819336,81.58365167092569,80.51809972283907,81.5540542602539,Yahoo Finance via yfinance
2026-04-07,XLP,Consumer Staples,82.45999908447266,82.54000091552734,81.0999984741211,81.26000213623047,13331200.0,81.35672447166877,81.43565591720126,80.01492000688424,80.17278289794922,Yahoo Finance via yfinance
2026-04-08,XLP,Consumer Staples,81.25,82.80000305175781,80.97000122070312,82.77999877929688,12645900.0,80.16291149238627,81.69217619947538,79.88665897099857,81.67243957519531,Yahoo Finance via yfinance
2026-04-09,XLP,Consumer Staples,82.23999786376953,83.63999938964844,82.05999755859375,83.44999694824219,11716200.0,81.1396633692164,82.5209334990427,80.9620713878485,82.3334732055664,Yahoo Finance via yfinance
2026-04-10,XLP,Consumer Staples,83.37999725341797,83.41000366210938,82.13999938964844,82.37000274658203,12097000.0,82.26441031076425,82.29401524717412,81.04100306190605,81.26792907714844,Yahoo Finance via yfinance
2026-04-13,XLP,Consumer Staples,82.13999938964844,82.2699966430664,81.06999969482422,81.55000305175781,9981200.0,81.04100290219051,81.1692608504472,79.98531932515215,80.45890045166016,Yahoo Finance via yfinance
2026-04-14,XLP,Consumer Staples,81.05999755859375,81.75,80.70999908447266,81.47000122070312,11577400.0,79.97544875096041,80.6562192487739,79.63013310979287,80.37996673583984,Yahoo Finance via yfinance
2026-04-15,XLP,Consumer Staples,81.2300033569336,81.31999969482422,80.45999908447266,81.05999755859375,10893700.0,80.14318744547616,80.23197967838155,79.38348543647227,79.97545623779297,Yahoo Finance via yfinance
2026-04-16,XLP,Consumer Staples,80.98999786376953,81.80000305175781,80.87000274658203,81.43000030517578,13279000.0,79.90638449100096,80.70555213760305,79.78799485988682,80.34049987792969,Yahoo Finance via yfinance
2026-04-17,XLP,Consumer Staples,81.31999969482422,82.54000091552734,81.1500015258789,82.45999908447266,12251700.0,80.23197327969977,81.43565141186883,80.06424961271006,81.35671997070312,Yahoo Finance via yfinance
2026-04-20,XLP,Consumer Staples,82.55000305175781,82.94999694824219,82.08000183105469,82.38999938964844,9430800.0,81.4455215773302,81.84016373750666,80.98180875907448,81.28765869140625,Yahoo Finance via yfinance
2026-04-21,XLP,Consumer Staples,82.33999633789062,82.44999694824219,81.73999786376953,81.83999633789062,8710400.0,81.23832057874469,81.34684942553899,80.6463498408862,80.74501037597656,Yahoo Finance via yfinance
2026-04-22,XLP,Consumer Staples,82.08999633789062,82.51000213623047,81.8499984741211,82.11000061035156,9138500.0,80.99166932047983,81.40605563122844,80.75488251956398,81.01140594482422,Yahoo Finance via yfinance
2026-04-23,XLP,Consumer Staples,82.36000061035156,83.66000366210938,82.36000061035156,83.4800033569336,12354400.0,81.25805768573696,82.54066723149373,81.25805768573696,82.36307525634766,Yahoo Finance via yfinance
2026-04-24,XLP,Consumer Staples,83.76000213623047,83.86000061035156,82.94999694824219,83.2300033569336,10852700.0,82.639332202286,82.73799274325846,81.84016450758051,82.11642456054688,Yahoo Finance via yfinance
2026-04-27,XLP,Consumer Staples,83.0999984741211,83.33999633789062,82.2699966430664,82.33999633789062,11125800.0,81.9881607017352,82.22494751020832,81.16926389359098,81.23832702636719,Yahoo Finance via yfinance
2026-04-28,XLP,Consumer Staples,83.5999984741211,83.6500015258789,82.62000274658203,83.08000183105469,10170400.0,82.48146889224776,82.53080292613959,81.51458505742842,81.96842956542969,Yahoo Finance via yfinance
2026-04-29,XLP,Consumer Staples,82.76000213623047,83.23999786376953,82.47000122070312,82.91999816894531,12096900.0,81.65271439794853,82.12628802097076,81.36659355068562,81.8105697631836,Yahoo Finance via yfinance
2026-04-30,XLP,Consumer Staples,83.29000091552734,84.44000244140625,83.18000030517578,84.30999755859375,15360200.0,82.17561913039164,83.31023416642505,82.06709027745612,83.18196868896484,Yahoo Finance via yfinance
2026-05-01,XLP,Consumer Staples,84.72000122070312,85.05999755859375,83.73999786376953,84.16999816894531,13320000.0,83.586490419251,83.92193777796433,82.61959901196965,83.0438461303711,Yahoo Finance via yfinance
2026-05-04,XLP,Consumer Staples,83.54000091552734,84.3499984741211,83.13999938964844,83.54000091552734,12599100.0,82.42227172851562,83.22143186907338,82.02762205055896,82.42227172851562,Yahoo Finance via yfinance
2026-05-05,XLP,Consumer Staples,83.4800033569336,84.45999908447266,83.2699966430664,84.05999755859375,10891500.0,82.36307623908564,83.32996003850482,82.15587932617936,82.93531036376953,Yahoo Finance via yfinance
2026-05-06,XLP,Consumer Staples,84.33999633789062,84.51000213623047,83.83999633789062,84.23999786376953,11529800.0,83.21156031408835,83.37929150162155,82.71825011769755,83.11289978027344,Yahoo Finance via yfinance
2026-05-07,XLP,Consumer Staples,83.93000030517578,84.30000305175781,83.1500015258789,83.9800033569336,10116900.0,82.80705024655221,83.17210250338736,82.03748754102816,82.85638427734375,Yahoo Finance via yfinance
2026-05-08,XLP,Consumer Staples,84.52999877929688,84.80000305175781,84.16000366210938,84.18000030517578,10323400.0,83.39902659434055,83.6654183348438,83.03398184024488,83.0537109375,Yahoo Finance via yfinance
2026-05-11,XLP,Consumer Staples,84.08000183105469,84.29000091552734,82.83000183105469,83.37000274658203,11062700.0,82.95504671401076,83.16223609891743,81.72177118910211,82.25454711914062,Yahoo Finance via yfinance
2026-05-12,XLP,Consumer Staples,83.70999908447266,85.0199966430664,83.20999908447266,84.44000244140625,16105000.0,82.58999782184334,83.88246821599182,82.0966875917327,83.31023406982422,Yahoo Finance via yfinance
2026-05-13,XLP,Consumer Staples,84.19999694824219,85.26000213623047,84.13999938964844,84.72000122070312,10463200.0,83.07343996043065,84.11926276961933,83.01424514140145,83.58648681640625,Yahoo Finance via yfinance
2026-05-14,XLP,Consumer Staples,84.94999694824219,85.26000213623047,84.79000091552734,84.9800033569336,6627600.0,83.8134050120035,84.11926247298157,83.65554965271005,83.84300994873047,Yahoo Finance via yfinance
2026-05-15,XLP,Consumer Staples,85.52999877929688,85.58999633789062,84.51000213623047,84.63999938964844,12229600.0,84.38564468643779,84.4448395038563,83.37929515374032,83.50755310058594,Yahoo Finance via yfinance
2026-05-18,XLP,Consumer Staples,84.75,85.94000244140625,84.68000030517578,85.9000015258789,11634800.0,83.61607930395765,84.79015999437097,83.54701617671665,84.75069427490234,Yahoo Finance via yfinance
2026-05-19,XLP,Consumer Staples,85.81999969482422,86.69999694824219,85.16000366210938,86.08999633789062,12233000.0,84.67177190213901,85.53999524146406,84.0206062794745,84.93815612792969,Yahoo Finance via yfinance
2026-05-20,XLP,Consumer Staples,85.58000183105469,86.06999969482422,84.80999755859375,85.5199966430664,14035000.0,84.43497290950923,84.9184147822352,83.67527101076665,84.37577056884766,Yahoo Finance via yfinance
2026-05-21,XLP,Consumer Staples,84.55999755859375,84.7699966430664,83.44000244140625,84.66000366210938,13185200.0,83.4286222780534,83.63581166787175,82.3236121990222,83.52729034423828,Yahoo Finance via yfinance
2026-05-22,XLP,Consumer Staples,84.72000122070312,85.12000274658203,84.44000244140625,84.80000305175781,7889900.0,83.58648908649945,83.98113878781803,83.31023655377153,83.66542053222656,Yahoo Finance via yfinance
2026-05-26,XLP,Consumer Staples,84.79000091552734,84.88999938964844,83.52999877929688,83.62999725341797,9475800.0,83.65554591693525,83.75420645300241,82.41240208600315,82.51106262207031,Yahoo Finance via yfinance
2026-05-27,XLP,Consumer Staples,84.0199966430664,85.16000366210938,83.9000015258789,84.58000183105469,12224200.0,82.8958440766406,84.02059827650477,82.7774544441512,83.44835662841797,Yahoo Finance via yfinance
2026-05-28,XLP,Consumer Staples,84.86000061035156,84.94999694824219,84.37000274658203,84.43000030517578,6414300.0,83.72461637953464,83.81340861157872,83.24117444133259,83.30036926269531,Yahoo Finance via yfinance
2026-05-29,XLP,Consumer Staples,83.97000122070312,84.0999984741211,82.8499984741211,82.91000366210938,13011100.0,82.84652022218393,82.97477817058878,81.7415026105999,81.80070495605469,Yahoo Finance via yfinance
2026-06-01,XLP,Consumer Staples,82.51000213623047,82.63999938964844,81.68000030517578,82.02999877929688,20246700.0,81.40606101888964,81.53431897634987,80.58716418268463,80.93247985839844,Yahoo Finance via yfinance
2026-06-02,XLP,Consumer Staples,81.91999816894531,82.29000091552734,81.4800033569336,81.83000183105469,15723400.0,80.8239454255952,81.18899770178534,80.3898375463416,80.73515319824219,Yahoo Finance via yfinance
2026-06-03,XLP,Consumer Staples,81.79000091552734,82.72000122070312,81.6500015258789,82.16000366210938,14750300.0,80.6956853433254,81.61324263829559,80.55755908621731,81.06073760986328,Yahoo Finance via yfinance
2026-06-04,XLP,Consumer Staples,83.33999633789062,83.61000061035156,81.83999633789062,82.04000091552734,12184700.0,82.22493901624131,82.49133073465721,80.74500844335878,80.94233703613281,Yahoo Finance via yfinance
2026-06-05,XLP,Consumer Staples,82.58999633789062,84.38999938964844,82.44000244140625,83.44000244140625,17021500.0,81.48498259015598,83.260902481648,81.33699553862913,82.32361602783203,Yahoo Finance via yfinance
2026-06-08,XLP,Consumer Staples,82.97000122070312,83.48999786376953,82.93000030517578,83.06999969482422,9544500.0,81.85989659340407,82.37293589440522,81.82043087373992,81.95855712890625,Yahoo Finance via yfinance
2026-06-09,XLP,Consumer Staples,83.18000030517578,84.58999633789062,83.04000091552734,84.0999984741211,12440600.0,82.06708822646429,83.45821912801797,81.9289619675105,82.97477722167969,Yahoo Finance via yfinance
2026-06-10,XLP,Consumer Staples,84.76000213623047,85.62000274658203,84.4000015258789,85.48999786376953,13134100.0,83.62595503279296,84.47444925833396,83.27077105338897,84.34618377685547,Yahoo Finance via yfinance
2026-06-11,XLP,Consumer Staples,85.68000030517578,85.95999908447266,85.19999694824219,85.2699966430664,18013600.0,84.53363785822252,84.80989037135885,84.06005674476279,84.12911987304688,Yahoo Finance via yfinance
2026-06-12,XLP,Consumer Staples,85.45999908447266,85.86000061035156,85.12000274658203,85.81999969482422,9363000.0,84.31657662073195,84.71122627748939,83.9811293052436,84.67176055908203,Yahoo Finance via yfinance
2026-06-15,XLP,Consumer Staples,85.47000122070312,85.7699966430664,85.12999725341797,85.4800033569336,10980200.0,84.32645065762567,84.62243227480276,83.99099579204503,84.33631896972656,Yahoo Finance via yfinance
2026-06-16,XLP,Consumer Staples,85.79000091552734,86.3499984741211,85.08999633789062,85.58999633789062,9364100.0,84.64216808106687,85.1946731163116,83.9515292596944,84.44483947753906,Yahoo Finance via yfinance
2026-06-17,XLP,Consumer Staples,85.19000244140625,85.38999938964844,83.36000061035156,83.68000030517578,18015200.0,84.05019317916141,84.24751424563938,82.24467606435492,82.56039428710938,Yahoo Finance via yfinance
2026-06-18,XLP,Consumer Staples,83.83999633789062,83.88999938964844,83.12999725341797,83.30000305175781,10446700.0,82.71825425455202,82.76758828758486,82.01775464392207,82.18548583984375,Yahoo Finance via yfinance
2026-06-22,XLP,Consumer Staples,82.66000366210938,83.13999938964844,82.1500015258789,82.18000030517578,11243600.0,82.11991824986485,82.59677777272331,81.61324837472547,81.64305114746094,Yahoo Finance via yfinance
2026-06-23,XLP,Consumer Staples,83.62000274658203,83.83999633789062,83.02999877929688,83.72000122070312,14963300.0,83.07364379059845,83.29219998098715,82.48749480945303,83.17298889160156,Yahoo Finance via yfinance
2026-06-24,XLP,Consumer Staples,84.04000091552734,84.80999755859375,83.81999969482422,84.44000244140625,11294900.0,83.49090239964463,84.25586805735482,83.27233861757149,83.88829040527344,Yahoo Finance via yfinance
2026-06-25,XLP,Consumer Staples,83.94999694824219,84.98999786376953,83.69999694824219,83.94000244140625,12076100.0,83.40148499092341,84.43469075506867,83.15311843933692,83.39155578613281,Yahoo Finance via yfinance
2026-06-26,XLP,Consumer Staples,84.6500015258789,85.22000122070312,84.44999694824219,84.70999908447266,11372100.0,84.0969114849997,84.66318688982003,83.8982137063946,84.1565170288086,Yahoo Finance via yfinance
2026-06-29,XLP,Consumer Staples,84.91000366210938,85.08000183105469,84.05000305175781,84.37000274658203,10163800.0,84.35522114735703,84.5241085872056,83.5008395840049,83.8187484741211,Yahoo Finance via yfinance
2026-06-30,XLP,Consumer Staples,83.98999786376953,84.08999633789062,82.94999694824219,83.06999969482422,12752500.0,83.44122402347044,83.54056912757054,82.40801826582909,82.52723693847656,Yahoo Finance via yfinance
2026-07-01,XLP,Consumer Staples,83.0999984741211,83.33000183105469,82.7699966430664,83.30000305175781,12210100.0,82.55703951740945,82.78554007789282,82.22919385305984,82.7557373046875,Yahoo Finance via yfinance
2026-07-02,XLP,Consumer Staples,83.75,85.13999938964844,83.75,84.98999786376953,16704700.0,83.20279638546765,84.58371383254638,83.20279638546765,84.4346923828125,Yahoo Finance via yfinance
2026-07-06,XLP,Consumer Staples,84.80000305175781,85.0999984741211,83.31999969482422,84.0999984741211,13176600.0,84.24593748524833,84.54397279997411,82.77560416214592,83.55050659179688,Yahoo Finance via yfinance
2026-07-07,XLP,Consumer Staples,85.5199966430664,85.95999908447266,84.44999694824219,84.86000061035156,13234800.0,84.96122574013141,85.39835329179107,83.89821721367818,84.3055419921875,Yahoo Finance via yfinance
2026-07-08,XLP,Consumer Staples,85.16999816894531,85.30000305175781,84.3499984741211,84.38999938964844,10998500.0,84.61351787223266,84.74267333438863,83.79887585832063,83.83861541748047,Yahoo Finance via yfinance
2026-07-09,XLP,Consumer Staples,83.55000305175781,83.83999633789062,83.11000061035156,83.19999694824219,11322100.0,83.00410657334305,83.29220511012959,82.56697900655661,82.65638732910156,Yahoo Finance via yfinance
2026-07-10,XLP,Consumer Staples,83.23999786376953,84.19000244140625,83.16999816894531,84.12000274658203,8305400.0,82.69612603994197,83.63992349677687,82.62658370771588,83.57038116455078,Yahoo Finance via yfinance
2026-07-13,XLP,Consumer Staples,84.55000305175781,85.54000091552734,84.37999725341797,84.58999633789062,8118700.0,83.99756813286098,84.98109752389438,83.82867312264683,84.03730010986328,Yahoo Finance via yfinance
2026-07-14,XLP,Consumer Staples,84.51000213623047,84.73999786376953,83.3499984741211,83.41999816894531,7871000.0,83.95782866759097,84.186321643557,82.80540426509052,82.87494659423828,Yahoo Finance via yfinance
2026-07-15,XLP,Consumer Staples,83.0999984741211,84.22000122070312,82.97000122070312,83.47000122070312,7387500.0,82.55703637422108,83.66972120197828,82.42788850206657,82.92462158203125,Yahoo Finance via yfinance
2026-07-16,XLP,Consumer Staples,84.13999938964844,85.81999969482422,84.04000091552734,85.80999755859375,12146500.0,83.59024194810819,85.25926539713635,83.49089684819305,85.24932861328125,Yahoo Finance via yfinance
2026-07-17,XLP,Consumer Staples,86.79000091552734,87.43000030517578,84.76000213623047,85.19000244140625,15692300.0,86.22292904672301,86.85874678357627,84.20619395205918,84.63338470458984,Yahoo Finance via yfinance
2026-07-20,XLP,Consumer Staples,85.13999938964844,85.4000015258789,84.55999755859375,84.86000061035156,8570800.0,84.58371131431798,84.8420146475301,84.00749910159308,84.3055419921875,Yahoo Finance via yfinance
2026-07-21,XLP,Consumer Staples,84.43000030517578,84.5999984741211,83.91999816894531,84.05999755859375,7388000.0,83.87835029272613,84.04723772506506,83.37168041616383,83.5107650756836,Yahoo Finance via yfinance
2026-07-22,XLP,Consumer Staples,84.58000183105469,85.0199966430664,84.06999969482422,84.37999725341797,6545700.0,84.02737210197438,84.46449207113324,83.52070222320754,83.82867431640625,Yahoo Finance via yfinance
2026-07-23,XLP,Consumer Staples,83.19999694824219,83.69000244140625,82.80999755859375,83.20999908447266,10350900.0,82.65638401660365,83.14318790721448,82.26893280867782,82.66632080078125,Yahoo Finance via yfinance
2026-07-24,XLP,Consumer Staples,83.37000274658203,84.27999877929688,83.16000366210938,84.12999725341797,9634500.0,82.8252781671996,83.72932844976656,82.61665117891492,83.58030700683594,Yahoo Finance via yfinance
2026-07-27,XLP,Consumer Staples,84.41999816894531,85.7699966430664,84.37999725341797,85.36000061035156,12238200.0,83.86841594495661,85.20959381759833,83.82867638686146,84.80227661132812,Yahoo Finance via yfinance
2026-07-28,XLP,Consumer Staples,87.06999969482422,88.77999877929688,86.93000030517578,87.05999755859375,22246300.0,86.50110194543024,88.1999282420996,86.36201728344881,86.49116516113281,Yahoo Finance via yfinance
2026-07-29,XLP,Consumer Staples,86.33999633789062,87.87999725341797,86.33999633789062,87.36000061035156,14859700.0,85.77586769438584,87.30580654523493,85.77586769438584,86.7892074584961,Yahoo Finance via yfinance
2026-07-30,XLP,Consumer Staples,86.0,86.08999633789062,84.98999786376953,85.47000122070312,16600400.0,85.43809594880673,85.52750427150139,84.4346929322514,84.91156005859375,Yahoo Finance via yfinance
2026-07-31,XLP,Consumer Staples,84.8499984741211,85.43000030517578,84.33000183105469,85.05000305175781,11382900.0,84.29560306043574,84.871815258481,83.77900398671797,84.49430084228516,Yahoo Finance via yfinance
2026-08-03,XLP,Consumer Staples,85.91999816894531,86.33999633789062,84.62999725341797,84.86000061035156,12592500.0,85.35861373440878,85.7758677176045,84.07704143212571,84.3055419921875,Yahoo Finance via yfinance
2026-08-04,XLP,Consumer Staples,84.29000091552734,85.43000030517578,83.86000061035156,85.37000274658203,13262100.0,83.73926479498496,84.8718156280495,83.31207403658023,84.81221008300781,Yahoo Finance via yfinance
2026-08-05,XLP,Consumer Staples,85.73999786376953,85.87999725341797,84.79000091552734,85.33000183105469,7739100.0,85.17979341389216,85.31887808132208,84.23600351639682,84.77247619628906,Yahoo Finance via yfinance
2026-08-06,XLP,Consumer Staples,86.30999755859375,86.41000366210938,84.69000244140625,85.11000061035156,8275700.0,85.74606571576817,85.84541839989039,84.13665531480875,84.55390930175781,Yahoo Finance via yfinance
2026-08-07,XLP,Consumer Staples,84.5,85.20999908447266,84.25,85.12000274658203,5690700.0,83.94789102191847,84.65325109019032,83.6995244804335,84.5638427734375,Yahoo Finance via yfinance
2026-08-10,XLP,Consumer Staples,84.66000366210938,85.05000305175781,84.33000183105469,84.94999694824219,6917500.0,84.10685233798752,84.49430355058117,83.77900667208657,84.39495086669922,Yahoo Finance via yfinance
2026-08-11,XLP,Consumer Staples,84.62000274658203,84.9800033569336,84.3499984741211,84.69000244140625,7358300.0,84.06711538170185,84.42476383201617,83.79887525419319,84.13665771484375,Yahoo Finance via yfinance
2026-08-12,XLP,Consumer Staples,84.08999633789062,85.12999725341797,84.01000213623047,85.08000183105469,6448300.0,83.54057185919478,84.57377765062009,83.46110032104349,84.52410888671875,Yahoo Finance via yfinance
2026-08-13,XLP,Consumer Staples,85.61000061035156,86.19999694824219,85.51000213623047,86.0,10352900.0,85.0506438725536,85.63678530535694,84.95129876626184,85.43809509277344,Yahoo Finance via yfinance
2026-08-14,XLP,Consumer Staples,86.0,86.30000305175781,85.81999969482422,86.08999633789062,6970200.0,85.43809564490853,85.7361385452556,85.25927142060944,85.52750396728516,Yahoo Finance via yfinance
2026-08-17,XLP,Consumer Staples,85.36000061035156,85.61000061035156,84.58999633789062,84.68000030517578,10513400.0,84.80227392086253,85.05064046641812,84.03730071600587,84.12671661376953,Yahoo Finance via yfinance
2026-08-18,XLP,Consumer Staples,85.76000213623047,86.19000244140625,85.12999725341797,85.58000183105469,10663000.0,85.19966008862454,85.6268508410313,84.57377155629295,85.02083587646484,Yahoo Finance via yfinance
2026-08-19,XLP,Consumer Staples,85.72000122070312,87.19000244140625,85.72000122070312,86.54000091552734,11244000.0,85.1599216392187,86.62031812757525,85.1599216392187,85.97456359863281,Yahoo Finance via yfinance
2026-08-20,XLP,Consumer Staples,85.19999694824219,86.0,85.0,85.31999969482422,11495300.0,84.64331642368337,85.4380924081354,84.44462621734313,84.76253509521484,Yahoo Finance via yfinance
2026-08-21,XLP,Consumer Staples,85.5999984741211,86.01000213623047,85.27999877929688,85.98999786376953,11194000.0,85.04070279105682,85.44802755968084,84.72279391925932,85.42815399169922,Yahoo Finance via yfinance
2026-08-24,XLP,Consumer Staples,86.44999694824219,87.47000122070312,86.44999694824219,87.44999694824219,9105200.0,85.88515013100866,86.89848990159334,85.88515013100866,86.87861633300781,Yahoo Finance via yfinance
2026-08-25,XLP,Consumer Staples,86.86000061035156,87.01000213623047,86.25,86.5199966430664,7022700.0,86.29247146241929,86.44149290267107,85.68645649706195,85.9546890258789,Yahoo Finance via yfinance
2026-08-26,XLP,Consumer Staples,86.62000274658203,86.69000244140625,86.25,86.2699966430664,7315400.0,86.05404859397235,86.12359092771702,85.68646335586718,85.70632934570312,Yahoo Finance via yfinance
2026-08-27,XLP,Consumer Staples,85.30999755859375,85.86000061035156,85.06999969482422,85.08000183105469,8492100.0,84.75260187566573,85.29901133540126,84.51417210212014,84.52410888671875,Yahoo Finance via yfinance
2026-08-28,XLP,Consumer Staples,85.5,85.61000061035156,85.20999908447266,85.44999694824219,6807200.0,84.94136182866906,85.05064371925674,84.65325571526026,84.89168548583984,Yahoo Finance via yfinance
2026-08-31,XLP,Consumer Staples,85.3499984741211,85.3499984741211,84.9000015258789,84.9800033569336,7012600.0,84.792336545081,84.792336545081,84.34527979801872,84.42475891113281,Yahoo Finance via yfinance
2026-09-01,XLP,Consumer Staples,85.51000213623047,86.16000366210938,85.1500015258789,85.25,9353100.0,84.9512964971582,85.59705104012468,84.59364806042431,84.6929931640625,Yahoo Finance via yfinance
2026-09-02,XLP,Consumer Staples,85.37000274658203,86.08000183105469,85.04000091552734,85.52999877929688,8445200.0,84.81221024174806,85.51757031772809,84.48436458431433,84.97116088867188,Yahoo Finance via yfinance
2026-09-03,XLP,Consumer Staples,85.37000274658203,85.6500015258789,84.77999877929688,85.26000213623047,10265000.0,84.81220851933408,85.0903778304606,84.2260595455644,84.70292663574219,Yahoo Finance via yfinance
2026-09-04,XLP,Consumer Staples,84.81999969482422,85.30000305175781,84.54000091552734,84.58000183105469,9903700.0,84.26580403685932,84.74267115496743,83.98763470944031,84.02737426757812,Yahoo Finance via yfinance
2026-09-08,XLP,Consumer Staples,84.27999877929688,84.56999969482422,83.80999755859375,84.0199966430664,13542700.0,83.72932688384952,84.01743298024839,83.2623965751874,83.47102355957031,Yahoo Finance via yfinance
2026-09-09,XLP,Consumer Staples,83.51000213623047,83.5199966430664,82.8499984741211,83.05000305175781,12245300.0,82.96436353232811,82.97429273694135,82.30867220966972,82.50736999511719,Yahoo Finance via yfinance
2026-09-10,XLP,Consumer Staples,83.37000274658203,83.80999755859375,83.05999755859375,83.08999633789062,10349500.0,82.82528078789615,83.26240076689942,82.5173011082159,82.54710388183594,Yahoo Finance via yfinance
2026-09-11,XLP,Consumer Staples,83.51000213623047,83.69000244140625,83.04000091552734,83.37999725341797,10836500.0,82.96436817016676,83.14319239729329,82.49743782269495,82.83521270751953,Yahoo Finance via yfinance
2026-09-14,XLP,Consumer Staples,84.37999725341797,84.88999938964844,84.25,84.41999816894531,10520300.0,83.82867627447766,84.3353461650793,83.69952839550088,83.86841583251953,Yahoo Finance via yfinance
2026-09-15,XLP,Consumer Staples,84.0,84.06999969482422,83.56999969482422,83.7300033569336,14382200.0,83.4511625372597,83.52070486952559,83.02397175918476,83.18292999267578,Yahoo Finance via yfinance
2026-09-16,XLP,Consumer Staples,83.68000030517578,84.05999755859375,83.31999969482422,83.33000183105469,9644400.0,83.13324936312652,83.51076377888288,82.77560093575931,82.78553771972656,Yahoo Finance via yfinance
2026-09-17,XLP,Consumer Staples,83.51000213623047,83.72000122070312,83.0,83.48999786376953,7635600.0,82.96436209336343,83.17298907980565,82.45769222369213,82.94448852539062,Yahoo Finance via yfinance
2026-09-18,XLP,Consumer Staples,83.13999938964844,83.19999694824219,82.80000305175781,82.80000305175781,10629700.0,82.59677754835865,82.65638309366767,82.25900268554688,82.25900268554688,Yahoo Finance via yfinance
2026-09-21,XLP,Consumer Staples,82.0999984741211,82.30999755859375,81.7300033569336,81.91999816894531,8564200.0,82.0999984741211,82.30999755859375,81.7300033569336,81.91999816894531,Yahoo Finance via yfinance
2025-11-24,XLU,Utilities,44.13999938964844,44.689998626708984,43.8650016784668,44.57500076293945,23572800.0,42.91597818085398,43.45072570200398,42.64860627473602,43.33891677856445,Yahoo Finance via yfinance
2025-11-25,XLU,Utilities,44.689998626708984,44.7599983215332,44.224998474121094,44.404998779296875,22195600.0,43.45072260509465,43.518781173358526,42.998617139391015,43.17362594604492,Yahoo Finance via yfinance
2025-11-26,XLU,Utilities,44.64500045776367,45.04999923706055,44.560001373291016,44.994998931884766,16759200.0,43.40697580761007,43.8007438003259,43.32433378351906,43.74726867675781,Yahoo Finance via yfinance
2025-11-28,XLU,Utilities,45.06999969482422,45.349998474121094,45.025001525878906,45.314998626708984,7882600.0,43.820190373335954,44.09242467322879,43.77644002181639,44.05839538574219,Yahoo Finance via yfinance
2025-12-01,XLU,Utilities,45.060001373291016,45.060001373291016,44.22999954223633,44.255001068115234,26339000.0,43.810471239873195,43.810471239873195,43.00348565975252,43.027793884277344,Yahoo Finance via yfinance
2025-12-02,XLU,Utilities,44.459999084472656,44.459999084472656,43.8849983215332,43.939998626708984,17384200.0,43.22710390300098,43.22710390300098,42.66804816220657,42.72152328491211,Yahoo Finance via yfinance
2025-12-03,XLU,Utilities,43.974998474121094,44.099998474121094,43.630001068115234,43.79999923706055,21728000.0,42.75554986343633,42.877083551176526,42.420119407334774,42.58540344238281,Yahoo Finance via yfinance
2025-12-04,XLU,Utilities,43.775001525878906,44.060001373291016,43.560001373291016,43.709999084472656,15535200.0,42.56110181211309,42.83819849056717,42.352063706688845,42.497901916503906,Yahoo Finance via yfinance
2025-12-05,XLU,Utilities,43.720001220703125,43.779998779296875,43.279998779296875,43.29999923706055,13474700.0,42.50762499778795,42.565958795827235,42.07982403129229,42.09926986694336,Yahoo Finance via yfinance
2025-12-08,XLU,Utilities,43.380001068115234,43.40999984741211,42.65999984741211,42.720001220703125,21607900.0,42.17705621551863,42.20622311661701,41.47702091784414,41.53535842895508,Yahoo Finance via yfinance
2025-12-09,XLU,Utilities,42.95000076293945,43.16999816894531,42.72999954223633,42.75,24347200.0,41.75897643444256,41.972873205801044,41.545075954170215,41.56452178955078,Yahoo Finance via yfinance
2025-12-10,XLU,Utilities,42.79999923706055,42.83000183105469,42.41999816894531,42.72999954223633,25940200.0,41.61313685076912,41.642307459928276,41.2436733757038,41.54507827758789,Yahoo Finance via yfinance
2025-12-11,XLU,Utilities,42.650001525878906,43.150001525878906,42.650001525878906,43.040000915527344,18703300.0,41.46730058135081,41.95343538906225,41.46730058135081,41.84648513793945,Yahoo Finance via yfinance
2025-12-12,XLU,Utilities,43.16999816894531,43.380001068115234,42.77000045776367,42.83000183105469,17179800.0,41.97287921827217,42.17705866455917,41.583973581693066,41.642311096191406,Yahoo Finance via yfinance
2025-12-15,XLU,Utilities,43.11000061035156,43.290000915527344,42.83000183105469,43.220001220703125,19176400.0,41.91454556325119,42.08955439846048,41.64231124577647,42.0214958190918,Yahoo Finance via yfinance
2025-12-16,XLU,Utilities,43.20000076293945,43.310001373291016,42.779998779296875,43.040000915527344,19067900.0,42.00204812805054,42.108998379173336,41.59369296093753,41.84648513793945,Yahoo Finance via yfinance
2025-12-17,XLU,Utilities,43.060001373291016,43.13999938964844,42.540000915527344,42.7599983215332,19444600.0,41.865933134378764,41.94371277898834,41.360352463215946,41.574249267578125,Yahoo Finance via yfinance
2025-12-18,XLU,Utilities,43.029998779296875,43.41999816894531,42.970001220703125,43.18000030517578,21935800.0,41.83675924380012,42.21594379022871,41.77842544214288,41.982601165771484,Yahoo Finance via yfinance
2025-12-19,XLU,Utilities,43.119998931884766,43.369998931884766,42.599998474121094,42.630001068115234,22612000.0,41.92425924537024,42.167326617145896,41.418678667007214,41.44784927368164,Yahoo Finance via yfinance
2025-12-22,XLU,Utilities,42.290000915527344,42.529998779296875,42.029998779296875,42.470001220703125,17894900.0,41.42532266161797,41.66041343318382,41.170636632937786,41.60164260864258,Yahoo Finance via yfinance
2025-12-23,XLU,Utilities,42.400001525878906,42.75,42.380001068115234,42.619998931884766,15097300.0,41.53307784761124,41.875920143580124,41.513486325455766,41.74857711791992,Yahoo Finance via yfinance
2025-12-24,XLU,Utilities,42.61000061035156,42.86000061035156,42.54999923706055,42.810001373291016,5761000.0,41.73878090883095,41.983669317132744,41.68000634562631,41.9346923828125,Yahoo Finance via yfinance
2025-12-26,XLU,Utilities,42.790000915527344,42.869998931884766,42.630001068115234,42.779998779296875,8436700.0,41.91510158413137,41.993463933054194,41.758373149585104,41.905303955078125,Yahoo Finance via yfinance
2025-12-29,XLU,Utilities,42.810001373291016,43.11000061035156,42.77000045776367,42.86000061035156,12838700.0,41.93468853648061,42.22855385214875,41.895505497938125,41.983665466308594,Yahoo Finance via yfinance
2025-12-30,XLU,Utilities,42.880001068115234,43.040000915527344,42.810001373291016,42.959999084472656,9255300.0,42.00326073002211,42.15998916146359,41.93469227481025,42.08162307739258,Yahoo Finance via yfinance
2025-12-31,XLU,Utilities,42.970001220703125,43.0099983215332,42.68000030517578,42.689998626708984,10129000.0,42.09142003977736,42.130599344491955,41.807348594568744,41.817142486572266,Yahoo Finance via yfinance
2026-01-02,XLU,Utilities,42.88999938964844,43.38999938964844,42.65999984741211,43.18000030517578,20495400.0,42.01305531562421,42.50283213905037,41.78775842525225,42.29712677001953,Yahoo Finance via yfinance
2026-01-05,XLU,Utilities,43.189998626708984,43.290000915527344,42.060001373291016,42.70000076293945,27884400.0,42.30692164945191,42.404879258443074,41.20002869310701,41.826942443847656,Yahoo Finance via yfinance
2026-01-06,XLU,Utilities,42.75,42.959999084472656,42.52000045776367,42.90999984741211,21861800.0,41.875917747623504,42.08162311343528,41.6506208607772,42.03264617919922,Yahoo Finance via yfinance
2026-01-07,XLU,Utilities,42.95000076293945,42.970001220703125,41.7400016784668,41.869998931884766,27613300.0,42.07183198611279,42.09142350843483,40.88657291088572,41.013912200927734,Yahoo Finance via yfinance
2026-01-08,XLU,Utilities,41.81999969482422,42.290000915527344,41.810001373291016,41.9900016784668,22853300.0,40.96493222344181,41.4253236220917,40.955138331358,41.1314582824707,Yahoo Finance via yfinance
2026-01-09,XLU,Utilities,42.52000045776367,42.88999938964844,42.4900016784668,42.5099983215332,21518300.0,41.6506209931565,42.01305479169592,41.62123557986158,41.64082336425781,Yahoo Finance via yfinance
2026-01-12,XLU,Utilities,42.380001068115234,42.709999084472656,42.29999923706055,42.58000183105469,16810600.0,41.51348488425207,41.83673564684334,41.435118798350764,41.70939636230469,Yahoo Finance via yfinance
2026-01-13,XLU,Utilities,42.619998931884766,42.959999084472656,42.41999816894531,42.849998474121094,22207400.0,41.748576243410234,42.08162463967539,41.55266476266002,41.973873138427734,Yahoo Finance via yfinance
2026-01-14,XLU,Utilities,42.810001373291016,43.31999969482422,42.77000045776367,43.16999816894531,21403100.0,41.934694441007565,42.434265174314405,41.895511396948,42.287330627441406,Yahoo Finance via yfinance
2026-01-15,XLU,Utilities,43.31999969482422,43.81999969482422,43.31999969482422,43.61000061035156,21762700.0,42.43426274984765,42.924039562506735,42.43426274984765,42.71833419799805,Yahoo Finance via yfinance
2026-01-16,XLU,Utilities,43.16999816894531,43.52000045776367,42.939998626708984,43.38999938964844,27803600.0,42.28732751560266,42.63017352084339,42.06203063389042,42.502830505371094,Yahoo Finance via yfinance
2026-01-20,XLU,Utilities,43.119998931884766,43.36000061035156,42.83000183105469,42.959999084472656,25300900.0,42.23835150883406,42.47344602434655,41.95428379582801,42.08162307739258,Yahoo Finance via yfinance
2026-01-21,XLU,Utilities,43.310001373291016,43.310001373291016,42.689998626708984,43.02000045776367,33736500.0,42.42446755760886,42.42446755760886,41.817141638099216,42.14039611816406,Yahoo Finance via yfinance
2026-01-22,XLU,Utilities,43.20000076293945,43.27000045776367,42.599998474121094,42.709999084472656,26170700.0,42.31671383762002,42.38528228674696,41.728979469346,41.83673095703125,Yahoo Finance via yfinance
2026-01-23,XLU,Utilities,42.709999084472656,42.75,42.29999923706055,42.560001373291016,26527200.0,41.836734880470914,41.8759179227038,41.43511803933522,41.68980407714844,Yahoo Finance via yfinance
2026-01-26,XLU,Utilities,42.70000076293945,43.18000030517578,42.65999984741211,42.869998931884766,19254000.0,41.82693929120416,42.29712456882013,41.78775625056106,41.99346160888672,Yahoo Finance via yfinance
2026-01-27,XLU,Utilities,42.81999969482422,43.54999923706055,42.599998474121094,43.43000030517578,31070500.0,41.9444867547211,42.659560466736686,41.7289837572066,42.542015075683594,Yahoo Finance via yfinance
2026-01-28,XLU,Utilities,43.5,43.66999816894531,43.130001068115234,43.33000183105469,25183600.0,42.61057977585463,42.777102087109654,42.248146005646426,42.44405746459961,Yahoo Finance via yfinance
2026-01-29,XLU,Utilities,43.5099983215332,43.77000045776367,43.08000183105469,43.33000183105469,27417900.0,42.62037366728717,42.87505968493638,42.199169075083205,42.44405746459961,Yahoo Finance via yfinance
2026-01-30,XLU,Utilities,43.22999954223633,43.380001068115234,42.77000045776367,43.25,27998400.0,42.34610443169183,42.49303897592136,41.8955106432156,42.36569595336914,Yahoo Finance via yfinance
2026-02-02,XLU,Utilities,43.29999923706055,43.47999954223633,42.54999923706055,42.619998931884766,32847600.0,42.41467392440299,42.5909938871015,41.680008658726145,41.74857711791992,Yahoo Finance via yfinance
2026-02-03,XLU,Utilities,42.65999984741211,43.41999816894531,42.65999984741211,43.2400016784668,35525500.0,41.78775692243258,42.53221602311898,41.78775692243258,42.355899810791016,Yahoo Finance via yfinance
2026-02-04,XLU,Utilities,43.470001220703125,43.650001525878906,42.9900016784668,43.08000183105469,30994300.0,42.5811944494682,42.7575143892064,42.11100918906645,42.19916915893555,Yahoo Finance via yfinance
2026-02-05,XLU,Utilities,43.220001220703125,43.369998931884766,42.869998931884766,43.099998474121094,31475400.0,42.33630674893454,42.483237543309016,41.993460755326716,42.21875762939453,Yahoo Finance via yfinance
2026-02-06,XLU,Utilities,43.4900016784668,43.86000061035156,42.97999954223633,43.349998474121094,30530100.0,42.60079040125388,42.96322420988984,42.101215941119904,42.46364974975586,Yahoo Finance via yfinance
2026-02-09,XLU,Utilities,43.369998931884766,43.54999923706055,43.060001373291016,43.47999954223633,21173900.0,42.48324047521252,42.65956042999058,42.17958123719522,42.59099197387695,Yahoo Finance via yfinance
2026-02-10,XLU,Utilities,43.75,44.529998779296875,43.560001373291016,44.20000076293945,34683600.0,42.85547238595069,43.619523040744575,42.669358536801084,43.29627227783203,Yahoo Finance via yfinance
2026-02-11,XLU,Utilities,44.36000061035156,44.630001068115234,44.13999938964844,44.59000015258789,25614800.0,43.45299825609795,43.71747817627209,43.237495268541146,43.67829513549805,Yahoo Finance via yfinance
2026-02-12,XLU,Utilities,44.790000915527344,45.7400016784668,44.7400016784668,45.25,45623300.0,43.8742048432536,44.80478147246736,43.825227912600305,44.324798583984375,Yahoo Finance via yfinance
2026-02-13,XLU,Utilities,45.20000076293945,46.599998474121094,45.20000076293945,46.5,42451800.0,44.27582124360181,45.64719397270481,44.27582124360181,45.54924011230469,Yahoo Finance via yfinance
2026-02-17,XLU,Utilities,46.79999923706055,47.08000183105469,46.2400016784668,46.380001068115234,32424000.0,45.84310857136962,46.11738612534389,45.2945609368221,45.431697845458984,Yahoo Finance via yfinance
2026-02-18,XLU,Utilities,46.61000061035156,46.61000061035156,45.5099983215332,45.61000061035156,32841500.0,45.65699425097199,45.65699425097199,44.579483040524124,44.67744064331055,Yahoo Finance via yfinance
2026-02-19,XLU,Utilities,45.779998779296875,46.18000030517578,45.68000030517578,46.11000061035156,24172500.0,44.84396655926797,45.23578952843506,44.74601268532658,45.16722106933594,Yahoo Finance via yfinance
2026-02-20,XLU,Utilities,46.29999923706055,46.4900016784668,45.880001068115234,46.33000183105469,22623200.0,45.35333560997567,45.539453204658365,44.94192484916285,45.38272476196289,Yahoo Finance via yfinance
2026-02-23,XLU,Utilities,46.470001220703125,46.959999084472656,46.369998931884766,46.68000030517578,33130900.0,45.51985768696472,45.999836865785326,45.421900083439745,45.725563049316406,Yahoo Finance via yfinance
2026-02-24,XLU,Utilities,46.63999938964844,47.22999954223633,46.290000915527344,47.20000076293945,29503300.0,45.68638056942041,46.26431735886919,45.343538294620515,46.23493194580078,Yahoo Finance via yfinance
2026-02-25,XLU,Utilities,47.209999084472656,47.43000030517578,46.599998474121094,47.36000061035156,22356600.0,46.24472424926355,46.46022723556341,45.647195959396065,46.391658782958984,Yahoo Finance via yfinance
2026-02-26,XLU,Utilities,47.27000045776367,47.38999938964844,46.90999984741211,47.18000030517578,30578600.0,46.30349963509249,46.421045022122954,45.95085973730064,46.21533966064453,Yahoo Finance via yfinance
2026-02-27,XLU,Utilities,47.20000076293945,47.79999923706055,47.130001068115234,47.72999954223633,39759600.0,46.234930954683634,46.822661623656124,46.16636250119353,46.754093170166016,Yahoo Finance via yfinance
2026-03-02,XLU,Utilities,47.40999984741211,47.7400016784668,47.36000061035156,47.369998931884766,33087300.0,46.44063796798326,46.76389246311313,46.39166103327587,46.40145492553711,Yahoo Finance via yfinance
2026-03-03,XLU,Utilities,46.70000076293945,47.45000076293945,45.959999084472656,47.06999969482422,60946600.0,45.74515591969523,46.479821152655965,45.020284579025706,46.10758972167969,Yahoo Finance via yfinance
2026-03-04,XLU,Utilities,47.09000015258789,47.41999816894531,46.7599983215332,47.27000045776367,24020800.0,46.12718117456521,46.450431933504305,45.80392667892552,46.30350112915039,Yahoo Finance via yfinance
2026-03-05,XLU,Utilities,46.95000076293945,47.02000045776367,46.470001220703125,46.900001525878906,29794500.0,45.990043676103525,46.05861213126788,45.5198583821049,45.94106674194336,Yahoo Finance via yfinance
2026-03-06,XLU,Utilities,46.630001068115234,46.959999084472656,46.34000015258789,46.7400016784668,25001700.0,45.67658459814109,45.99983533728112,45.39251316240868,45.78433609008789,Yahoo Finance via yfinance
2026-03-09,XLU,Utilities,46.560001373291016,46.95000076293945,46.040000915527344,46.849998474121094,27759000.0,45.60801831650369,45.990043633983916,45.0986499809632,45.892086029052734,Yahoo Finance via yfinance
2026-03-10,XLU,Utilities,46.63999938964844,47.040000915527344,46.470001220703125,46.560001373291016,24935900.0,45.68638313395205,46.07820610146103,45.51986080161622,45.6080207824707,Yahoo Finance via yfinance
2026-03-11,XLU,Utilities,46.5,46.560001373291016,46.0,46.16999816894531,20026100.0,45.54924479401625,45.608019358317534,45.05946796827414,45.225990295410156,Yahoo Finance via yfinance
2026-03-12,XLU,Utilities,46.0,47.040000915527344,45.959999084472656,46.5,27419900.0,45.05946333690356,46.07819992654596,45.02028029806341,45.54924011230469,Yahoo Finance via yfinance
2026-03-13,XLU,Utilities,46.970001220703125,47.31999969482422,46.86000061035156,46.959999084472656,31521000.0,46.00963741203888,46.35247970436525,45.90188590967895,45.999839782714844,Yahoo Finance via yfinance
2026-03-16,XLU,Utilities,47.45000076293945,47.5,46.95000076293945,47.2599983215332,19775400.0,46.47981874607686,46.52879567839825,45.99004194946214,46.293701171875,Yahoo Finance via yfinance
2026-03-17,XLU,Utilities,47.52000045776367,47.63999938964844,47.08000183105469,47.130001068115234,18502300.0,46.548388073115234,46.66593346023483,46.11738582920971,46.16636276245117,Yahoo Finance via yfinance
2026-03-18,XLU,Utilities,46.95000076293945,47.150001525878906,46.72999954223633,46.72999954223633,31063500.0,45.99003910574183,46.18595055961393,45.7745361328125,45.7745361328125,Yahoo Finance via yfinance
2026-03-19,XLU,Utilities,46.650001525878906,46.900001525878906,46.040000915527344,46.540000915527344,29544000.0,45.69617999841079,45.941068414829495,45.09865166447704,45.58842849731445,Yahoo Finance via yfinance
2026-03-20,XLU,Utilities,46.459999084472656,46.65999984741211,44.43000030517578,44.650001525878906,47128300.0,45.51006170694264,45.705973184389315,43.521568992105394,43.7370719909668,Yahoo Finance via yfinance
2026-03-23,XLU,Utilities,44.93000030517578,45.189998626708984,44.56999969482422,44.779998779296875,31574300.0,44.31904717955067,44.575510072948575,43.963941817287854,44.171085357666016,Yahoo Finance via yfinance
2026-03-24,XLU,Utilities,44.560001373291016,45.540000915527344,44.4900016784668,45.09000015258789,24183800.0,43.954075804072644,44.92074934177211,43.885027963010195,44.47686767578125,Yahoo Finance via yfinance
2026-03-25,XLU,Utilities,45.52000045776367,45.650001525878906,45.209999084472656,45.25,22297400.0,44.90102215307779,45.02925547426991,44.59523616033511,44.63469314575195,Yahoo Finance via yfinance
2026-03-26,XLU,Utilities,45.2400016784668,45.47999954223633,45.02000045776367,45.33000183105469,19988000.0,44.62483145097743,44.86156584138325,44.40782179075103,44.71360778808594,Yahoo Finance via yfinance
2026-03-27,XLU,Utilities,45.369998931884766,46.08000183105469,45.29999923706055,45.59000015258789,26172900.0,44.75306402511051,45.45341240405295,44.684016176356764,44.97007369995117,Yahoo Finance via yfinance
2026-03-30,XLU,Utilities,46.16999816894531,46.34000015258789,45.7599983215332,45.91999816894531,28363600.0,45.542182338226816,45.7098726489039,45.13775763495605,45.29558181762695,Yahoo Finance via yfinance
2026-03-31,XLU,Utilities,45.849998474121094,45.95000076293945,45.2599983215332,45.88999938964844,42852800.0,45.226534224344064,45.325176690827654,44.64455684197958,45.2659912109375,Yahoo Finance via yfinance
2026-04-01,XLU,Utilities,45.779998779296875,46.279998779296875,45.70000076293945,46.11000061035156,31185100.0,45.157487207853386,45.65068826084549,45.078576996043864,45.483001708984375,Yahoo Finance via yfinance
2026-04-02,XLU,Utilities,46.040000915527344,46.59000015258789,45.90999984741211,46.34000015258789,17331800.0,45.41395332374387,45.95647372303297,45.28571999789632,45.70987319946289,Yahoo Finance via yfinance
2026-04-06,XLU,Utilities,46.150001525878906,46.5,46.09000015258789,46.16999816894531,12939500.0,45.52245819174858,45.8676974198864,45.463272711428374,45.54218292236328,Yahoo Finance via yfinance
2026-04-07,XLU,Utilities,46.060001373291016,46.43000030517578,46.040000915527344,46.27000045776367,13657000.0,45.433683633951134,45.79865136983792,45.41395513973759,45.64082717895508,Yahoo Finance via yfinance
2026-04-08,XLU,Utilities,46.290000915527344,46.779998779296875,45.97999954223633,46.779998779296875,18879700.0,45.660555444932804,46.143890380859375,45.35476943038962,46.143890380859375,Yahoo Finance via yfinance
2026-04-09,XLU,Utilities,46.65999984741211,47.709999084472656,46.619998931884766,47.150001525878906,23274600.0,46.02552284648781,47.061244321673485,45.986065858543,46.50886154174805,Yahoo Finance via yfinance
2026-04-10,XLU,Utilities,47.060001373291016,47.459999084472656,46.869998931884766,46.959999084472656,15052100.0,46.4200841179527,46.81464269972483,46.23266531099745,46.321441650390625,Yahoo Finance via yfinance
2026-04-13,XLU,Utilities,46.84000015258789,46.880001068115234,46.119998931884766,46.38999938964844,17795700.0,46.20307512382905,46.242532111427494,45.49286439835882,45.759193420410156,Yahoo Finance via yfinance
2026-04-14,XLU,Utilities,46.400001525878906,46.560001373291016,45.900001525878906,46.470001220703125,25118600.0,45.76906021485465,45.92688440471999,45.27585915117228,45.83810806274414,Yahoo Finance via yfinance
2026-04-15,XLU,Utilities,46.310001373291016,46.31999969482422,45.880001068115234,46.02000045776367,24843900.0,45.68028359247672,45.690145958046614,45.25613037928745,45.39422607421875,Yahoo Finance via yfinance
2026-04-16,XLU,Utilities,46.0,46.369998931884766,45.84000015258789,46.349998474121094,26945000.0,45.37449497439338,45.739462684726774,45.21667079456068,45.71973419189453,Yahoo Finance via yfinance
2026-04-17,XLU,Utilities,46.22999954223633,46.279998779296875,45.63999938964844,46.15999984741211,17601500.0,45.60136977764111,45.650689131315666,45.019392373500224,45.53232192993164,Yahoo Finance via yfinance
2026-04-20,XLU,Utilities,46.119998931884766,46.34000015258789,45.650001525878906,45.75,14376100.0,45.49286691836066,45.70987659934755,45.02926045828728,45.127899169921875,Yahoo Finance via yfinance
2026-04-21,XLU,Utilities,45.90999984741211,45.95000076293945,44.90999984741211,44.95000076293945,19596900.0,45.285720758092694,45.32517774560435,44.29931864725397,44.338775634765625,Yahoo Finance via yfinance
2026-04-22,XLU,Utilities,45.34000015258789,45.619998931884766,44.709999084472656,44.869998931884766,21731700.0,44.72347118164008,44.99966256440661,44.10203680759,44.25986099243164,Yahoo Finance via yfinance
2026-04-23,XLU,Utilities,45.369998931884766,46.13999938964844,45.20000076293945,46.09000015258789,23864300.0,44.75306139181938,45.51259144624505,44.585374844091476,45.46327209472656,Yahoo Finance via yfinance
2026-04-24,XLU,Utilities,46.029998779296875,46.29999923706055,45.7400016784668,46.18000030517578,24158700.0,45.40408971670161,45.67041874848438,45.118035953224336,45.55205154418945,Yahoo Finance via yfinance
2026-04-27,XLU,Utilities,46.369998931884766,46.5,46.16999816894531,46.189998626708984,14543100.0,45.73946521912414,45.86769854822644,45.54218404269571,45.561912536621094,Yahoo Finance via yfinance
2026-04-28,XLU,Utilities,46.439998626708984,46.52000045776367,46.040000915527344,46.25,13016000.0,45.80851261088644,45.8874265858032,45.41395402477891,45.621097564697266,Yahoo Finance via yfinance
2026-04-29,XLU,Utilities,46.06999969482422,46.27000045776367,45.560001373291016,45.68000030517578,12655100.0,45.44354171383895,45.64082287454318,44.94047832872706,45.05884552001953,Yahoo Finance via yfinance
2026-04-30,XLU,Utilities,45.849998474121094,46.88999938964844,45.849998474121094,46.849998474121094,22378500.0,45.22653431158069,46.25239338803673,45.22653431158069,46.21293640136719,Yahoo Finance via yfinance
2026-05-01,XLU,Utilities,46.84000015258789,47.29999923706055,46.52000045776367,46.54999923706055,15507000.0,46.20307641422063,46.6568204957989,45.88742803026832,45.91701889038086,Yahoo Finance via yfinance
2026-05-04,XLU,Utilities,46.2599983215332,46.849998474121094,46.09000015258789,46.369998931884766,18054200.0,45.630958974327335,46.21293635725891,45.463272425379856,45.739463806152344,Yahoo Finance via yfinance
2026-05-05,XLU,Utilities,46.529998779296875,46.81999969482422,46.36000061035156,46.369998931884766,17499600.0,45.89728798985453,46.183345498697676,45.72960144090705,45.739463806152344,Yahoo Finance via yfinance
2026-05-06,XLU,Utilities,46.279998779296875,46.380001068115234,45.63999938964844,45.709999084472656,26315500.0,45.650688848023094,45.74933131758554,45.019392094125266,45.08843994140625,Yahoo Finance via yfinance
2026-05-07,XLU,Utilities,45.619998931884766,45.68000030517578,45.0,45.119998931884766,23499400.0,44.99966315158684,45.05884863273426,44.38809489769856,44.50646209716797,Yahoo Finance via yfinance
2026-05-08,XLU,Utilities,45.36000061035156,45.5099983215332,44.689998626708984,44.720001220703125,18158100.0,44.743197031659264,44.89115507961763,44.082305709738044,44.111900329589844,Yahoo Finance via yfinance
2026-05-11,XLU,Utilities,45.099998474121094,45.310001373291016,44.83000183105469,45.13999938964844,22669300.0,44.4867347230012,44.6938820308175,44.220409458199065,44.52619171142578,Yahoo Finance via yfinance
2026-05-12,XLU,Utilities,45.060001373291016,45.380001068115234,44.79999923706055,45.189998626708984,28240500.0,44.44727855801425,44.762926918885405,44.19081191304063,44.57550811767578,Yahoo Finance via yfinance
2026-05-13,XLU,Utilities,44.79999923706055,44.81999969482422,44.36000061035156,44.66999816894531,27268600.0,44.19081343554741,44.21054192913472,43.75679786510273,44.06258010864258,Yahoo Finance via yfinance
2026-05-14,XLU,Utilities,44.630001068115234,44.91999816894531,44.54999923706055,44.900001525878906,18472900.0,44.023126397572284,44.309180144362195,43.94421242409551,44.28945541381836,Yahoo Finance via yfinance
2026-05-15,XLU,Utilities,44.709999084472656,44.77000045776367,43.83000183105469,43.869998931884766,21857600.0,44.10203832787124,44.161223810286614,43.23400716273219,43.273460388183594,Yahoo Finance via yfinance
2026-05-18,XLU,Utilities,44.06999969482422,44.209999084472656,43.529998779296875,43.939998626708984,31554300.0,43.47073973377158,43.608835424092376,42.93808170296963,43.342506408691406,Yahoo Finance via yfinance
2026-05-19,XLU,Utilities,43.81999969482422,44.40999984741211,43.619998931884766,44.34000015258789,22307100.0,43.224138645492935,43.80611602052549,43.02685747783651,43.73706817626953,Yahoo Finance via yfinance
2026-05-20,XLU,Utilities,44.65999984741211,44.86000061035156,44.40999984741211,44.5099983215332,17584800.0,44.05271645483653,44.24999762211431,43.806115936445636,43.904754638671875,Yahoo Finance via yfinance
2026-05-21,XLU,Utilities,44.54999923706055,45.0099983215332,44.439998626708984,45.0,18781100.0,43.94421414459066,44.397958221370935,43.835709308224615,44.38809585571289,Yahoo Finance via yfinance
2026-05-22,XLU,Utilities,45.060001373291016,45.439998626708984,44.91999816894531,45.349998474121094,15187100.0,44.44727983930325,44.822109926877246,44.30918038496899,44.733333587646484,Yahoo Finance via yfinance
2026-05-26,XLU,Utilities,45.59000015258789,45.63999938964844,45.33000183105469,45.33000183105469,13738200.0,44.97007067149646,45.01939002259556,44.71360778808594,44.71360778808594,Yahoo Finance via yfinance
2026-05-27,XLU,Utilities,45.25,45.369998931884766,44.95000076293945,45.13999938964844,16869400.0,44.63469654818062,44.753063750628854,44.33877666064729,44.52619171142578,Yahoo Finance via yfinance
2026-05-28,XLU,Utilities,45.029998779296875,45.27000045776367,44.58000183105469,44.630001068115234,19383000.0,44.417687107357686,44.65442527631984,43.97380915514515,44.023128509521484,Yahoo Finance via yfinance
2026-05-29,XLU,Utilities,44.66999816894531,44.720001220703125,44.25,44.41999816894531,23048500.0,44.06257952625014,44.111902640979196,43.648292454868574,43.81597900390625,Yahoo Finance via yfinance
2026-06-01,XLU,Utilities,43.900001525878906,43.959999084472656,43.06999969482422,43.099998474121094,31206300.0,43.303052121296666,43.36223383693748,42.484336601896395,42.5139274597168,Yahoo Finance via yfinance
2026-06-02,XLU,Utilities,43.209999084472656,43.959999084472656,43.18000030517578,43.900001525878906,27366300.0,42.62243118010634,43.36223270897439,42.59284032305567,43.30305099487305,Yahoo Finance via yfinance
2026-06-03,XLU,Utilities,43.959999084472656,44.47999954223633,43.68000030517578,43.709999084472656,21948600.0,43.36223544338614,43.875164987285544,43.08604405929623,43.11563491821289,Yahoo Finance via yfinance
2026-06-04,XLU,Utilities,43.869998931884766,44.11000061035156,43.34000015258789,43.939998626708984,18216500.0,43.27345856353101,43.51019672038476,42.75066666079503,43.342506408691406,Yahoo Finance via yfinance
2026-06-05,XLU,Utilities,44.040000915527344,44.619998931884766,43.970001220703125,44.349998474121094,21351600.0,43.44114694311249,44.01325817225675,43.3720991010231,43.74692916870117,Yahoo Finance via yfinance
2026-06-08,XLU,Utilities,44.31999969482422,44.380001068115234,43.470001220703125,43.52000045776367,20843500.0,43.71734363538912,43.77652911988417,42.878903300583616,42.92822265625,Yahoo Finance via yfinance
2026-06-09,XLU,Utilities,43.63999938964844,44.08000183105469,43.470001220703125,43.97999954223633,20424800.0,43.04658497410734,43.480604285466484,42.87889843131873,43.381961822509766,Yahoo Finance via yfinance
2026-06-10,XLU,Utilities,44.220001220703125,44.279998779296875,43.790000915527344,44.0,17778000.0,43.61870109805551,43.67788281453382,43.194547903442896,43.40169143676758,Yahoo Finance via yfinance
2026-06-11,XLU,Utilities,44.220001220703125,44.52000045776367,44.0099983215332,44.04999923706055,19146300.0,43.618701971018496,43.914621847808334,43.411554670722765,43.451011657714844,Yahoo Finance via yfinance
2026-06-12,XLU,Utilities,44.189998626708984,44.61000061035156,44.189998626708984,44.529998779296875,17942600.0,43.58910738884399,44.00339822698533,43.58910738884399,43.92448425292969,Yahoo Finance via yfinance
2026-06-15,XLU,Utilities,44.47999954223633,45.0,44.189998626708984,44.7400016784668,18437600.0,43.875163300346046,44.38809282452402,43.5891057990655,44.131629943847656,Yahoo Finance via yfinance
2026-06-16,XLU,Utilities,44.84000015258789,45.5,44.7599983215332,45.060001373291016,16396600.0,44.23027121327529,44.88129646199115,44.151357237515555,44.44728088378906,Yahoo Finance via yfinance
2026-06-17,XLU,Utilities,44.81999969482422,45.16999816894531,44.2400016784668,44.459999084472656,22210400.0,44.2105436048019,44.555782848601616,43.63843232038728,43.855438232421875,Yahoo Finance via yfinance
2026-06-18,XLU,Utilities,44.599998474121094,45.34000015258789,44.529998779296875,44.7599983215332,36828300.0,43.99353156005508,44.723470759829105,43.924483715014674,44.1513557434082,Yahoo Finance via yfinance
2026-06-22,XLU,Utilities,44.47999954223633,44.970001220703125,44.43000030517578,44.720001220703125,21868600.0,44.15532773578025,44.641752756608746,44.10569345696577,44.393577575683594,Yahoo Finance via yfinance
2026-06-23,XLU,Utilities,44.75,45.20000076293945,44.459999084472656,45.06999969482422,22295600.0,44.42336006950586,44.870076179530706,44.13547593339508,44.741024017333984,Yahoo Finance via yfinance
2026-06-24,XLU,Utilities,45.290000915527344,45.599998474121094,45.09000015258789,45.540000915527344,18884500.0,44.95941682878058,45.26715163052448,44.760875926036064,45.20759201049805,Yahoo Finance via yfinance
2026-06-25,XLU,Utilities,45.65999984741211,46.189998626708984,45.5,45.849998474121094,19262800.0,45.32671567611721,45.85284585697922,45.16788370905399,45.51532745361328,Yahoo Finance via yfinance
2026-06-26,XLU,Utilities,46.0,46.22999954223633,45.88999938964844,46.20000076293945,19479300.0,45.66423299443905,45.89255370498892,45.55503530964287,45.86277389526367,Yahoo Finance via yfinance
2026-06-29,XLU,Utilities,46.20000076293945,46.310001373291016,45.77000045776367,46.02000045776367,17917800.0,45.86277610129637,45.971973791345036,45.43591446938952,45.68408966064453,Yahoo Finance via yfinance
2026-06-30,XLU,Utilities,45.86000061035156,45.95000076293945,45.31999969482422,45.34000015258789,18906800.0,45.52525712241151,45.6146003416241,44.989197807135994,45.00905227661133,Yahoo Finance via yfinance
2026-07-01,XLU,Utilities,45.2400016784668,45.36000061035156,44.63999938964844,44.77000045776367,29493100.0,44.90978499533233,45.028908028724686,44.31416225466462,44.443214416503906,Yahoo Finance via yfinance
2026-07-02,XLU,Utilities,45.029998779296875,45.79999923706055,45.0,45.7599983215332,24327900.0,44.70131235541687,45.46569236672908,44.67153254551273,45.42598342895508,Yahoo Finance via yfinance
2026-07-06,XLU,Utilities,45.709999084472656,45.83000183105469,45.11000061035156,45.29999923706055,19176600.0,45.37635226577082,45.495479087272244,44.780733305675675,44.96934509277344,Yahoo Finance via yfinance
2026-07-07,XLU,Utilities,45.630001068115234,46.31999969482422,45.529998779296875,45.70000076293945,18962700.0,45.2969358117178,45.981897958826984,45.19766346563856,45.366424560546875,Yahoo Finance via yfinance
2026-07-08,XLU,Utilities,45.7400016784668,45.81999969482422,45.310001373291016,45.36000061035156,14863200.0,45.406135130831615,45.48554922369628,44.97927349448187,45.028907775878906,Yahoo Finance via yfinance
2026-07-09,XLU,Utilities,45.560001373291016,45.65999984741211,45.040000915527344,45.130001068115234,19667800.0,45.227448333439796,45.32671689545494,44.71124347988466,44.80058670043945,Yahoo Finance via yfinance
2026-07-10,XLU,Utilities,45.119998931884766,45.47999954223633,45.09000015258789,45.40999984741211,14050300.0,44.790656676321596,45.14802955139337,44.76087686568322,45.07854080200195,Yahoo Finance via yfinance
2026-07-13,XLU,Utilities,45.45000076293945,45.880001068115234,45.43000030517578,45.720001220703125,15732100.0,45.118250399596704,45.54511203029317,45.098395929930255,45.38628005981445,Yahoo Finance via yfinance
2026-07-14,XLU,Utilities,45.93000030517578,46.279998779296875,45.560001373291016,45.689998626708984,17386900.0,45.59474474452336,45.94218848461682,45.2274465354456,45.35649490356445,Yahoo Finance via yfinance
2026-07-15,XLU,Utilities,45.72999954223633,45.95000076293945,45.16999816894531,45.220001220703125,15909500.0,45.39620645940834,45.61460184397721,44.84029265634802,44.889930725097656,Yahoo Finance via yfinance
2026-07-16,XLU,Utilities,45.2400016784668,45.619998931884766,45.119998931884766,45.470001220703125,15615700.0,44.90978277122401,45.28700632276038,44.79065595687832,45.13810348510742,Yahoo Finance via yfinance
2026-07-17,XLU,Utilities,45.900001525878906,46.150001525878906,45.060001373291016,45.16999816894531,20924600.0,45.56496493350722,45.81314011552664,44.73109617044784,44.84029006958008,Yahoo Finance via yfinance
2026-07-20,XLU,Utilities,45.33000183105469,45.65999984741211,44.810001373291016,44.939998626708984,17830900.0,44.99912545590219,45.32671472434323,44.48292062707283,44.611968994140625,Yahoo Finance via yfinance
2026-07-21,XLU,Utilities,44.869998931884766,45.040000915527344,44.63999938964844,44.91999816894531,15891700.0,44.5424830278411,44.71124412994396,44.314162302404384,44.59211730957031,Yahoo Finance via yfinance
2026-07-22,XLU,Utilities,45.27000045776367,45.9900016784668,45.209999084472656,45.93000030517578,18366900.0,44.93956329410523,45.654309044103826,44.879999885987736,45.59474563598633,Yahoo Finance via yfinance
2026-07-23,XLU,Utilities,45.650001525878906,46.33000183105469,45.599998474121094,46.189998626708984,13696700.0,45.3167925052502,45.99182934431117,45.26715443634776,45.852848052978516,Yahoo Finance via yfinance
2026-07-24,XLU,Utilities,46.400001525878906,46.630001068115234,46.099998474121094,46.290000915527344,16109000.0,46.06131560663963,46.28963632120731,45.76350235673565,45.952117919921875,Yahoo Finance via yfinance
2026-07-27,XLU,Utilities,46.130001068115234,46.279998779296875,45.560001373291016,45.68000030517578,16609100.0,45.79328514135669,45.94218797681401,45.2274460355429,45.3465690612793,Yahoo Finance via yfinance
2026-07-28,XLU,Utilities,45.86000061035156,46.43000030517578,45.5,45.52000045776367,16412000.0,45.52525874533489,46.09109789156851,45.16788585574461,45.187740325927734,Yahoo Finance via yfinance
2026-07-29,XLU,Utilities,45.7599983215332,45.79999923706055,44.72999954223633,44.90999984741211,23653200.0,45.42598560776433,45.46569454744293,44.40350502558438,44.582191467285156,Yahoo Finance via yfinance
2026-07-30,XLU,Utilities,45.20000076293945,45.2400016784668,44.36000061035156,44.65999984741211,23428600.0,44.87007420097023,44.909783139411005,44.03620542797789,44.334014892578125,Yahoo Finance via yfinance
2026-07-31,XLU,Utilities,44.61000061035156,44.7400016784668,44.310001373291016,44.349998474121094,20778500.0,44.284379943878285,44.41343209843461,43.986570483777534,44.026275634765625,Yahoo Finance via yfinance
2026-08-03,XLU,Utilities,44.2400016784668,44.65999984741211,43.939998626708984,44.36000061035156,25872600.0,43.91708226364703,44.334014755426985,43.61926901311531,44.03620529174805,Yahoo Finance via yfinance
2026-08-04,XLU,Utilities,44.25,44.290000915527344,43.59000015258789,44.11000061035156,26772300.0,43.92701003669236,43.966718977208664,43.2718276655853,43.78803253173828,Yahoo Finance via yfinance
2026-08-05,XLU,Utilities,44.099998474121094,44.130001068115234,43.290000915527344,43.65999984741211,26062300.0,43.77810320630055,43.807886804980335,42.97401799215304,43.34131622314453,Yahoo Finance via yfinance
2026-08-06,XLU,Utilities,44.150001525878906,44.27000045776367,43.15999984741211,43.380001068115234,27020100.0,43.82773831593724,43.94686134205435,42.84496293662614,43.063358306884766,Yahoo Finance via yfinance
2026-08-07,XLU,Utilities,43.20000076293945,43.869998931884766,42.95000076293945,43.61000061035156,18693800.0,42.884672235051816,43.54977990555802,42.63649705288931,43.29167938232422,Yahoo Finance via yfinance
2026-08-10,XLU,Utilities,43.43000030517578,43.52000045776367,43.060001373291016,43.130001068115234,25438200.0,43.11299502242736,43.202338243778364,42.74569679547455,42.815185546875,Yahoo Finance via yfinance
2026-08-11,XLU,Utilities,43.130001068115234,43.709999084472656,43.08000183105469,43.630001068115234,19690800.0,42.81518450545986,43.39094897260943,42.76555022521723,43.3115348815918,Yahoo Finance via yfinance
2026-08-12,XLU,Utilities,43.7599983215332,43.959999084472656,43.63999938964844,43.84000015258789,15979000.0,43.44058258112125,43.639123485874514,43.321459553010406,43.52000045776367,Yahoo Finance via yfinance
2026-08-13,XLU,Utilities,43.88999938964844,44.20000076293945,43.880001068115234,44.040000915527344,17855900.0,43.56963737206454,43.8773759823849,43.55971203031041,43.718544006347656,Yahoo Finance via yfinance
2026-08-14,XLU,Utilities,44.0099983215332,44.40999984741211,43.97999954223633,44.310001373291016,17154200.0,43.68875900660743,44.08584082739559,43.658979195446825,43.986572265625,Yahoo Finance via yfinance
2026-08-17,XLU,Utilities,44.20000076293945,44.25,43.81999969482422,44.18000030517578,16377500.0,43.87737552728426,43.927009809246144,43.500148168038564,43.857521057128906,Yahoo Finance via yfinance
2026-08-18,XLU,Utilities,44.529998779296875,44.650001525878906,43.95000076293945,44.02000045776367,19424700.0,44.20496423538672,44.324091054749516,43.62919975587824,43.69868850708008,Yahoo Finance via yfinance
2026-08-19,XLU,Utilities,44.2599983215332,44.380001068115234,43.79999923706055,44.02000045776367,15856400.0,43.936934572099815,44.05606139146261,43.480293125101205,43.69868850708008,Yahoo Finance via yfinance
2026-08-20,XLU,Utilities,43.83000183105469,44.2599983215332,43.75,43.77000045776367,17077400.0,43.510075340160896,43.93693317532232,43.430657463110435,43.45051193237305,Yahoo Finance via yfinance
2026-08-21,XLU,Utilities,43.900001525878906,43.959999084472656,42.75,42.77000045776367,22073000.0,43.57956621649243,43.639125840334884,42.43795879270764,42.45781326293945,Yahoo Finance via yfinance
2026-08-24,XLU,Utilities,42.869998931884766,43.2599983215332,42.70000076293945,43.220001220703125,20055700.0,42.55708202117269,42.94423472532477,42.38832470371276,42.9045295715332,Yahoo Finance via yfinance
2026-08-25,XLU,Utilities,43.2400016784668,43.47999954223633,43.06999969482422,43.310001373291016,13430200.0,42.9243810336625,43.16262708712735,42.75561994117654,42.99386978149414,Yahoo Finance via yfinance
2026-08-26,XLU,Utilities,43.310001373291016,43.709999084472656,43.279998779296875,43.5099983215332,12240200.0,42.99387238774259,43.3909504298721,42.96408878911448,43.19240951538086,Yahoo Finance via yfinance
2026-08-27,XLU,Utilities,43.220001220703125,43.33000183105469,42.91999816894531,43.18000030517578,16033500.0,42.90452751173624,43.01372519983986,42.60671425805261,42.86481857299805,Yahoo Finance via yfinance
2026-08-28,XLU,Utilities,43.34000015258789,43.380001068115234,42.560001373291016,42.72999954223633,20360500.0,43.023650323108704,43.06335926164571,42.24934495590126,42.4181022644043,Yahoo Finance via yfinance
2026-08-31,XLU,Utilities,42.0,42.400001525878906,41.86000061035156,42.22999954223633,31622300.0,41.69343220773416,42.09051402921565,41.55445470627151,41.9217529296875,Yahoo Finance via yfinance
2026-09-01,XLU,Utilities,42.29999923706055,42.61000061035156,42.09000015258789,42.560001373291016,30615800.0,41.991239565053824,42.29897815054188,41.78277332336162,42.24934387207031,Yahoo Finance via yfinance
2026-09-02,XLU,Utilities,42.400001525878906,42.709999084472656,42.02000045776367,42.66999816894531,29769100.0,42.09051370872053,42.398248520515196,41.71328635987077,42.35853958129883,Yahoo Finance via yfinance
2026-09-03,XLU,Utilities,42.81999969482422,43.130001068115234,42.77000045776367,43.029998779296875,22875900.0,42.50744561753302,42.8151842118918,42.457811337630716,42.715911865234375,Yahoo Finance via yfinance
2026-09-04,XLU,Utilities,42.77000045776367,43.22999954223633,42.75,43.08000183105469,18858100.0,42.45781012051768,42.91445154149308,42.437955651755345,42.76554870605469,Yahoo Finance via yfinance
2026-09-08,XLU,Utilities,43.04999923706055,43.709999084472656,43.040000915527344,43.45000076293945,19711400.0,42.73576503145924,43.390947352009,42.72583969052255,43.13284683227539,Yahoo Finance via yfinance
2026-09-09,XLU,Utilities,43.400001525878906,43.529998779296875,42.83000183105469,42.939998626708984,16901700.0,43.08321305285925,43.212261420794285,42.51737394159716,42.62656784057617,Yahoo Finance via yfinance
2026-09-10,XLU,Utilities,42.9900016784668,43.25,42.5099983215332,42.52000045776367,20625300.0,42.67620725632569,42.934307787212745,42.199707560013955,42.20963668823242,Yahoo Finance via yfinance
2026-09-11,XLU,Utilities,42.88999938964844,42.959999084472656,42.310001373291016,42.38999938964844,15174000.0,42.576935869989136,42.64642462167629,42.00117138645942,42.08058547973633,Yahoo Finance via yfinance
2026-09-14,XLU,Utilities,42.380001068115234,42.439998626708984,41.75,41.81999969482422,23581300.0,42.070657571364876,42.13021719097552,41.445255057484076,41.51474380493164,Yahoo Finance via yfinance
2026-09-15,XLU,Utilities,41.91999816894531,41.95000076293945,41.290000915527344,41.31999969482422,24210500.0,41.61401340232507,41.643796999727556,40.98861465966518,41.018394470214844,Yahoo Finance via yfinance
2026-09-16,XLU,Utilities,41.630001068115234,41.65999984741211,41.150001525878906,41.31999969482422,23577400.0,41.326133064355055,41.355912874904725,40.849637161296315,41.018394470214844,Yahoo Finance via yfinance
2026-09-17,XLU,Utilities,41.5,41.7599983215332,41.31999969482422,41.689998626708984,20994900.0,41.19708081860533,41.455181345470514,41.01839438198605,41.38569259643555,Yahoo Finance via yfinance
2026-09-18,XLU,Utilities,41.380001068115234,41.5,41.08000183105469,41.099998474121094,22574400.0,41.0779580216218,41.197081051089285,40.78014855452666,40.79999923706055,Yahoo Finance via yfinance
2026-09-21,XLU,Utilities,40.77000045776367,40.93000030517578,40.58000183105469,40.65999984741211,20935300.0,40.77000045776367,40.93000030517578,40.58000183105469,40.65999984741211,Yahoo Finance via yfinance
2025-11-24,XLV,Health Care,155.13999938964844,156.16000366210938,154.47999572753906,155.25999450683594,17928400.0,152.5901832491268,153.59342315799643,151.9410271311522,152.7082061767578,Yahoo Finance via yfinance
2025-11-25,XLV,Health Care,155.77000427246094,158.88999938964844,155.77000427246094,158.77000427246094,17298600.0,153.20981431936374,156.27853011489978,153.20981431936374,156.16050720214844,Yahoo Finance via yfinance
2025-11-26,XLV,Health Care,158.4199981689453,158.9499969482422,158.16000366210938,158.4199981689453,12398900.0,155.81625366210938,156.33754153731476,155.56053234853695,155.81625366210938,Yahoo Finance via yfinance
2025-11-28,XLV,Health Care,158.1999969482422,158.25,157.16000366210938,157.64999389648438,8559700.0,155.5998622680785,155.6490434824691,154.5769620455524,155.05889892578125,Yahoo Finance via yfinance
2025-12-01,XLV,Health Care,157.0399932861328,157.86000061035156,155.17999267578125,155.2899932861328,17321200.0,154.45892359898912,155.26545348982614,152.62949348913864,152.73768615722656,Yahoo Finance via yfinance
2025-12-02,XLV,Health Care,155.25,155.47000122070312,154.13999938964844,154.36000061035156,16150300.0,152.6983697433121,152.91475510719553,151.60661268299154,151.822998046875,Yahoo Finance via yfinance
2025-12-03,XLV,Health Care,154.6699981689453,155.77999877929688,154.66000366210938,155.0800018310547,12724800.0,152.12789346912038,153.2196504782449,152.11806322867807,152.53115844726562,Yahoo Finance via yfinance
2025-12-04,XLV,Health Care,155.0,155.02999877929688,153.3699951171875,153.89999389648438,13674600.0,152.45247120014992,152.48197692941957,150.84925653916233,151.37054443359375,Yahoo Finance via yfinance
2025-12-05,XLV,Health Care,154.4499969482422,154.6300048828125,152.9600067138672,153.25999450683594,8868700.0,151.91150226116906,152.0885516383126,150.44600106770366,150.74105834960938,Yahoo Finance via yfinance
2025-12-08,XLV,Health Care,153.35000610351562,153.4199981689453,151.1999969482422,151.42999267578125,10996000.0,150.82958821485485,150.89842991023727,148.71491600982634,148.94113159179688,Yahoo Finance via yfinance
2025-12-09,XLV,Health Care,152.0,152.67999267578125,149.85000610351562,149.9600067138672,11543300.0,149.50176474257307,150.1705812231081,147.38710762605876,147.49530029296875,Yahoo Finance via yfinance
2025-12-10,XLV,Health Care,150.3800048828125,152.17999267578125,149.8699951171875,152.13999938964844,15534800.0,147.90839764406752,149.6788012987579,147.40677026830565,149.63946533203125,Yahoo Finance via yfinance
2025-12-11,XLV,Health Care,152.75999450683594,154.3000030517578,152.25999450683594,153.5800018310547,14703000.0,150.24928666899746,151.76398419229645,149.75750448756293,151.05581665039062,Yahoo Finance via yfinance
2025-12-12,XLV,Health Care,153.75,154.55999755859375,153.41000366210938,154.05999755859375,13175500.0,151.22300580420338,152.0196904578919,150.8885975558896,151.5279083251953,Yahoo Finance via yfinance
2025-12-15,XLV,Health Care,154.47000122070312,156.30999755859375,154.44000244140625,156.10000610351562,14681800.0,151.93117869817914,153.74093340917082,151.9016729698043,153.53439331054688,Yahoo Finance via yfinance
2025-12-16,XLV,Health Care,156.0399932861328,156.1199951171875,153.08999633789062,154.07000732421875,12491300.0,153.47535799704212,153.554044937505,150.5738464794696,151.53775024414062,Yahoo Finance via yfinance
2025-12-17,XLV,Health Care,154.22999572753906,154.77999877929688,153.6699981689453,153.7899932861328,9093300.0,151.69511504581195,152.23607840263742,151.14432144904416,151.26234436035156,Yahoo Finance via yfinance
2025-12-18,XLV,Health Care,153.75,155.17999267578125,153.67999267578125,153.91000366210938,8876400.0,151.22299721830228,152.62948683411926,151.15414051979437,151.38037109375,Yahoo Finance via yfinance
2025-12-19,XLV,Health Care,153.9199981689453,155.77000427246094,153.9199981689453,154.94000244140625,8571500.0,151.39020813492044,153.20980800754188,151.39020813492044,152.39344787597656,Yahoo Finance via yfinance
2025-12-22,XLV,Health Care,154.14999389648438,155.3699951171875,153.8000030517578,155.3000030517578,7063700.0,152.26207036421954,153.46712984567415,151.91636596761492,153.3979949951172,Yahoo Finance via yfinance
2025-12-23,XLV,Health Care,154.69000244140625,155.66000366210938,154.63999938964844,154.99000549316406,7465800.0,152.7954680496964,153.75358937742897,152.74607740016077,153.091796875,Yahoo Finance via yfinance
2025-12-24,XLV,Health Care,155.1699981689453,155.94000244140625,155.14999389648438,155.8000030517578,3085700.0,153.2695871863954,154.0301609981148,153.24982791193364,153.89187622070312,Yahoo Finance via yfinance
2025-12-26,XLV,Health Care,155.69000244140625,156.1199951171875,155.35000610351562,156.0500030517578,4439100.0,153.78320241174,154.20792878888886,153.4473701500072,154.1387939453125,Yahoo Finance via yfinance
2025-12-29,XLV,Health Care,156.07000732421875,156.49000549316406,155.67999267578125,155.80999755859375,6357300.0,154.15857401005795,154.57342834319667,153.77333598081088,153.90174865722656,Yahoo Finance via yfinance
2025-12-30,XLV,Health Care,155.66000366210938,155.97999572753906,155.1999969482422,155.67999267578125,4355000.0,153.75358648656166,154.06965950820862,153.29921362005123,153.77333068847656,Yahoo Finance via yfinance
2025-12-31,XLV,Health Care,155.60000610351562,155.83999633789062,154.77000427246094,154.8000030517578,4199500.0,153.69433424432492,153.93138525878868,152.87449765151234,152.9041290283203,Yahoo Finance via yfinance
2026-01-02,XLV,Health Care,154.8699951171875,155.57000732421875,153.5800018310547,155.50999450683594,10998000.0,152.9732466277319,153.66468553368387,151.69905235298944,153.60540771484375,Yahoo Finance via yfinance
2026-01-05,XLV,Health Care,154.58999633789062,155.38999938964844,152.97000122070312,155.0399932861328,17756200.0,152.6966733944953,153.48687850221688,151.09651897849298,153.1411590576172,Yahoo Finance via yfinance
2026-01-06,XLV,Health Care,155.13999938964844,158.3300018310547,155.13999938964844,158.08999633789062,17783800.0,153.2399563435743,156.39088993117366,153.2399563435743,156.15382385253906,Yahoo Finance via yfinance
2026-01-07,XLV,Health Care,158.5399932861328,160.58999633789062,158.5399932861328,159.66000366210938,14505700.0,156.59831179173634,158.6232079104954,156.59831179173634,157.70460510253906,Yahoo Finance via yfinance
2026-01-08,XLV,Health Care,159.14999389648438,160.5,157.61000061035156,158.1199951171875,17611000.0,157.20082516610037,158.5342972464698,155.67969274627887,156.18344116210938,Yahoo Finance via yfinance
2026-01-09,XLV,Health Care,158.3300018310547,158.92999267578125,157.25999450683594,157.30999755859375,12352000.0,156.39088906391729,156.98353164935173,155.3339864250982,155.3833770751953,Yahoo Finance via yfinance
2026-01-12,XLV,Health Care,157.3300018310547,157.5,156.00999450683594,157.3800048828125,12250100.0,155.40312400226466,155.57104014172504,154.09928328846524,155.4525146484375,Yahoo Finance via yfinance
2026-01-13,XLV,Health Care,157.64999389648438,157.6699981689453,155.74000549316406,156.74000549316406,11756500.0,155.71920174766933,155.73896102112167,153.83260561048434,154.8203582763672,Yahoo Finance via yfinance
2026-01-14,XLV,Health Care,156.61000061035156,157.99000549316406,156.47999572753906,157.86000061035156,13516800.0,154.6919449153527,156.05504841118938,154.56353224635086,155.9266357421875,Yahoo Finance via yfinance
2026-01-15,XLV,Health Care,157.30999755859375,157.4499969482422,155.3699951171875,156.9600067138672,15303400.0,155.38336306709957,155.52164783175866,153.46712056260262,155.03765869140625,Yahoo Finance via yfinance
2026-01-16,XLV,Health Care,156.63999938964844,156.97000122070312,155.7100067138672,155.74000549316406,11950300.0,154.7215824861455,155.04754268611396,153.80297970870635,153.83261108398438,Yahoo Finance via yfinance
2026-01-20,XLV,Health Care,154.0,155.9199981689453,153.22999572753906,155.39999389648438,12775200.0,152.11391737119922,154.01040076615897,151.35334356420836,153.49676513671875,Yahoo Finance via yfinance
2026-01-21,XLV,Health Care,155.1999969482422,158.50999450683594,155.14999389648438,158.25999450683594,16393900.0,153.29921081953407,156.56866973399673,153.24982017182938,156.3217315673828,Yahoo Finance via yfinance
2026-01-22,XLV,Health Care,157.64999389648438,159.22999572753906,157.5,158.2899932861328,10881400.0,155.7192182243535,157.2798694102104,155.57106133755838,156.35137939453125,Yahoo Finance via yfinance
2026-01-23,XLV,Health Care,157.8000030517578,158.3800048828125,156.66000366210938,157.47999572753906,10191300.0,155.867372875986,156.4402712278327,154.74133544564168,155.55128479003906,Yahoo Finance via yfinance
2026-01-26,XLV,Health Care,157.3699951171875,158.3300018310547,156.89999389648438,158.10000610351562,6810400.0,155.442641208227,156.39089045402523,154.97839622262615,156.16371154785156,Yahoo Finance via yfinance
2026-01-27,XLV,Health Care,155.8000030517578,157.08999633789062,155.13999938964844,155.4499969482422,12697500.0,153.8918620257202,155.16605628063115,153.23994167580813,153.546142578125,Yahoo Finance via yfinance
2026-01-28,XLV,Health Care,154.3000030517578,155.14999389648438,153.47000122070312,154.30999755859375,11426600.0,152.41024813791785,153.2498289091268,151.59041156938883,152.4201202392578,Yahoo Finance via yfinance
2026-01-29,XLV,Health Care,154.25,154.6699981689453,153.5,153.82000732421875,12167300.0,152.36086843456457,152.77572279930646,151.62005383925876,151.93614196777344,Yahoo Finance via yfinance
2026-01-30,XLV,Health Care,154.1199951171875,154.92999267578125,153.2899932861328,154.74000549316406,11863900.0,152.23244694599336,153.03252425115582,151.41261036596342,152.84486389160156,Yahoo Finance via yfinance
2026-02-02,XLV,Health Care,154.5800018310547,156.00999450683594,154.39999389648438,155.69000244140625,11005300.0,152.68681229739263,154.0992914065098,152.5090089761854,153.78321838378906,Yahoo Finance via yfinance
2026-02-03,XLV,Health Care,154.77999877929688,157.1199951171875,153.85000610351562,154.10000610351562,21141900.0,152.88437216699782,155.19571002597792,151.9657693276254,152.21270751953125,Yahoo Finance via yfinance
2026-02-04,XLV,Health Care,154.80999755859375,156.77999877929688,154.22999572753906,156.02999877929688,22951600.0,152.9139895999027,154.8598635804276,152.34109123829492,154.11904907226562,Yahoo Finance via yfinance
2026-02-05,XLV,Health Care,155.4600067138672,156.97000122070312,154.67999267578125,154.83999633789062,21421600.0,153.5560509944721,155.04755223903229,152.78558997404267,152.94363403320312,Yahoo Finance via yfinance
2026-02-06,XLV,Health Care,156.0399932861328,157.8000030517578,155.91000366210938,157.7100067138672,13616200.0,154.12892785290194,155.86738228675333,154.00053024815458,155.7784881591797,Yahoo Finance via yfinance
2026-02-09,XLV,Health Care,157.57000732421875,158.14999389648438,156.02999877929688,156.32000732421875,11823000.0,155.6401931385275,156.2130764153521,154.11904560901422,154.40550231933594,Yahoo Finance via yfinance
2026-02-10,XLV,Health Care,156.66000366210938,157.16000366210938,155.24000549316406,155.3300018310547,11103400.0,154.74134045337755,155.23521679972032,153.33873343839326,153.42762756347656,Yahoo Finance via yfinance
2026-02-11,XLV,Health Care,155.17999267578125,156.3800048828125,154.3800048828125,156.25,11738400.0,153.27944693149925,154.46476215308905,152.48925687965155,154.3363494873047,Yahoo Finance via yfinance
2026-02-12,XLV,Health Care,156.2100067138672,157.4199981689453,155.47999572753906,156.0,19409100.0,154.29685119622482,155.4920234865306,153.5757808954252,154.08941650390625,Yahoo Finance via yfinance
2026-02-13,XLV,Health Care,156.52000427246094,158.8000030517578,156.52000427246094,157.6699981689453,16647900.0,154.6030583083668,156.85513328023455,154.6030583083668,155.7389678955078,Yahoo Finance via yfinance
2026-02-17,XLV,Health Care,158.02999877929688,158.91000366210938,157.1300048828125,157.3699951171875,14881100.0,156.09456263061537,156.96378985555046,155.2055912028667,155.44264221191406,Yahoo Finance via yfinance
2026-02-18,XLV,Health Care,157.1999969482422,157.8000030517578,156.47999572753906,157.6699981689453,11886300.0,155.27472291629812,155.86738057075183,154.56353975971777,155.7389678955078,Yahoo Finance via yfinance
2026-02-19,XLV,Health Care,157.1999969482422,157.72000122070312,156.19000244140625,157.25999450683594,11226900.0,155.27472162442973,155.7883572492222,154.27709682204002,155.333984375,Yahoo Finance via yfinance
2026-02-20,XLV,Health Care,157.0,157.25,155.8699951171875,156.82000732421875,13368500.0,155.0771717939906,155.3241099656371,153.96100643513734,154.89938354492188,Yahoo Finance via yfinance
2026-02-23,XLV,Health Care,157.1300048828125,158.67999267578125,157.1300048828125,158.5399932861328,17053500.0,155.20557734956682,156.73658188604546,155.20557734956682,156.59829711914062,Yahoo Finance via yfinance
2026-02-24,XLV,Health Care,158.00999450683594,158.5,157.30999755859375,157.8699951171875,12887100.0,156.07480822105842,156.55881249946842,155.38338430326633,155.9365234375,Yahoo Finance via yfinance
2026-02-25,XLV,Health Care,157.8699951171875,159.22999572753906,157.6199951171875,157.8300018310547,11011500.0,155.9365219109996,157.27986625466437,155.68958372335467,155.8970184326172,Yahoo Finance via yfinance
2026-02-26,XLV,Health Care,158.07000732421875,158.1699981689453,156.08999633789062,157.4199981689453,15344400.0,156.1340679160712,156.2328341374803,154.1783068261142,155.4920196533203,Yahoo Finance via yfinance
2026-02-27,XLV,Health Care,156.74000549316406,160.24000549316406,156.7100067138672,160.1999969482422,14250100.0,154.82036024703154,158.27749462162646,154.79072887243066,158.23797607421875,Yahoo Finance via yfinance
2026-03-02,XLV,Health Care,159.19000244140625,159.83999633789062,157.99000549316406,158.52999877929688,18641400.0,157.24036036404627,157.88239361330923,156.05506009591664,156.58843994140625,Yahoo Finance via yfinance
2026-03-03,XLV,Health Care,156.66000366210938,157.38999938964844,155.0,156.74000549316406,21432600.0,154.7413362544674,155.46239148042721,153.10166321184357,154.8203582763672,Yahoo Finance via yfinance
2026-03-04,XLV,Health Care,156.74000549316406,157.5800018310547,155.6699981689453,157.0500030517578,12745700.0,154.8203707157529,155.65007940450096,153.76346804382243,155.12657165527344,Yahoo Finance via yfinance
2026-03-05,XLV,Health Care,155.1300048828125,155.6999969482422,152.72000122070312,153.91000366210938,20476400.0,153.23006855579177,153.79307971103557,150.8495811275622,152.02500915527344,Yahoo Finance via yfinance
2026-03-06,XLV,Health Care,152.77999877929688,152.99000549316406,150.9499969482422,152.6999969482422,18174000.0,150.90885600885161,151.1162907070915,149.10126676271275,150.829833984375,Yahoo Finance via yfinance
2026-03-09,XLV,Health Care,151.77999877929688,154.5500030517578,151.1300048828125,154.25999450683594,18675700.0,149.92110503967788,152.6571842650825,149.27907180727757,152.3707275390625,Yahoo Finance via yfinance
2026-03-10,XLV,Health Care,154.41000366210938,154.5399932861328,153.00999450683594,153.14999389648438,17247500.0,152.51890057863218,152.6472981828837,151.13603773232603,151.27432250976562,Yahoo Finance via yfinance
2026-03-11,XLV,Health Care,152.83999633789062,153.16000366210938,151.94000244140625,152.85000610351562,12503800.0,150.96812491155464,151.2842130223425,150.07915347580746,150.97801208496094,Yahoo Finance via yfinance
2026-03-12,XLV,Health Care,151.9499969482422,152.49000549316406,150.02999877929688,150.16000366210938,15670500.0,150.08902412199566,150.62241903580056,148.19254069138935,148.32095336914062,Yahoo Finance via yfinance
2026-03-13,XLV,Health Care,151.0399932861328,152.3000030517578,149.6699981689453,149.7899932861328,15129300.0,149.19016576650344,150.43474385281792,147.83694934888018,147.95547485351562,Yahoo Finance via yfinance
2026-03-16,XLV,Health Care,150.75,151.72999572753906,150.3800048828125,151.00999450683594,10896600.0,148.90372742998068,149.87172090723456,148.53826373459023,149.16053771972656,Yahoo Finance via yfinance
2026-03-17,XLV,Health Care,151.22000122070312,151.85000610351562,149.5399932861328,149.63999938964844,11938600.0,149.36796307142427,149.99025208948487,147.7085307138993,147.80731201171875,Yahoo Finance via yfinance
2026-03-18,XLV,Health Care,148.72000122070312,149.0500030517578,147.00999450683594,147.13999938964844,15565400.0,146.8985875267472,147.22454773697632,145.2095237231801,145.3379364013672,Yahoo Finance via yfinance
2026-03-19,XLV,Health Care,147.13999938964844,148.08999633789062,146.3000030517578,146.61000061035156,16913000.0,145.33793032781605,146.27629236973524,144.50822168476603,144.81442260742188,Yahoo Finance via yfinance
2026-03-20,XLV,Health Care,146.47999572753906,147.02000427246094,144.66000366210938,145.3300018310547,16582200.0,144.68601950411605,145.21941443271973,142.88831732527453,143.55010986328125,Yahoo Finance via yfinance
2026-03-23,XLV,Health Care,146.55999755859375,146.77000427246094,144.60000610351562,144.77000427246094,21815400.0,145.36016285454426,145.56845031795035,143.416217154151,143.58482360839844,Yahoo Finance via yfinance
2026-03-24,XLV,Health Care,143.9499969482422,145.3000030517578,143.3800048828125,144.7899932861328,24230900.0,142.7715252138956,144.11047925719643,142.2061994878348,143.60464477539062,Yahoo Finance via yfinance
2026-03-25,XLV,Health Care,145.69000244140625,146.69000244140625,145.35000610351562,146.24000549316406,17743300.0,144.49728529070586,145.48909861261737,144.1600723933848,145.04278564453125,Yahoo Finance via yfinance
2026-03-26,XLV,Health Care,145.75,146.91000366210938,145.6300048828125,145.74000549316406,13321000.0,144.55677242491717,145.70727935730562,144.43775968496948,144.54685974121094,Yahoo Finance via yfinance
2026-03-27,XLV,Health Care,145.72000122070312,145.8000030517578,143.07000732421875,143.25999450683594,12932200.0,144.5270254133483,144.6063722879921,141.89872640144847,142.087158203125,Yahoo Finance via yfinance
2026-03-30,XLV,Health Care,144.3000030517578,144.6300048828125,143.42999267578125,143.82000732421875,14799700.0,143.11865952133945,143.4459597202396,142.25577167555915,142.64259338378906,Yahoo Finance via yfinance
2026-03-31,XLV,Health Care,144.80999755859375,146.75,144.60000610351562,146.61000061035156,17866000.0,143.62447734817016,145.54859751527675,143.41620503623275,145.4097442626953,Yahoo Finance via yfinance
2026-04-01,XLV,Health Care,147.22000122070312,148.75999450683594,146.9499969482422,147.72999572753906,16899200.0,146.0147495326094,147.54213529603894,145.74695571458722,146.52056884765625,Yahoo Finance via yfinance
2026-04-02,XLV,Health Care,146.92999267578125,148.36000061035156,146.27000427246094,146.80999755859375,11087900.0,145.727121273971,147.1454221661769,145.0725359960536,145.6081085205078,Yahoo Finance via yfinance
2026-04-06,XLV,Health Care,146.27999877929688,147.13999938964844,145.75999450683594,146.27999877929688,7272600.0,145.08245849609375,145.9354185993147,144.56671130641178,145.08245849609375,Yahoo Finance via yfinance
2026-04-07,XLV,Health Care,146.91000366210938,146.91000366210938,144.8800048828125,146.57000732421875,10263400.0,145.70729956912905,145.70729956912905,143.69391972509695,145.37008666992188,Yahoo Finance via yfinance
2026-04-08,XLV,Health Care,148.1999969482422,149.6999969482422,147.5,149.6699981689453,8130700.0,146.98673531450464,148.47445533820178,146.29246899688675,148.4447021484375,Yahoo Finance via yfinance
2026-04-09,XLV,Health Care,148.8300018310547,150.22000122070312,148.3000030517578,149.3300018310547,6406400.0,147.61156104909267,148.99018079806106,147.0859012613912,148.1074676513672,Yahoo Finance via yfinance
2026-04-10,XLV,Health Care,149.77999877929688,149.83999633789062,147.11000061035156,147.30999755859375,6217800.0,148.55378378527354,148.61329015741683,145.90564428781613,146.10400390625,Yahoo Finance via yfinance
2026-04-13,XLV,Health Care,146.8800048828125,148.0500030517578,146.24000549316406,147.97000122070312,6182800.0,145.67753316033307,146.837952832092,145.04277329371618,146.75860595703125,Yahoo Finance via yfinance
2026-04-14,XLV,Health Care,147.3800048828125,149.60000610351562,147.24000549316406,148.8300018310547,7722300.0,146.173446036524,148.37527272864207,146.03459278269088,147.611572265625,Yahoo Finance via yfinance
2026-04-15,XLV,Health Care,148.86000061035156,149.2100067138672,146.88999938964844,147.77000427246094,6669200.0,147.6413298330548,147.9884705448703,145.68745640295404,146.5602569580078,Yahoo Finance via yfinance
2026-04-16,XLV,Health Care,147.19000244140625,148.1999969482422,146.2899932861328,146.61000061035156,9072300.0,145.98499777592394,146.9867237314136,145.09235675172664,145.4097442626953,Yahoo Finance via yfinance
2026-04-17,XLV,Health Care,147.3699951171875,149.1199951171875,147.36000061035156,148.8000030517578,8338100.0,146.16351678100864,147.899190003793,146.15360409650003,147.58181762695312,Yahoo Finance via yfinance
2026-04-20,XLV,Health Care,148.4499969482422,148.74000549316406,147.14999389648438,147.4199981689453,6325700.0,147.2346860275236,147.52232036861258,145.94532566985973,146.21311950683594,Yahoo Finance via yfinance
2026-04-21,XLV,Health Care,148.2899932861328,148.55999755859375,145.8800048828125,145.9199981689453,8735300.0,147.07599563869908,147.34378948182288,144.6857369567655,144.72540283203125,Yahoo Finance via yfinance
2026-04-22,XLV,Health Care,146.50999450683594,147.5800018310547,146.00999450683594,146.3800048828125,8316900.0,145.3105660673448,146.3718135986262,144.81465940051135,145.181640625,Yahoo Finance via yfinance
2026-04-23,XLV,Health Care,146.1999969482422,146.77000427246094,145.16000366210938,146.24000549316406,7612000.0,145.00310463668742,145.5684454944347,143.9716254408024,145.04278564453125,Yahoo Finance via yfinance
2026-04-24,XLV,Health Care,145.24000549316406,145.52999877929688,143.67999267578125,144.17999267578125,7969700.0,144.05096859553817,144.3385877925479,142.5037271409375,142.9996337890625,Yahoo Finance via yfinance
2026-04-27,XLV,Health Care,143.67999267578125,145.2100067138672,143.4199981689453,143.4600067138672,6571900.0,142.50372271496474,144.02121093425635,142.24585671414187,142.28553771972656,Yahoo Finance via yfinance
2026-04-28,XLV,Health Care,144.57000732421875,144.86000061035156,143.27999877929688,143.83999633789062,8612400.0,143.38644912120438,143.67406830541262,142.10700155102103,142.66241455078125,Yahoo Finance via yfinance
2026-04-29,XLV,Health Care,142.25999450683594,143.25,141.97000122070312,142.83999633789062,11885500.0,141.09535498889784,142.07725560672915,140.80773579002783,141.6706085205078,Yahoo Finance via yfinance
2026-04-30,XLV,Health Care,143.67999267578125,146.2899932861328,143.66000366210938,145.99000549316406,12587800.0,142.50372886771527,145.09236220765004,142.48390349793635,144.79483032226562,Yahoo Finance via yfinance
2026-05-01,XLV,Health Care,146.2899932861328,146.61000061035156,145.14999389648438,145.16000366210938,8865800.0,145.0923573622276,145.40974487453175,143.96169083391578,143.97161865234375,Yahoo Finance via yfinance
2026-05-04,XLV,Health Care,144.55999755859375,145.2100067138672,144.32000732421875,144.72999572753906,10885900.0,143.37652905214046,144.0212167811745,143.13850354444665,143.54513549804688,Yahoo Finance via yfinance
2026-05-05,XLV,Health Care,145.27999877929688,145.66000366210938,144.4199981689453,145.3000030517578,7174900.0,144.0906331295883,144.46752702149954,143.23767309738426,144.1104736328125,Yahoo Finance via yfinance
2026-05-06,XLV,Health Care,145.36000061035156,146.14999389648438,144.89999389648438,145.39999389648438,10613500.0,144.16997463183034,144.9535004404631,143.71373387790743,144.2096405029297,Yahoo Finance via yfinance
2026-05-07,XLV,Health Care,145.17999267578125,145.83999633789062,144.27000427246094,144.72000122070312,7608000.0,143.99144291324524,144.6460433019323,143.08890434154938,143.53521728515625,Yahoo Finance via yfinance
2026-05-08,XLV,Health Care,144.58999633789062,145.07000732421875,143.17999267578125,143.49000549316406,10165400.0,143.4062778811935,143.8823591498487,142.0078175305242,142.31529235839844,Yahoo Finance via yfinance
2026-05-11,XLV,Health Care,143.75,145.02000427246094,142.6699981689453,143.0399932861328,9255700.0,142.57315157053847,143.83275860798406,141.50199146789208,141.86895751953125,Yahoo Finance via yfinance
2026-05-12,XLV,Health Care,143.80999755859375,146.63999938964844,143.19000244140625,145.85000610351562,11897200.0,142.63266774205752,145.43950118709512,142.01774834109256,144.65597534179688,Yahoo Finance via yfinance
2026-05-13,XLV,Health Care,145.32000732421875,146.97999572753906,145.1300048828125,146.7100067138672,15841800.0,144.1303066000614,145.77670506871348,143.9418596639589,145.50892639160156,Yahoo Finance via yfinance
2026-05-14,XLV,Health Care,146.85000610351562,147.39999389648438,145.94000244140625,146.6300048828125,7763800.0,145.64778081268292,146.19326598932975,144.745227129272,145.42958068847656,Yahoo Finance via yfinance
2026-05-15,XLV,Health Care,146.75999450683594,147.16000366210938,144.88999938964844,145.10000610351562,9039900.0,145.55850787679907,145.95524225917836,143.7038219325172,143.912109375,Yahoo Finance via yfinance
2026-05-18,XLV,Health Care,144.5,145.7899932861328,144.1199951171875,145.72000122070312,7949200.0,143.3170099789464,144.5964423710673,142.9401161133264,144.5270233154297,Yahoo Finance via yfinance
2026-05-19,XLV,Health Care,145.6199951171875,148.07000732421875,144.85000610351562,147.32000732421875,12388200.0,144.42785780403696,146.85781266271215,143.66417240707085,146.11395263671875,Yahoo Finance via yfinance
2026-05-20,XLV,Health Care,147.5399932861328,148.02000427246094,146.2899932861328,147.1300048828125,10527900.0,146.3321232721762,146.80820453840713,145.0923566840384,145.9254913330078,Yahoo Finance via yfinance
2026-05-21,XLV,Health Care,146.89999389648438,148.3000030517578,145.83999633789062,148.14999389648438,7157000.0,145.69736716872322,147.08591486382514,144.6460474960947,146.9371337890625,Yahoo Finance via yfinance
2026-05-22,XLV,Health Care,149.08999633789062,150.32000732421875,149.0,149.88999938964844,6915200.0,147.8694491230908,149.08939044330842,147.78018955347605,148.66290283203125,Yahoo Finance via yfinance
2026-05-26,XLV,Health Care,149.9499969482422,150.3000030517578,148.44000244140625,148.50999450683594,6590400.0,148.7223876364622,149.0695283130982,147.22475513932986,147.29417419433594,Yahoo Finance via yfinance
2026-05-27,XLV,Health Care,148.69000244140625,150.1999969482422,148.27999877929688,148.7899932861328,10062500.0,147.47271191237806,148.9703444447579,147.06606485506092,147.57188415527344,Yahoo Finance via yfinance
2026-05-28,XLV,Health Care,149.14999389648438,151.35000610351562,149.11000061035156,150.8800048828125,10397400.0,147.92894280018226,150.11094409586786,147.88927692838317,149.64479064941406,Yahoo Finance via yfinance
2026-05-29,XLV,Health Care,150.85000610351562,151.0399932861328,149.10000610351562,149.47000122070312,13195800.0,149.61504511265852,149.80347693067642,147.87937180570827,148.246337890625,Yahoo Finance via yfinance
2026-06-01,XLV,Health Care,148.52000427246094,148.8800048828125,147.25999450683594,147.83999633789062,12582900.0,147.30412540696935,147.6611788242082,146.05443087969786,146.6296844482422,Yahoo Finance via yfinance
2026-06-02,XLV,Health Care,146.75,147.27000427246094,145.30999755859375,146.39999389648438,12024300.0,145.54860250227475,146.0643496583354,144.12038892171907,145.2014617919922,Yahoo Finance via yfinance
2026-06-03,XLV,Health Care,146.16000366210938,148.0500030517578,146.07000732421875,147.5500030517578,9836000.0,144.96343638492496,146.83796292723562,144.87417681954588,146.34205627441406,Yahoo Finance via yfinance
2026-06-04,XLV,Health Care,150.3800048828125,152.5399932861328,150.2899932861328,152.0800018310547,14051800.0,149.1488814385871,151.2911865577191,149.05960674431014,150.8349609375,Yahoo Finance via yfinance
2026-06-05,XLV,Health Care,153.3800048828125,154.6999969482422,152.9199981689453,153.00999450683594,20723000.0,152.12432066996553,153.43350628641312,151.66807991743633,151.75733947753906,Yahoo Finance via yfinance
2026-06-08,XLV,Health Care,153.24000549316406,154.47000122070312,152.41000366210938,152.64999389648438,10639500.0,151.98548043987174,153.20540660071592,151.16227355826896,151.40029907226562,Yahoo Finance via yfinance
2026-06-09,XLV,Health Care,153.47999572753906,154.97999572753906,153.17999267578125,154.57000732421875,13125500.0,152.22349274866656,153.71121261756952,151.92594574811216,153.30458068847656,Yahoo Finance via yfinance
2026-06-10,XLV,Health Care,154.9600067138672,155.1300048828125,152.82000732421875,152.85000610351562,11712200.0,153.69138992073536,153.85999635941104,151.56891014289238,151.59866333007812,Yahoo Finance via yfinance
2026-06-11,XLV,Health Care,153.4600067138672,155.16000366210938,152.86000061035156,154.08999633789062,10548800.0,152.20367438705324,153.88975395599059,151.6085803585484,152.82850646972656,Yahoo Finance via yfinance
2026-06-12,XLV,Health Care,154.97000122070312,155.16000366210938,153.3699951171875,153.80999755859375,9111000.0,153.7013035331487,153.88975047570906,152.11439624893754,152.55079650878906,Yahoo Finance via yfinance
2026-06-15,XLV,Health Care,153.7100067138672,153.8800048828125,151.77000427246094,152.88999938964844,9525300.0,152.45163035913873,152.6202368055754,150.52751011858962,151.63833618164062,Yahoo Finance via yfinance
2026-06-16,XLV,Health Care,153.60000610351562,153.72000122070312,151.72000122070312,152.94000244140625,8630000.0,152.34254297534778,152.4615557394791,150.47792895664318,151.6879425048828,Yahoo Finance via yfinance
2026-06-17,XLV,Health Care,152.0500030517578,152.57000732421875,149.97000122070312,150.7100067138672,10991400.0,150.80522254283636,151.32096972111825,148.74224896357944,149.4761962890625,Yahoo Finance via yfinance
2026-06-18,XLV,Health Care,151.27000427246094,151.27000427246094,148.7899932861328,149.39999389648438,10879300.0,150.0315962307246,150.0315962307246,147.57188844702966,148.17689514160156,Yahoo Finance via yfinance
2026-06-22,XLV,Health Care,149.3300018310547,150.6199951171875,149.05999755859375,150.05999755859375,11706100.0,148.76067194788075,150.04574705469338,148.4916970834357,149.48788452148438,Yahoo Finance via yfinance
2026-06-23,XLV,Health Care,151.49000549316406,152.42999267578125,151.0,152.17999267578125,9479900.0,150.91243593734023,151.84883933251362,150.42429863511137,151.59979248046875,Yahoo Finance via yfinance
2026-06-24,XLV,Health Care,153.1300048828125,154.6699981689453,152.4600067138672,153.35000610351562,10070100.0,152.5461878884635,154.08030986118314,151.87874412626238,152.76535034179688,Yahoo Finance via yfinance
2026-06-25,XLV,Health Care,153.9499969482422,157.2100067138672,153.58999633789062,155.6300048828125,9419200.0,153.36304885681835,156.6106295445097,153.0044207808958,155.03665161132812,Yahoo Finance via yfinance
2026-06-26,XLV,Health Care,156.32000732421875,160.63999938964844,156.17999267578125,160.33999633789062,16563800.0,155.72403595929435,160.02755801802581,155.58455511790157,159.72869873046875,Yahoo Finance via yfinance
2026-06-29,XLV,Health Care,160.6999969482422,161.08999633789062,159.8800048828125,160.74000549316406,12935000.0,160.087325995043,160.47583850664324,159.27046016066421,160.12718200683594,Yahoo Finance via yfinance
2026-06-30,XLV,Health Care,161.00999450683594,161.25,157.9600067138672,158.66000366210938,11559400.0,160.39613080070694,160.63522125339804,157.3577713343894,158.0550994873047,Yahoo Finance via yfinance
2026-07-01,XLV,Health Care,159.61000061035156,159.9600067138672,158.5,159.5399932861328,10123700.0,159.00147259249835,159.35014426509113,157.89570396302923,158.93173217773438,Yahoo Finance via yfinance
2026-07-02,XLV,Health Care,160.6699981689453,163.85000610351562,160.3800048828125,163.74000549316406,14719400.0,160.05743515887224,163.225319142147,159.76854748774085,163.11573791503906,Yahoo Finance via yfinance
2026-07-06,XLV,Health Care,163.1999969482422,163.4499969482422,160.25,161.9600067138672,16123400.0,162.5777920310322,162.82683889848187,159.6390420352488,161.342529296875,Yahoo Finance via yfinance
2026-07-07,XLV,Health Care,164.75,165.61000061035156,163.8800048828125,164.44000244140625,12143500.0,164.12188024857238,164.97860205243168,163.25520204256395,163.8130645751953,Yahoo Finance via yfinance
2026-07-08,XLV,Health Care,163.4199981689453,163.99000549316406,162.25999450683594,162.3000030517578,9287900.0,162.79695373449243,163.36478788593593,161.64137262674433,161.6812286376953,Yahoo Finance via yfinance
2026-07-09,XLV,Health Care,161.8000030517578,163.4199981689453,161.36000061035156,162.1699981689453,9576400.0,161.1831275550232,162.7969463108153,160.74480265823675,161.5517120361328,Yahoo Finance via yfinance
2026-07-10,XLV,Health Care,162.47999572753906,162.66000366210938,160.24000549316406,160.83999633789062,9497100.0,161.8605382486259,162.03985990018128,159.62908801141893,160.22679138183594,Yahoo Finance via yfinance
2026-07-13,XLV,Health Care,160.97000122070312,162.24000549316406,160.32000732421875,161.41000366210938,6873000.0,160.35629179798931,161.62145409006268,159.70877604883646,160.79461669921875,Yahoo Finance via yfinance
2026-07-14,XLV,Health Care,159.77999877929688,160.0800018310547,157.77999877929688,158.2899932861328,11523000.0,159.17083298349772,159.46969226507676,157.1784580404567,157.68650817871094,Yahoo Finance via yfinance
2026-07-15,XLV,Health Care,157.3800048828125,159.35000610351562,157.25,158.2899932861328,10885300.0,156.7799891320943,158.74247966703885,156.6504798966,157.68650817871094,Yahoo Finance via yfinance
2026-07-16,XLV,Health Care,160.35000610351562,162.63999938964844,159.94000244140625,161.8000030517578,11819000.0,159.7386671922607,162.01992981453918,159.3302266806525,161.18313598632812,Yahoo Finance via yfinance
2026-07-17,XLV,Health Care,161.80999755859375,164.0,160.8800048828125,161.08999633789062,9166500.0,161.1930862465791,163.37473915890908,160.2666392293507,160.475830078125,Yahoo Finance via yfinance
2026-07-20,XLV,Health Care,161.0,161.49000549316406,159.17999267578125,159.25,6635300.0,160.3861808357658,160.8743181627045,158.57311236480575,158.64285278320312,Yahoo Finance via yfinance
2026-07-21,XLV,Health Care,157.52999877929688,160.3699951171875,157.22999572753906,160.25,6594900.0,156.92940701906934,159.75857571515948,156.63054774540032,159.6390380859375,Yahoo Finance via yfinance
2026-07-22,XLV,Health Care,160.97000122070312,160.97000122070312,158.9499969482422,159.42999267578125,5599500.0,160.35629600805757,160.35629600805757,158.3439930907695,158.82215881347656,Yahoo Finance via yfinance
2026-07-23,XLV,Health Care,159.89999389648438,161.61000061035156,159.32000732421875,161.44000244140625,6448200.0,159.29037144056392,160.9938587139537,158.71259608063153,160.8245086669922,Yahoo Finance via yfinance
2026-07-24,XLV,Health Care,162.47000122070312,163.25,161.5800018310547,162.57000732421875,7647900.0,161.85057049077938,162.6275954582367,160.96396429967479,161.9501953125,Yahoo Finance via yfinance
2026-07-27,XLV,Health Care,163.00999450683594,164.57000732421875,162.35000610351562,163.39999389648438,8056000.0,162.3885108177975,163.94257600894042,161.73103865299902,162.7770233154297,Yahoo Finance via yfinance
2026-07-28,XLV,Health Care,165.99000549316406,168.52999877929688,165.75,167.25999450683594,12774800.0,165.3571672826257,167.8874768242391,165.11807681230513,166.622314453125,Yahoo Finance via yfinance
2026-07-29,XLV,Health Care,167.14999389648438,168.16000366210938,165.77000427246094,166.24000549316406,11656900.0,166.51272016612836,167.51887918263856,165.1379918712564,165.606201171875,Yahoo Finance via yfinance
2026-07-30,XLV,Health Care,163.25,163.9499969482422,161.86000061035156,163.52000427246094,12475200.0,162.6276010603141,163.32492923453873,161.24290111413447,162.89657592773438,Yahoo Finance via yfinance
2026-07-31,XLV,Health Care,162.30999755859375,163.22999572753906,160.72999572753906,162.5500030517578,9604900.0,161.69117688218472,162.60766747982964,160.11719894255094,161.93026733398438,Yahoo Finance via yfinance
2026-08-03,XLV,Health Care,163.6300048828125,164.72999572753906,161.35000610351562,162.24000549316406,10986300.0,163.0061599306947,164.1019570229591,160.73485372419532,161.6214599609375,Yahoo Finance via yfinance
2026-08-04,XLV,Health Care,162.0,162.49000549316406,160.97000122070312,162.10000610351562,15129600.0,161.3823698018692,161.87050713336765,160.3562979259682,161.48199462890625,Yahoo Finance via yfinance
2026-08-05,XLV,Health Care,163.63999938964844,165.35000610351562,162.6199951171875,164.16000366210938,15216000.0,163.01611218580425,164.7195993976472,161.9999967401328,163.5341339111328,Yahoo Finance via yfinance
2026-08-06,XLV,Health Care,166.13999938964844,167.02000427246094,163.02999877929688,164.4499969482422,9435100.0,165.50658784308072,166.3832376924524,162.40844416244906,163.82302856445312,Yahoo Finance via yfinance
2026-08-07,XLV,Health Care,163.9199981689453,165.77000427246094,162.9199981689453,165.67999267578125,7971800.0,163.2950401965408,165.13799300530104,162.29885277572205,165.04832458496094,Yahoo Finance via yfinance
2026-08-10,XLV,Health Care,165.67999267578125,168.5,165.5500030517578,168.44000244140625,6995900.0,165.0483338802225,167.8575898614389,164.91883984464047,167.79782104492188,Yahoo Finance via yfinance
2026-08-11,XLV,Health Care,168.27999877929688,169.66000366210938,167.63999938964844,168.00999450683594,6680900.0,167.63842066491523,169.01316419202905,167.00086131332597,167.36944580078125,Yahoo Finance via yfinance
2026-08-12,XLV,Health Care,166.4199981689453,168.8800048828125,165.75999450683594,168.44000244140625,7138300.0,165.78551808536636,168.2361459668661,165.12803070245002,167.79782104492188,Yahoo Finance via yfinance
2026-08-13,XLV,Health Care,169.49000549316406,169.7100067138672,167.83999633789062,168.3800048828125,6730100.0,168.84382107649392,169.06298353764865,167.20010261783355,167.73805236816406,Yahoo Finance via yfinance
2026-08-14,XLV,Health Care,167.66000366210938,167.77000427246094,166.4499969482422,167.3699951171875,5023800.0,167.02079068879738,167.13037191577976,165.8153971919909,166.7318878173828,Yahoo Finance via yfinance
2026-08-17,XLV,Health Care,166.4499969482422,167.8699951171875,165.86000061035156,167.0500030517578,7225500.0,165.81539790521873,167.22998225923087,165.22765095824596,166.41311645507812,Yahoo Finance via yfinance
2026-08-18,XLV,Health Care,168.6699981689453,170.3000030517578,168.4499969482422,169.72999572753906,7529600.0,168.02692951407084,169.65071986520132,167.80776706665642,169.0828857421875,Yahoo Finance via yfinance
2026-08-19,XLV,Health Care,172.47000122070312,176.60000610351562,172.2899932861328,175.67999267578125,16538900.0,171.81245485079918,175.92671398247143,171.63313320116592,175.0102081298828,Yahoo Finance via yfinance
2026-08-20,XLV,Health Care,174.19000244140625,175.19000244140625,172.33999633789062,172.38999938964844,9673400.0,173.5258980568116,174.52208552810566,171.68294515467176,171.73275756835938,Yahoo Finance via yfinance
2026-08-21,XLV,Health Care,171.91000366210938,175.60000610351562,171.7899932861328,174.6199951171875,10166900.0,171.25459457242718,174.93052883228768,171.13504173754535,173.95425415039062,Yahoo Finance via yfinance
2026-08-24,XLV,Health Care,174.41000366210938,174.9199981689453,173.3300018310547,174.6999969482422,5930800.0,173.7450631229255,174.2531132686856,172.66917881371464,174.03395080566406,Yahoo Finance via yfinance
2026-08-25,XLV,Health Care,174.4499969482422,175.82000732421875,174.0399932861328,175.2899932861328,5434000.0,173.7848950452817,175.14968216803913,173.37645454866765,174.62168884277344,Yahoo Finance via yfinance
2026-08-26,XLV,Health Care,174.3300018310547,174.83999633789062,173.4499969482422,173.5399932861328,5617400.0,173.66535350207008,174.17340361039055,172.78870371458666,172.87835693359375,Yahoo Finance via yfinance
2026-08-27,XLV,Health Care,171.9499969482422,173.11000061035156,171.42999267578125,171.5800018310547,7110400.0,171.29442677269427,172.45000784790102,170.77640504921985,170.92584228515625,Yahoo Finance via yfinance
2026-08-28,XLV,Health Care,171.42999267578125,171.7100067138672,170.58999633789062,171.16000366210938,4911700.0,170.77640595406797,171.05535242250446,169.93961215060065,170.5074462890625,Yahoo Finance via yfinance
2026-08-31,XLV,Health Care,170.25,170.97999572753906,169.1999969482422,170.5399932861328,7312600.0,169.60091335317674,170.32812593546478,168.5549134906114,169.88980102539062,Yahoo Finance via yfinance
2026-09-01,XLV,Health Care,172.6199951171875,173.52999877929688,171.02999877929688,171.6699981689453,7821200.0,171.96187799590857,172.8684122511856,170.37794355028035,171.0155029296875,Yahoo Finance via yfinance
2026-09-02,XLV,Health Care,172.08999633789062,174.47999572753906,172.08999633789062,172.9499969482422,7805000.0,171.4338970692318,173.81478450068968,171.4338970692318,172.29061889648438,Yahoo Finance via yfinance
2026-09-03,XLV,Health Care,174.07000732421875,174.16000366210938,171.3800048828125,173.25999450683594,5933900.0,173.40635084521986,173.49600406453627,170.72660426337382,172.59942626953125,Yahoo Finance via yfinance
2026-09-04,XLV,Health Care,171.38999938964844,172.52999877929688,171.24000549316406,171.4499969482422,6083000.0,170.7365721254934,171.87222524823613,170.58715008326988,170.7963409423828,Yahoo Finance via yfinance
2026-09-08,XLV,Health Care,168.2899932861328,168.75,166.94000244140625,167.1300048828125,11066600.0,167.64837899799454,168.10663191251518,166.30353506306292,166.49281311035156,Yahoo Finance via yfinance
2026-09-09,XLV,Health Care,167.30999755859375,167.41000366210938,166.38999938964844,166.5800018310547,8018100.0,166.67211306552036,166.77173788672425,165.75562247277605,165.9449005126953,Yahoo Finance via yfinance
2026-09-10,XLV,Health Care,166.5,167.0800018310547,165.5800018310547,165.66000366210938,7932400.0,165.86520565100204,166.44299617944554,164.94871504745453,165.02841186523438,Yahoo Finance via yfinance
2026-09-11,XLV,Health Care,166.8300018310547,167.1300048828125,165.11000061035156,165.36000061035156,6501800.0,166.1939499536032,166.49280922125615,164.48050636638112,164.72955322265625,Yahoo Finance via yfinance
2026-09-14,XLV,Health Care,168.00999450683594,168.77000427246094,167.02999877929688,167.75,9414400.0,167.36944637749892,168.12655856054215,166.39318694214816,167.11044311523438,Yahoo Finance via yfinance
2026-09-15,XLV,Health Care,167.7899932861328,168.1999969482422,166.17999267578125,167.66000366210938,7428600.0,167.15029176639266,167.5587322842369,165.54642930419314,167.0207977294922,Yahoo Finance via yfinance
2026-09-16,XLV,Health Care,167.75,168.8000030517578,167.41000366210938,167.77000427246094,7160500.0,167.11044308877464,168.15644294107756,166.7717430072637,167.13037109375,Yahoo Finance via yfinance
2026-09-17,XLV,Health Care,168.44000244140625,169.10000610351562,167.75999450683594,168.80999755859375,5832200.0,167.79781261098788,168.45529996085727,167.1203972564096,168.16639709472656,Yahoo Finance via yfinance
2026-09-18,XLV,Health Care,168.27000427246094,169.05999755859375,167.77999877929688,168.38999938964844,11436300.0,167.62846347096632,168.41544485412717,167.1403261569717,167.7480010986328,Yahoo Finance via yfinance
2026-09-21,XLV,Health Care,167.32000732421875,169.52999877929688,166.85000610351562,169.00999450683594,7617100.0,167.32000732421875,169.52999877929688,166.85000610351562,169.00999450683594,Yahoo Finance via yfinance
2025-11-24,XLY,Consumer Discretionary,113.625,114.93499755859375,113.5,114.25499725341797,11181800.0,112.69963450121067,113.99896339934922,112.57565250505971,113.32450103759766,Yahoo Finance via yfinance
2025-11-25,XLY,Consumer Discretionary,114.30000305175781,116.88999938964844,114.08999633789062,116.69999694824219,10395400.0,113.36913227957241,115.93803542562894,113.16083588159921,115.74958038330078,Yahoo Finance via yfinance
2025-11-26,XLY,Consumer Discretionary,117.11000061035156,117.73999786376953,116.6500015258789,117.5,8122200.0,116.15625234163623,116.78111887362468,115.69999950708366,116.54307556152344,Yahoo Finance via yfinance
2025-11-28,XLY,Consumer Discretionary,117.7699966430664,118.4000015258789,117.7699966430664,118.2300033569336,4827200.0,116.81086761129257,117.43574167988676,116.81086761129257,117.26712799072266,Yahoo Finance via yfinance
2025-12-01,XLY,Consumer Discretionary,117.66000366210938,118.95999908447266,117.61499786376953,118.30000305175781,11579800.0,116.70177590124882,117.99118410906232,116.65713663192501,117.33656311035156,Yahoo Finance via yfinance
2025-12-02,XLY,Consumer Discretionary,118.58499908447266,118.66500091552734,117.48500061035156,118.22000122070312,11105800.0,117.61924272801215,117.69859302407113,116.52820264261375,117.25721740722656,Yahoo Finance via yfinance
2025-12-03,XLY,Consumer Discretionary,118.23500061035156,119.80999755859375,118.23500061035156,119.49500274658203,9369800.0,117.27209464954981,118.83426482110255,117.27209464954981,118.52183532714844,Yahoo Finance via yfinance
2025-12-04,XLY,Consumer Discretionary,119.66999816894531,119.79499816894531,118.3949966430664,119.06999969482422,11828800.0,118.69540811916548,118.81939012168836,117.43079017997988,118.10029602050781,Yahoo Finance via yfinance
2025-12-05,XLY,Consumer Discretionary,119.18000030517578,120.08999633789062,119.18000030517578,119.7300033569336,4556800.0,118.20939713831103,119.11198215383402,118.20939713831103,118.75492095947266,Yahoo Finance via yfinance
2025-12-08,XLY,Consumer Discretionary,119.25,119.36000061035156,117.75,117.98999786376953,6400100.0,118.27881617646347,118.38792093093785,116.79103232518719,117.0290756225586,Yahoo Finance via yfinance
2025-12-09,XLY,Consumer Discretionary,117.51000213623047,118.48999786376953,117.33000183105469,117.9800033569336,5153900.0,116.5529991438348,117.52501377336739,116.37446476349565,117.01917266845703,Yahoo Finance via yfinance
2025-12-10,XLY,Consumer Discretionary,118.12000274658203,120.27999877929688,118.11000061035156,119.70999908447266,9440800.0,117.15802954901476,119.30043450280978,117.14810887051158,118.73507690429688,Yahoo Finance via yfinance
2025-12-11,XLY,Consumer Discretionary,119.72000122070312,120.36000061035156,119.51000213623047,120.18000030517578,5863400.0,118.74500294099262,119.37979018315058,118.53671408659024,119.20125579833984,Yahoo Finance via yfinance
2025-12-12,XLY,Consumer Discretionary,120.51000213623047,121.36000061035156,119.66000366210938,120.69999694824219,7865600.0,119.52856301271731,120.37163905930011,118.68548696613453,119.71701049804688,Yahoo Finance via yfinance
2025-12-15,XLY,Consumer Discretionary,121.72000122070312,122.4000015258789,121.22000122070312,121.7300033569336,12137500.0,120.72871152348037,121.40317389495694,120.23278353172586,120.73863220214844,Yahoo Finance via yfinance
2025-12-16,XLY,Consumer Discretionary,121.66000366210938,122.22000122070312,121.05999755859375,121.93000030517578,12052000.0,120.66920629517102,121.22464324148592,120.0740866329641,120.93700408935547,Yahoo Finance via yfinance
2025-12-17,XLY,Consumer Discretionary,122.02999877929688,122.6500015258789,120.5199966430664,120.5199966430664,10597600.0,121.03618735581921,121.65114080453756,119.53848266601562,119.53848266601562,Yahoo Finance via yfinance
2025-12-18,XLY,Consumer Discretionary,122.22000122070312,123.62999725341797,122.08000183105469,122.33999633789062,11598200.0,121.22463294934317,122.6231458753677,121.08577372455379,121.3436508178711,Yahoo Finance via yfinance
2025-12-19,XLY,Consumer Discretionary,122.37000274658203,122.41999816894531,121.73999786376953,121.8499984741211,9728700.0,121.3734201088273,121.42300836792528,120.74854599265548,120.85765075683594,Yahoo Finance via yfinance
2025-12-22,XLY,Consumer Discretionary,122.36000061035156,122.81999969482422,122.08999633789062,122.33999633789062,8073400.0,121.60401001130317,122.06116703152529,121.33567393670646,121.5841293334961,Yahoo Finance via yfinance
2025-12-23,XLY,Consumer Discretionary,122.2699966430664,122.6500015258789,121.88999938964844,122.16999816894531,9766400.0,121.51456466533762,121.89222172899537,121.13691518393699,121.4151840209961,Yahoo Finance via yfinance
2025-12-24,XLY,Consumer Discretionary,122.27999877929688,122.62999725341797,121.93000030517578,122.58999633789062,2250000.0,121.52450592134049,121.87234197028874,121.17666987239222,121.83258819580078,Yahoo Finance via yfinance
2025-12-26,XLY,Consumer Discretionary,122.43000030517578,122.77999877929688,121.87999725341797,122.05000305175781,4197000.0,121.6735860854998,122.02142214990081,121.12698113982856,121.29593658447266,Yahoo Finance via yfinance
2025-12-29,XLY,Consumer Discretionary,121.55999755859375,121.55999755859375,120.70999908447266,120.8499984741211,6535400.0,120.80895258272407,120.80895258272407,119.96420572999412,120.10334014892578,Yahoo Finance via yfinance
2025-12-30,XLY,Consumer Discretionary,120.61000061035156,120.77999877929688,120.2699966430664,120.36000061035156,4180500.0,119.8648265605433,120.03377441671711,119.52692326593845,119.61637115478516,Yahoo Finance via yfinance
2025-12-31,XLY,Consumer Discretionary,120.44000244140625,120.45999908447266,119.36000061035156,119.41000366210938,4356100.0,119.69587624849738,119.71574934435709,118.62254709790257,118.6722412109375,Yahoo Finance via yfinance
2026-01-02,XLY,Consumer Discretionary,120.08000183105469,120.12000274658203,117.70999908447266,118.3499984741211,16200700.0,119.33810444763792,119.37785822314102,116.98274442931678,117.61878967285156,Yahoo Finance via yfinance
2026-01-05,XLY,Consumer Discretionary,118.94999694824219,121.1500015258789,118.58999633789062,120.30000305175781,17653800.0,118.21507460046543,120.40148663862507,117.85729822298943,119.5567398071289,Yahoo Finance via yfinance
2026-01-06,XLY,Consumer Discretionary,119.52999877929688,121.26000213623047,119.44000244140625,121.06999969482422,17759400.0,118.79149713136673,120.51081187169304,118.70205682497044,120.32198333740234,Yahoo Finance via yfinance
2026-01-07,XLY,Consumer Discretionary,121.26000213623047,122.12999725341797,120.9000015258789,120.9000015258789,11327700.0,120.5108144225751,121.37543439840309,120.15303802490234,120.15303802490234,Yahoo Finance via yfinance
2026-01-08,XLY,Consumer Discretionary,120.58000183105469,123.13999938964844,120.4000015258789,122.91999816894531,12565400.0,119.83501400306322,122.37919495034599,119.65612580631633,122.16055297851562,Yahoo Finance via yfinance
2026-01-09,XLY,Consumer Discretionary,122.91999816894531,124.55999755859375,122.18000030517578,124.41000366210938,13817800.0,122.16055013851242,123.79041696775626,121.425124272209,123.64134979248047,Yahoo Finance via yfinance
2026-01-12,XLY,Consumer Discretionary,123.87000274658203,125.01000213623047,123.33999633789062,124.5199966430664,8773100.0,123.10467818593165,124.23763414688322,122.57794639508862,123.75065612792969,Yahoo Finance via yfinance
2026-01-13,XLY,Consumer Discretionary,124.52999877929688,124.69999694824219,123.41999816894531,124.20999908447266,9033300.0,123.76060378843188,123.92955164226497,122.65746119556874,123.44258117675781,Yahoo Finance via yfinance
2026-01-14,XLY,Consumer Discretionary,123.38999938964844,123.41000366210938,121.63999938964844,122.25,10758100.0,122.62765365322397,122.64753433242859,120.88846575343746,121.49469757080078,Yahoo Finance via yfinance
2026-01-15,XLY,Consumer Discretionary,122.87000274658203,123.25,122.4000015258789,122.69999694824219,7447900.0,122.11087286798774,122.48852237775466,121.64377546401478,121.9419174194336,Yahoo Finance via yfinance
2026-01-16,XLY,Consumer Discretionary,122.76000213623047,123.04000091552734,121.87999725341797,122.30000305175781,7058700.0,122.00154485518864,122.27981369713503,121.12697697220594,121.54438781738281,Yahoo Finance via yfinance
2026-01-20,XLY,Consumer Discretionary,120.27999877929688,120.56999969482422,118.9000015258789,119.12000274658203,9720000.0,119.53686233077835,119.82507150825599,118.16539123522767,118.384033203125,Yahoo Finance via yfinance
2026-01-21,XLY,Consumer Discretionary,119.41000366210938,121.9000015258789,119.41000366210938,121.4000015258789,11017600.0,118.67223768328671,121.14685127727238,118.67223768328671,120.64994049072266,Yahoo Finance via yfinance
2026-01-22,XLY,Consumer Discretionary,122.12999725341797,123.08000183105469,121.72000122070312,122.62000274658203,6594200.0,121.37544103801133,122.3195761988394,120.96797808530742,121.86241912841797,Yahoo Finance via yfinance
2026-01-23,XLY,Consumer Discretionary,122.4800033569336,123.38999938964844,122.2300033569336,123.12999725341797,6470900.0,121.72327706961798,122.62765081379237,121.47482166111571,122.36925506591797,Yahoo Finance via yfinance
2026-01-26,XLY,Consumer Discretionary,123.05999755859375,123.4000015258789,122.30000305175781,122.31999969482422,4812700.0,122.29968827882094,122.63759157832928,121.54438929358088,121.56426239013672,Yahoo Finance via yfinance
2026-01-27,XLY,Consumer Discretionary,122.73999786376953,122.91999816894531,121.81999969482422,122.69000244140625,4269700.0,121.98165521723027,122.16054339995061,121.06734120877374,121.93196868896484,Yahoo Finance via yfinance
2026-01-28,XLY,Consumer Discretionary,123.08999633789062,123.69000244140625,121.58999633789062,121.7699966430664,8732200.0,122.32949864416601,122.92579767747674,120.83876622540352,121.01765441894531,Yahoo Finance via yfinance
2026-01-29,XLY,Consumer Discretionary,122.47000122070312,122.5999984741211,120.41000366210938,121.19000244140625,12410400.0,121.71333650877045,121.8425305913439,119.66606637275953,120.44124603271484,Yahoo Finance via yfinance
2026-01-30,XLY,Consumer Discretionary,121.26000213623047,122.0,120.54000091552734,121.16999816894531,11706400.0,120.51081171910667,121.24623759459926,119.79525893981345,120.4213638305664,Yahoo Finance via yfinance
2026-02-02,XLY,Consumer Discretionary,120.73999786376953,122.41000366210938,120.12000274658203,121.97000122070312,8483000.0,119.99401911767254,121.65370696956994,119.37785457186395,121.21642303466797,Yahoo Finance via yfinance
2026-02-03,XLY,Consumer Discretionary,122.08000183105469,122.76000213623047,119.81999969482422,120.98999786376953,12467800.0,121.32574694120767,122.00154595585606,119.07970792454428,120.24247741699219,Yahoo Finance via yfinance
2026-02-04,XLY,Consumer Discretionary,121.0999984741211,121.54000091552734,119.3499984741211,120.0999984741211,13915400.0,120.35180047223501,120.78908442518848,118.6126125822251,119.35797882080078,Yahoo Finance via yfinance
2026-02-05,XLY,Consumer Discretionary,118.55000305175781,118.83000183105469,117.06999969482422,117.51000213623047,13290000.0,117.81754902660714,118.09581785037763,116.34668978091874,116.78397369384766,Yahoo Finance via yfinance
2026-02-06,XLY,Consumer Discretionary,115.69000244140625,118.16000366210938,115.4000015258789,117.98999786376953,20971100.0,114.9752165902652,117.42995701152498,114.68700743328971,117.26100158691406,Yahoo Finance via yfinance
2026-02-09,XLY,Consumer Discretionary,117.43000030517578,118.20999908447266,116.4000015258789,117.55000305175781,10975700.0,116.70447677042185,117.47965644497557,115.680841683139,116.82373809814453,Yahoo Finance via yfinance
2026-02-10,XLY,Consumer Discretionary,117.76000213623047,119.22000122070312,117.69999694824219,118.33000183105469,9920700.0,117.03243707523953,118.48341574273128,116.97280262160474,117.59891510009766,Yahoo Finance via yfinance
2026-02-11,XLY,Consumer Discretionary,118.44999694824219,118.87999725341797,117.29000091552734,117.76000213623047,10214100.0,117.71817197138432,118.14551558621403,116.56534279465654,117.03244018554688,Yahoo Finance via yfinance
2026-02-12,XLY,Consumer Discretionary,118.41000366210938,119.19999694824219,115.83000183105469,116.12999725341797,16374300.0,117.6784180675734,118.46353045099497,115.1143565465863,115.4124984741211,Yahoo Finance via yfinance
2026-02-13,XLY,Consumer Discretionary,116.0,117.1500015258789,115.52999877929688,116.18000030517578,10836200.0,115.28330815484296,116.42620453662258,114.81621077933028,115.46219635009766,Yahoo Finance via yfinance
2026-02-17,XLY,Consumer Discretionary,115.9800033569336,116.31999969482422,114.43000030517578,116.04000091552734,9623000.0,115.26343983795422,115.60133556396981,113.72301322704008,115.32306671142578,Yahoo Finance via yfinance
2026-02-18,XLY,Consumer Discretionary,116.11000061035156,117.76000213623047,115.94000244140625,117.0199966430664,9719500.0,115.39262338216896,117.03243049314038,115.22367553459644,116.2969970703125,Yahoo Finance via yfinance
2026-02-19,XLY,Consumer Discretionary,116.33000183105469,116.55000305175781,115.58000183105469,116.23999786376953,9482400.0,115.61127558997613,115.82991756845541,114.86590934457361,115.5218276977539,Yahoo Finance via yfinance
2026-02-20,XLY,Consumer Discretionary,115.93000030517578,117.6500015258789,115.61000061035156,117.44999694824219,16652900.0,115.21374440098397,116.92311885530822,114.89572177568579,116.72434997558594,Yahoo Finance via yfinance
2026-02-23,XLY,Consumer Discretionary,116.63999938964844,116.7699966430664,113.86000061035156,114.98999786376953,14604800.0,115.91935587298754,116.04854995700951,113.15653291765422,114.27954864501953,Yahoo Finance via yfinance
2026-02-24,XLY,Consumer Discretionary,115.4000015258789,117.05999755859375,115.31999969482422,116.73999786376953,11320500.0,114.68702041577049,116.33676041903531,114.60751286368946,116.01873779296875,Yahoo Finance via yfinance
2026-02-25,XLY,Consumer Discretionary,116.9800033569336,117.58999633789062,116.51000213623047,117.08999633789062,8776100.0,116.25725611682705,116.86348032764543,115.79015874357958,116.36656951904297,Yahoo Finance via yfinance
2026-02-26,XLY,Consumer Discretionary,117.2300033569336,117.66000366210938,116.13999938964844,117.05000305175781,9560900.0,116.50570856338086,116.93305215122025,115.42243908535485,116.32682037353516,Yahoo Finance via yfinance
2026-02-27,XLY,Consumer Discretionary,116.01000213623047,116.94000244140625,115.6500015258789,116.86000061035156,9636200.0,115.29324601478311,116.21750040668066,114.93546963196748,116.13799285888672,Yahoo Finance via yfinance
2026-03-02,XLY,Consumer Discretionary,114.02999877929688,115.7300033569336,113.72000122070312,115.41999816894531,18205600.0,113.32547488565481,115.01497614085824,113.0173926185575,114.7068862915039,Yahoo Finance via yfinance
2026-03-03,XLY,Consumer Discretionary,113.0999984741211,114.7699966430664,111.80999755859375,114.36000061035156,20773100.0,112.40122500411367,114.06090530894613,111.11919418963157,113.6534423828125,Yahoo Finance via yfinance
2026-03-04,XLY,Consumer Discretionary,115.08999633789062,116.62999725341797,114.87999725341797,116.38999938964844,11496700.0,114.37892729086477,115.90941350469546,114.17022565928657,115.6708984375,Yahoo Finance via yfinance
2026-03-05,XLY,Consumer Discretionary,115.91999816894531,117.08000183105469,115.5199966430664,116.55000305175781,14880400.0,115.2037978189438,116.35663451209244,114.80626766329748,115.82991027832031,Yahoo Finance via yfinance
2026-03-06,XLY,Consumer Discretionary,114.77999877929688,114.98999786376953,113.63999938964844,114.44000244140625,16348500.0,114.07084401360066,114.27954564335012,112.93788797652809,113.73294830322266,Yahoo Finance via yfinance
2026-03-09,XLY,Consumer Discretionary,112.94000244140625,114.93000030517578,110.98999786376953,114.58999633789062,16278500.0,112.24221938902564,114.21992234617576,110.30426262542227,113.88201904296875,Yahoo Finance via yfinance
2026-03-10,XLY,Consumer Discretionary,114.61000061035156,115.7300033569336,113.94999694824219,114.44000244140625,11784400.0,113.90189615841166,115.01497909933262,113.24597025155006,113.73294830322266,Yahoo Finance via yfinance
2026-03-11,XLY,Consumer Discretionary,114.83000183105469,115.69999694824219,113.56999969482422,114.13999938964844,10959300.0,114.12053853902721,114.98515849649995,112.86832117375621,113.43479919433594,Yahoo Finance via yfinance
2026-03-12,XLY,Consumer Discretionary,113.12000274658203,113.43000030517578,111.47000122070312,111.5199966430664,12088200.0,112.42110671370695,112.72918899596901,110.78129949027391,110.83098602294922,Yahoo Finance via yfinance
2026-03-13,XLY,Consumer Discretionary,112.16999816894531,112.48999786376953,110.72000122070312,110.86000061035156,11708600.0,111.47696796727803,111.79499057859812,110.0359296683526,110.17506408691406,Yahoo Finance via yfinance
2026-03-16,XLY,Consumer Discretionary,111.79000091552734,112.87000274658203,111.62000274658203,112.19999694824219,9307600.0,111.09931961104054,112.17264877846331,110.93037175568433,111.50678253173828,Yahoo Finance via yfinance
2026-03-17,XLY,Consumer Discretionary,112.77999877929688,113.6500015258789,112.72000122070312,113.18000030517578,6767000.0,112.08319799593801,112.94782551107915,112.02357112670656,112.48072814941406,Yahoo Finance via yfinance
2026-03-18,XLY,Consumer Discretionary,112.5,112.98999786376953,110.44000244140625,110.56999969482422,10979200.0,111.80493210653056,112.29190257667365,109.75766199827996,109.88685607910156,Yahoo Finance via yfinance
2026-03-19,XLY,Consumer Discretionary,109.62999725341797,110.33999633789062,108.87000274658203,109.69999694824219,12496400.0,108.95266484340102,109.65827730557099,108.19736584804745,109.02223205566406,Yahoo Finance via yfinance
2026-03-20,XLY,Consumer Discretionary,109.43000030517578,109.43000030517578,107.1500015258789,107.73999786376953,12297000.0,108.7539018096036,108.7539018096036,106.48798969520931,107.0743408203125,Yahoo Finance via yfinance
2026-03-23,XLY,Consumer Discretionary,109.77999877929688,111.43000030517578,109.58999633789062,110.12000274658203,14779100.0,109.3209027803352,110.96400405929086,109.13169492229216,109.65948486328125,Yahoo Finance via yfinance
2026-03-24,XLY,Consumer Discretionary,109.04000091552734,110.31999969482422,108.94999694824219,109.68000030517578,9032200.0,108.58399817880611,109.85864403310795,108.49437060600971,109.22132110595703,Yahoo Finance via yfinance
2026-03-25,XLY,Consumer Discretionary,111.16000366210938,111.91000366210938,110.0999984741211,110.7300033569336,9412900.0,110.69513932606053,111.44200287193539,109.63956701493163,110.26693725585938,Yahoo Finance via yfinance
2026-03-26,XLY,Consumer Discretionary,110.05000305175781,110.9000015258789,108.73999786376953,108.83000183105469,7981000.0,109.58977714078026,110.43622094601236,108.28525035637496,108.3748779296875,Yahoo Finance via yfinance
2026-03-27,XLY,Consumer Discretionary,108.30999755859375,108.30999755859375,105.44999694824219,105.68000030517578,10454700.0,107.85705111801336,107.85705111801336,105.00901087259317,105.23805236816406,Yahoo Finance via yfinance
2026-03-30,XLY,Consumer Discretionary,106.61000061035156,107.16999816894531,105.19000244140625,105.66000366210938,10192000.0,106.16416376448228,106.72181944573067,104.75010394560881,105.2181396484375,Yahoo Finance via yfinance
2026-03-31,XLY,Consumer Discretionary,107.2300033569336,109.41000366210938,106.70999908447266,108.9800033569336,19487500.0,106.78157226713574,108.95245590829954,106.26374262934141,108.52425384521484,Yahoo Finance via yfinance
2026-04-01,XLY,Consumer Discretionary,109.69000244140625,110.5,108.73999786376953,109.80000305175781,14467600.0,109.23127972382582,110.0378898790734,108.2852480577751,109.3408203125,Yahoo Finance via yfinance
2026-04-02,XLY,Consumer Discretionary,107.45999908447266,109.52999877929688,107.0999984741211,108.1500015258789,9684700.0,107.010606504496,109.07194955953487,106.65211139949021,107.69772338867188,Yahoo Finance via yfinance
2026-04-06,XLY,Consumer Discretionary,107.93000030517578,109.2300033569336,107.93000030517578,109.04000091552734,6908800.0,107.47864100524968,108.773207491959,107.47864100524968,108.58399963378906,Yahoo Finance via yfinance
2026-04-07,XLY,Consumer Discretionary,108.11000061035156,108.18000030517578,106.44999694824219,107.7699966430664,8956400.0,107.65788749977395,107.72759445775988,106.00482592826683,107.31930541992188,Yahoo Finance via yfinance
2026-04-08,XLY,Consumer Discretionary,112.25,112.61000061035156,110.27999877929688,110.81999969482422,14442400.0,111.78057991728834,112.13907503528989,109.81881707641563,110.35655975341797,Yahoo Finance via yfinance
2026-04-09,XLY,Consumer Discretionary,110.81999969482422,112.88999938964844,110.4000015258789,112.73999786376953,6660500.0,110.35655534855547,112.41789839604179,109.93831359341071,112.26852416992188,Yahoo Finance via yfinance
2026-04-10,XLY,Consumer Discretionary,113.0,113.45999908447266,112.23999786376953,112.88999938964844,5607400.0,112.52743304292208,112.98550840732742,111.77060924206233,112.41789245605469,Yahoo Finance via yfinance
2026-04-13,XLY,Consumer Discretionary,112.33999633789062,113.94999694824219,112.0,113.91999816894531,5992600.0,111.87019394461521,113.47346158216479,111.53161946090344,113.44358825683594,Yahoo Finance via yfinance
2026-04-14,XLY,Consumer Discretionary,114.6500015258789,116.83000183105469,114.58000183105469,116.44000244140625,8128600.0,114.1705411117563,116.34142476769355,114.10083415205831,115.95305633544922,Yahoo Finance via yfinance
2026-04-15,XLY,Consumer Discretionary,116.52999877929688,118.44000244140625,116.1500015258789,118.18000030517578,8034700.0,116.04267447851822,117.94469057340136,115.66426636006773,117.68577575683594,Yahoo Finance via yfinance
2026-04-16,XLY,Consumer Discretionary,118.4000015258789,118.55000305175781,117.0999984741211,117.62999725341797,5671900.0,117.90485327101227,118.05422749120866,116.61028682596141,117.13806915283203,Yahoo Finance via yfinance
2026-04-17,XLY,Consumer Discretionary,119.69000244140625,121.8499984741211,119.45999908447266,120.41000366210938,9839500.0,119.18945819262136,121.34042111004236,118.960416710992,119.90644836425781,Yahoo Finance via yfinance
2026-04-20,XLY,Consumer Discretionary,120.13999938964844,120.4000015258789,118.8499984741211,119.87000274658203,5450100.0,119.63758091174178,119.89649573418666,118.35297470488574,119.36871337890625,Yahoo Finance via yfinance
2026-04-21,XLY,Consumer Discretionary,120.83999633789062,120.91000366210938,118.68000030517578,118.97000122070312,7208300.0,120.33464801238229,120.40436256860089,118.18368500193918,118.47247314453125,Yahoo Finance via yfinance
2026-04-22,XLY,Consumer Discretionary,119.52999877929688,119.76000213623047,118.66000366210938,118.93000030517578,5289900.0,119.03012938157111,119.25917087419718,118.16377254715526,118.4326400756836,Yahoo Finance via yfinance
2026-04-23,XLY,Consumer Discretionary,118.22000122070312,118.8499984741211,116.66999816894531,117.73999786376953,7530900.0,117.72560799384944,118.35297061377214,116.18208701790348,117.24761199951172,Yahoo Finance via yfinance
2026-04-24,XLY,Consumer Discretionary,118.13999938964844,118.9000015258789,117.66999816894531,118.69000244140625,5546000.0,117.64594631388263,118.40277017522794,117.17791060485973,118.19364929199219,Yahoo Finance via yfinance
2026-04-27,XLY,Consumer Discretionary,118.08999633789062,118.44999694824219,117.27999877929688,117.83999633789062,6915900.0,117.59615300544965,117.95464812078376,116.78954279469238,117.34719848632812,Yahoo Finance via yfinance
2026-04-28,XLY,Consumer Discretionary,117.44999694824219,117.79000091552734,116.87000274658203,117.01000213623047,6740900.0,116.95883044805362,117.297412545922,116.38126173578948,116.52067565917969,Yahoo Finance via yfinance
2026-04-29,XLY,Consumer Discretionary,116.20999908447266,117.12999725341797,116.12999725341797,116.83999633789062,8155400.0,115.72401674691555,116.64016754589086,115.64434947809451,116.35137939453125,Yahoo Finance via yfinance
2026-04-30,XLY,Consumer Discretionary,118.5,118.66999816894531,116.43000030517578,118.3499984741211,10280700.0,118.00443861869988,118.17372586336316,115.94309556444999,117.85506439208984,Yahoo Finance via yfinance
2026-05-01,XLY,Consumer Discretionary,118.61000061035156,119.7699966430664,117.81999969482422,118.62999725341797,13071300.0,118.11397522724741,119.26912017258711,117.32727808462927,118.1338882446289,Yahoo Finance via yfinance
2026-05-04,XLY,Consumer Discretionary,118.3499984741211,119.30000305175781,117.19000244140625,117.72000122070312,10737700.0,117.85506190130188,118.80109358484583,116.69991694140764,117.22769927978516,Yahoo Finance via yfinance
2026-05-05,XLY,Consumer Discretionary,118.58999633789062,119.29000091552734,118.05000305175781,118.06999969482422,6216900.0,118.09405493586728,118.79113210594538,117.5563198927202,117.57623291015625,Yahoo Finance via yfinance
2026-05-06,XLY,Consumer Discretionary,118.97000122070312,120.54000091552734,118.7699966430664,119.87000274658203,10430700.0,118.4724756069731,120.03590965454416,118.2733074368275,119.36871337890625,Yahoo Finance via yfinance
2026-05-07,XLY,Consumer Discretionary,120.58999633789062,121.0999984741211,119.31999969482422,119.87999725341797,7928000.0,120.08569199547061,120.59356131554921,118.82100644653644,119.378662109375,Yahoo Finance via yfinance
2026-05-08,XLY,Consumer Discretionary,120.25,121.12999725341797,119.94000244140625,120.19999694824219,6054100.0,119.74712060168886,120.62343775124559,119.43841943715535,119.69732666015625,Yahoo Finance via yfinance
2026-05-11,XLY,Consumer Discretionary,119.37999725341797,119.86000061035156,118.51000213623047,119.37000274658203,5829100.0,118.88075654335519,119.35875255213783,118.01439969882684,118.87080383300781,Yahoo Finance via yfinance
2026-05-12,XLY,Consumer Discretionary,119.02999877929688,119.3499984741211,117.44999694824219,118.29000091552734,6622100.0,118.53222183670522,118.85088331031334,116.95882748686383,117.79531860351562,Yahoo Finance via yfinance
2026-05-13,XLY,Consumer Discretionary,118.05999755859375,119.2300033569336,117.44999694824219,118.72000122070312,4611800.0,117.56627482146074,118.73138769690405,116.95882521210208,118.22351837158203,Yahoo Finance via yfinance
2026-05-14,XLY,Consumer Discretionary,119.01000213623047,119.68000030517578,118.55999755859375,118.66999816894531,5966700.0,118.5123033872559,119.1794996299386,118.06418072467928,118.17372131347656,Yahoo Finance via yfinance
2026-05-15,XLY,Consumer Discretionary,117.30999755859375,117.37000274658203,116.30999755859375,116.52999877929688,10453900.0,116.8194157143624,116.87916996503589,115.82359764134597,116.04267883300781,Yahoo Finance via yfinance
2026-05-18,XLY,Consumer Discretionary,116.5,117.77999877929688,115.54000091552734,116.31999969482422,9985100.0,116.01279704347843,117.287442868358,115.05681267481877,115.83354949951172,Yahoo Finance via yfinance
2026-05-19,XLY,Consumer Discretionary,115.12999725341797,115.31999969482422,114.19999694824219,115.02999877929688,8578200.0,114.64853048178789,114.83773834433329,113.72241938233806,114.5489501953125,Yahoo Finance via yfinance
2026-05-20,XLY,Consumer Discretionary,115.2699966430664,117.94999694824219,114.77999877929688,117.94000244140625,12155100.0,114.78794496650251,117.45673768359877,114.29999624213283,117.44678497314453,Yahoo Finance via yfinance
2026-05-21,XLY,Consumer Discretionary,117.58999633789062,119.22000122070312,116.80999755859375,118.69999694824219,7082300.0,117.09823939294141,118.72142765659932,116.32150253922252,118.20359802246094,Yahoo Finance via yfinance
2026-05-22,XLY,Consumer Discretionary,119.16000366210938,119.87000274658203,118.9800033569336,119.18000030517578,5289800.0,118.66168183063766,119.36871173054129,118.48243427872626,118.68159484863281,Yahoo Finance via yfinance
2026-05-26,XLY,Consumer Discretionary,119.7300033569336,120.23999786376953,118.69999694824219,119.44999694824219,5007100.0,119.22929777557657,119.7371595079293,118.20359880815474,118.9504623413086,Yahoo Finance via yfinance
2026-05-27,XLY,Consumer Discretionary,120.69000244140625,121.94999694824219,120.55000305175781,121.55000305175781,13116100.0,120.18528288095344,121.440008153712,120.04586896175805,121.04168701171875,Yahoo Finance via yfinance
2026-05-28,XLY,Consumer Discretionary,121.0999984741211,122.19000244140625,120.56999969482422,122.05999755859375,7591900.0,120.59356089902666,121.67900649328959,120.06577856316473,121.54954528808594,Yahoo Finance via yfinance
2026-05-29,XLY,Consumer Discretionary,121.5999984741211,122.18000030517578,120.83000183105469,120.87000274658203,7258000.0,121.09147540488235,121.66905170703083,120.32469883633196,120.36453247070312,Yahoo Finance via yfinance
2026-06-01,XLY,Consumer Discretionary,119.69000244140625,119.83000183105469,117.97000122070312,118.19000244140625,11012100.0,119.18946684629128,119.32888076784393,117.47665855579989,117.69573974609375,Yahoo Finance via yfinance
2026-06-02,XLY,Consumer Discretionary,117.5199966430664,118.2699966430664,116.55999755859375,117.58999633789062,8219300.0,117.02853675207554,117.77540030782119,116.07255231241979,117.0982437133789,Yahoo Finance via yfinance
2026-06-03,XLY,Consumer Discretionary,116.62999725341797,117.62000274658203,116.12999725341797,116.7300033569336,6086400.0,116.14225629437685,117.12812163286318,115.64434726998573,116.2418441772461,Yahoo Finance via yfinance
2026-06-04,XLY,Consumer Discretionary,117.95999908447266,118.19000244140625,117.04000091552734,117.26000213623047,4969900.0,117.46670005059008,117.6957415523639,116.55054923847281,116.7696304321289,Yahoo Finance via yfinance
2026-06-05,XLY,Consumer Discretionary,117.4000015258789,118.0999984741211,114.56999969482422,114.86000061035156,7699300.0,116.90904031277013,117.60610990712462,114.09087341454351,114.3796615600586,Yahoo Finance via yfinance
2026-06-08,XLY,Consumer Discretionary,114.7699966430664,116.0199966430664,114.7699966430664,115.38999938964844,6307400.0,114.29003028092266,115.53480280013302,114.29003028092266,114.90744018554688,Yahoo Finance via yfinance
2026-06-09,XLY,Consumer Discretionary,116.16000366210938,117.58999633789062,114.25,115.87000274658203,8203500.0,115.67422514996628,117.09823762867008,113.77220908003937,115.38543701171875,Yahoo Finance via yfinance
2026-06-10,XLY,Consumer Discretionary,115.45999908447266,115.68000030517578,113.37999725341797,113.48999786376953,7515100.0,114.97715126497793,115.1962324518118,112.90584789535261,113.01538848876953,Yahoo Finance via yfinance
2026-06-11,XLY,Consumer Discretionary,114.12000274658203,116.45999908447266,113.44000244140625,116.30000305175781,8680300.0,113.64275322949764,115.97296370956002,112.96559668360553,115.81363677978516,Yahoo Finance via yfinance
2026-06-12,XLY,Consumer Discretionary,117.0199966430664,117.0199966430664,114.81999969482422,116.5999984741211,7655200.0,116.53062273137904,116.53062273137904,114.3398261005454,116.11238098144531,Yahoo Finance via yfinance
2026-06-15,XLY,Consumer Discretionary,118.61000061035156,119.51000213623047,118.30999755859375,118.56999969482422,6590300.0,118.11397608859669,119.01021382707017,117.81522764327599,118.07414245605469,Yahoo Finance via yfinance
2026-06-16,XLY,Consumer Discretionary,118.66999816894531,119.45999908447266,118.33999633789062,118.45999908447266,6050500.0,118.17372812102323,118.96042530520941,117.84510633570073,117.96460723876953,Yahoo Finance via yfinance
2026-06-17,XLY,Consumer Discretionary,117.80999755859375,118.16999816894531,115.18000030517578,115.48999786376953,9065700.0,117.31731650610546,117.67581159499636,114.69831789322485,115.00701904296875,Yahoo Finance via yfinance
2026-06-18,XLY,Consumer Discretionary,116.6500015258789,117.66000366210938,115.54000091552734,117.16000366210938,8728500.0,116.1621746231348,117.1679529599016,115.05681600294791,116.6700439453125,Yahoo Finance via yfinance
2026-06-22,XLY,Consumer Discretionary,115.98999786376953,116.91999816894531,114.87000274658203,114.94000244140625,7555600.0,115.7350963828364,116.66305290441511,114.61756258489424,114.68740844726562,Yahoo Finance via yfinance
2026-06-23,XLY,Consumer Discretionary,113.94999694824219,114.66000366210938,113.47000122070312,113.76000213623047,9196000.0,113.69957941394094,114.40802581069197,113.22063852931353,113.51000213623047,Yahoo Finance via yfinance
2026-06-24,XLY,Consumer Discretionary,114.1500015258789,116.95999908447266,113.93000030517578,115.06999969482422,8301400.0,113.89913945133091,116.70296161082172,113.67962171693432,114.8171157836914,Yahoo Finance via yfinance
2026-06-25,XLY,Consumer Discretionary,114.6500015258789,115.05999755859375,113.12999725341797,113.3499984741211,7151300.0,114.39804488737201,114.80713990638577,112.88138100009998,113.10089874267578,Yahoo Finance via yfinance
2026-06-26,XLY,Consumer Discretionary,113.19999694824219,115.45999908447266,113.16000366210938,114.37000274658203,8948900.0,112.9512254128499,115.2062609040576,112.91132001710105,114.11865997314453,Yahoo Finance via yfinance
2026-06-29,XLY,Consumer Discretionary,115.20999908447266,117.54000091552734,115.04000091552734,117.12000274658203,10586700.0,114.95681129270784,117.28169266526847,114.7871867151291,116.86261749267578,Yahoo Finance via yfinance
2026-06-30,XLY,Consumer Discretionary,116.2300033569336,117.56999969482422,116.2300033569336,117.27999877929688,5167900.0,115.97457463586656,117.31162617860157,115.97457463586656,117.02226257324219,Yahoo Finance via yfinance
2026-07-01,XLY,Consumer Discretionary,117.77999877929688,119.16000366210938,116.9000015258789,118.08999633789062,9864300.0,117.52116617305856,118.8981383655659,116.64310279623207,117.83048248291016,Yahoo Finance via yfinance
2026-07-02,XLY,Consumer Discretionary,118.62999725341797,119.20999908447266,116.58000183105469,117.12000274658203,10882400.0,118.36929360546779,118.94802081293085,116.32380329393031,116.86261749267578,Yahoo Finance via yfinance
2026-07-06,XLY,Consumer Discretionary,117.52999877929688,118.19000244140625,116.0999984741211,118.01000213623047,9063600.0,117.27171525413355,117.93026849444219,115.84485751275972,117.75066375732422,Yahoo Finance via yfinance
2026-07-07,XLY,Consumer Discretionary,118.91999816894531,119.12000274658203,117.11000061035156,117.38999938964844,9191400.0,118.65865544371928,118.85822048433799,116.85263559873047,117.13201904296875,Yahoo Finance via yfinance
2026-07-08,XLY,Consumer Discretionary,116.30999755859375,116.31999969482422,114.44000244140625,115.30000305175781,15042700.0,116.05439050701415,116.06437066218876,114.18850495863762,115.04661560058594,Yahoo Finance via yfinance
2026-07-09,XLY,Consumer Discretionary,114.72000122070312,116.87999725341797,114.55000305175781,116.8499984741211,8521800.0,114.46789195255327,116.62314116681257,114.29826737246347,116.59320831298828,Yahoo Finance via yfinance
2026-07-10,XLY,Consumer Discretionary,117.58999633789062,117.88999938964844,116.4800033569336,117.23999786376953,5971500.0,117.33157488162199,117.63091863218128,116.22402127485937,116.98234558105469,Yahoo Finance via yfinance
2026-07-13,XLY,Consumer Discretionary,117.19999694824219,117.5199966430664,115.62000274658203,116.04000091552734,5984800.0,116.94243519870217,117.26173165390696,115.36591323323177,115.78498840332031,Yahoo Finance via yfinance
2026-07-14,XLY,Consumer Discretionary,116.01000213623047,116.4000015258789,115.45999908447266,115.9000015258789,6669300.0,115.75505305724991,116.14419536575566,115.206258718266,115.64529418945312,Yahoo Finance via yfinance
2026-07-15,XLY,Consumer Discretionary,116.45999908447266,117.80999755859375,116.45999908447266,117.0,9073000.0,116.20406756088741,117.55109928961063,116.20406756088741,116.74288177490234,Yahoo Finance via yfinance
2026-07-16,XLY,Consumer Discretionary,117.12000274658203,118.22000122070312,116.86000061035156,117.33999633789062,6057000.0,116.86262029785503,117.96020141973717,116.6031895412773,117.0821304321289,Yahoo Finance via yfinance
2026-07-17,XLY,Consumer Discretionary,115.91000366210938,116.87000274658203,115.31999969482422,115.44000244140625,10275100.0,115.65527815364352,116.61316753017732,115.06657078765087,115.18630981445312,Yahoo Finance via yfinance
2026-07-20,XLY,Consumer Discretionary,116.22000122070312,116.22000122070312,114.37999725341797,114.61000061035156,7804500.0,115.96459384989332,115.96459384989332,114.12863351167913,114.3581314086914,Yahoo Finance via yfinance
2026-07-21,XLY,Consumer Discretionary,114.63999938964844,115.16999816894531,114.27999877929688,114.87000274658203,6557800.0,114.38806344495914,114.91689748468993,114.02885398162731,114.61756134033203,Yahoo Finance via yfinance
2026-07-22,XLY,Consumer Discretionary,114.9000015258789,115.2300033569336,113.81999969482422,114.0199966430664,7106000.0,114.6474954082034,114.97677202185096,113.56986700679032,113.76942443847656,Yahoo Finance via yfinance
2026-07-23,XLY,Consumer Discretionary,110.4800033569336,110.58999633789062,108.29000091552734,108.76000213623047,12650300.0,110.2372097678159,110.34696102547629,108.05202012996477,108.52098846435547,Yahoo Finance via yfinance
2026-07-24,XLY,Consumer Discretionary,109.0999984741211,109.94000244140625,108.6500015258789,109.41000366210938,8210700.0,108.86023937554634,109.69839734286072,108.41123134448272,109.16956329345703,Yahoo Finance via yfinance
2026-07-27,XLY,Consumer Discretionary,110.87000274658203,111.36000061035156,110.30000305175781,110.83999633789062,6979100.0,110.62635312483798,111.11527416177242,110.05760607010212,110.5964126586914,Yahoo Finance via yfinance
2026-07-28,XLY,Consumer Discretionary,111.66000366210938,112.52999877929688,111.25,112.4800033569336,6017900.0,111.41461335675437,112.28269652373176,111.00551074175715,112.2328109741211,Yahoo Finance via yfinance
2026-07-29,XLY,Consumer Discretionary,111.94999694824219,113.58999633789062,111.44000244140625,111.61000061035156,7534100.0,111.70397235755131,113.34036763652918,111.19509862957396,111.3647232055664,Yahoo Finance via yfinance
2026-07-30,XLY,Consumer Discretionary,112.16999816894531,112.80000305175781,111.45999908447266,112.38999938964844,8074000.0,111.9234876363403,112.55210798815752,111.21504888221729,112.14300537109375,Yahoo Finance via yfinance
2026-07-31,XLY,Consumer Discretionary,115.44000244140625,116.38999938964844,114.97000122070312,116.08999633789062,13158000.0,115.1863115439703,116.13422077934638,114.71734319773837,115.83487701416016,Yahoo Finance via yfinance
2026-08-03,XLY,Consumer Discretionary,117.63999938964844,119.12000274658203,117.63999938964844,118.20999908447266,10041500.0,117.38147114967654,118.85822201880832,117.38147114967654,117.9502182006836,Yahoo Finance via yfinance
2026-08-04,XLY,Consumer Discretionary,117.52999877929688,118.56999969482422,117.12000274658203,118.29000091552734,10500800.0,117.27171261460896,118.30942800430857,116.86261759698752,118.03004455566406,Yahoo Finance via yfinance
2026-08-05,XLY,Consumer Discretionary,119.27999877929688,119.63999938964844,118.06999969482422,118.63999938964844,6117400.0,119.01786536815085,119.37707483003686,117.81052541505598,118.3792724609375,Yahoo Finance via yfinance
2026-08-06,XLY,Consumer Discretionary,118.61000061035156,118.80000305175781,117.70999908447266,118.0999984741211,4827900.0,118.34934308568747,118.5389279774284,117.45131940458322,117.84046173095703,Yahoo Finance via yfinance
2026-08-07,XLY,Consumer Discretionary,118.5199966430664,120.44000244140625,118.5,119.86000061035156,5077300.0,118.25953659528231,120.1753229807286,118.2395838969236,119.59659576416016,Yahoo Finance via yfinance
2026-08-10,XLY,Consumer Discretionary,119.2300033569336,119.86000061035156,118.86000061035156,119.66999816894531,4466100.0,118.96797745296688,119.5965901924607,118.59878784319113,119.4070053100586,Yahoo Finance via yfinance
2026-08-11,XLY,Consumer Discretionary,119.66999816894531,119.95999908447266,119.11000061035156,119.23999786376953,3788600.0,119.4070063682982,119.69636996566618,118.84823948379609,118.97795104980469,Yahoo Finance via yfinance
2026-08-12,XLY,Consumer Discretionary,119.31999969482422,119.31999969482422,117.55000305175781,117.88999938964844,4486900.0,119.05777809915037,119.05777809915037,117.29167125951398,117.63092041015625,Yahoo Finance via yfinance
2026-08-13,XLY,Consumer Discretionary,118.04000091552734,118.93000030517578,117.88999938964844,118.44999694824219,4521100.0,117.78059461633083,118.66863813130826,117.63092273582976,118.18968963623047,Yahoo Finance via yfinance
2026-08-14,XLY,Consumer Discretionary,118.47000122070312,119.18000030517578,118.08999633789062,118.19999694824219,3839300.0,118.20964985986558,118.91808864024496,117.83048008119208,117.94023895263672,Yahoo Finance via yfinance
2026-08-17,XLY,Consumer Discretionary,117.95999908447266,117.95999908447266,116.48999786376953,116.75,6884900.0,117.70077109103075,117.70077109103075,116.23400033378776,116.4934310913086,Yahoo Finance via yfinance
2026-08-18,XLY,Consumer Discretionary,116.69999694824219,117.58000183105469,116.06999969482422,116.36000061035156,5287000.0,116.44353535087973,117.32160632226262,115.8149225885172,116.10428619384766,Yahoo Finance via yfinance
2026-08-19,XLY,Consumer Discretionary,116.9000015258789,119.05999755859375,116.7300033569336,118.58999633789062,7526400.0,116.6431029580279,118.79835219963816,116.47347837578549,118.32938385009766,Yahoo Finance via yfinance
2026-08-20,XLY,Consumer Discretionary,117.05000305175781,117.4000015258789,116.37999725341797,116.68000030517578,5155600.0,116.7927736118045,117.14200292822261,116.12424022022911,116.423583984375,Yahoo Finance via yfinance
2026-08-21,XLY,Consumer Discretionary,117.44000244140625,118.43000030517578,116.73999786376953,118.0199966430664,6561400.0,117.18191577214156,118.16973801222302,116.48344952766354,117.76063537597656,Yahoo Finance via yfinance
2026-08-24,XLY,Consumer Discretionary,118.37999725341797,118.79000091552734,118.06999969482422,118.30000305175781,4662300.0,118.11984220797584,118.52894483508081,117.81052590830095,118.04002380371094,Yahoo Finance via yfinance
2026-08-25,XLY,Consumer Discretionary,118.41000366210938,118.56999969482422,117.75,117.94999694824219,4156100.0,118.1497840652687,118.30942848830665,117.49123083708852,117.69078826904297,Yahoo Finance via yfinance
2026-08-26,XLY,Consumer Discretionary,117.69000244140625,117.83999633789062,116.75,117.16000366210938,3271600.0,117.43136088238468,117.58102514462294,116.49342423834342,116.90252685546875,Yahoo Finance via yfinance
2026-08-27,XLY,Consumer Discretionary,116.54000091552734,116.62000274658203,115.80999755859375,115.87999725341797,5231500.0,116.28388891047202,116.36371492696348,115.55548983208632,115.62533569335938,Yahoo Finance via yfinance
2026-08-28,XLY,Consumer Discretionary,116.70999908447266,117.56999969482422,116.37999725341797,117.20999908447266,4505600.0,116.45351427878269,117.31162493033749,116.12423766798487,116.9524154663086,Yahoo Finance via yfinance
2026-08-31,XLY,Consumer Discretionary,116.55999755859375,117.13999938964844,116.29000091552734,116.58999633789062,4912700.0,116.30384552731171,116.88257274743397,116.03444222836,116.33377838134766,Yahoo Finance via yfinance
2026-09-01,XLY,Consumer Discretionary,115.41999816894531,115.62000274658203,114.31999969482422,114.58999633789062,5883300.0,115.16635072837374,115.36591577516637,114.06876961521279,114.33817291259766,Yahoo Finance via yfinance
2026-09-02,XLY,Consumer Discretionary,114.98999786376953,115.11000061035156,114.25,114.86000061035156,4238600.0,114.7372936612709,114.85703268753866,113.99892203085633,114.60758209228516,Yahoo Finance via yfinance
2026-09-03,XLY,Consumer Discretionary,115.93000030517578,117.06999969482422,115.83000183105469,116.45999908447266,5658600.0,115.67522937599679,116.81272347190763,115.57545066124861,116.20406341552734,Yahoo Finance via yfinance
2026-09-04,XLY,Consumer Discretionary,115.26000213623047,115.73999786376953,114.45999908447266,114.91000366210938,5120000.0,115.00670765271829,115.48564854538279,114.2084626814398,114.65747833251953,Yahoo Finance via yfinance
2026-09-08,XLY,Consumer Discretionary,114.47000122070312,114.62999725341797,113.75,113.98999786376953,7821200.0,114.2184428289894,114.37808725565688,113.50002387741513,113.73949432373047,Yahoo Finance via yfinance
2026-09-09,XLY,Consumer Discretionary,112.95999908447266,113.2699966430664,112.2699966430664,112.45999908447266,7683800.0,112.71175365796485,113.02106995348518,112.02326759361017,112.21285247802734,Yahoo Finance via yfinance
2026-09-10,XLY,Consumer Discretionary,111.48999786376953,112.6500015258789,111.0199966430664,111.95999908447266,5814100.0,111.2449827844642,112.4024371740405,110.77601445808855,111.71395111083984,Yahoo Finance via yfinance
2026-09-11,XLY,Consumer Discretionary,112.87000274658203,113.25,112.55000305175781,112.95999908447266,4536700.0,112.62195528673828,113.00111744357466,112.30265883555295,112.71175384521484,Yahoo Finance via yfinance
2026-09-14,XLY,Consumer Discretionary,112.30999755859375,113.27999877929688,112.11000061035156,112.8499984741211,5276300.0,112.06318317526554,113.03105270459372,111.86362574375846,112.60199737548828,Yahoo Finance via yfinance
2026-09-15,XLY,Consumer Discretionary,112.52999877929688,112.62999725341797,110.55999755859375,110.87999725341797,12691100.0,112.2826974243973,112.38247613704672,110.31702557342952,110.63632202148438,Yahoo Finance via yfinance
2026-09-16,XLY,Consumer Discretionary,111.0999984741211,111.45999908447266,109.62999725341797,110.18000030517578,8874600.0,110.85584257081835,111.2150520355766,109.38907185849351,109.9378662109375,Yahoo Finance via yfinance
2026-09-17,XLY,Consumer Discretionary,112.04000091552734,112.23999786376953,111.16999816894531,111.38999938964844,4508600.0,111.79377568370542,111.99333310771928,110.92568490272686,111.14520263671875,Yahoo Finance via yfinance
2026-09-18,XLY,Consumer Discretionary,111.45999908447266,111.7699966430664,110.62999725341797,111.02999877929688,5418200.0,111.21505080530075,111.5243671027322,110.38687301445685,110.78599548339844,Yahoo Finance via yfinance
2026-09-21,XLY,Consumer Discretionary,111.54000091552734,112.61000061035156,111.12000274658203,112.2300033569336,4977200.0,111.54000091552734,112.61000061035156,111.12000274658203,112.2300033569336,Yahoo Finance via yfinance
