ticker,sector,horizon_days,prediction_date,model,feature_profile,selected_feature_count_for_latest,threshold,latest_outperformance_probability,latest_predicts_outperformance_gt_1pct,test_accuracy,test_balanced_accuracy,test_auc,test_acc_auc_balanced_score,latest_selected_features,active_forward_return_if_known,action_signal,signal_edge,quality_score,quality_adjusted_edge_score,signal_basis
XLB,Materials,21,2025-09-24,challenger_logistic_price_relative,price_relative_strength_risk_calendar,36,0.30074377526027596,0.4631326741310513,1,0.42063492063492064,0.5491525423728814,0.46659133709981165,0.5078719397363465,sec_daily_return|spy_daily_return|active_daily_return|sector_spy_close_ratio|rsi_14|macd_histogram|calendar_month_sin|calendar_month_cos|sec_return_5d|spy_return_5d|active_return_5d|ratio_return_5d|sec_return_10d|spy_return_10d|active_return_10d|ratio_return_10d|sec_return_21d|spy_return_21d|active_return_21d|ratio_return_21d|sec_return_63d|spy_return_63d|active_return_63d|ratio_return_63d|sec_return_126d|spy_return_126d|active_return_126d|ratio_return_126d|sec_vol_20d|spy_vol_20d|rel_vol_20d|active_mean_20d|sec_vol_63d|spy_vol_63d|rel_vol_63d|active_mean_63d,-0.011629369622458752,BUY,0.16238889887077534,0.5078719397363465,0.08247276506115007,BUY means the model predicts >1% 21-trading-day active return versus SPY. It is not an absolute positive-return guarantee.
XLE,Energy,21,2025-09-24,challenger_logistic_price_relative,price_relative_strength_risk_calendar,36,0.36248286296935484,0.45271272998090234,1,0.36904761904761907,0.5208333333333334,0.22052154195011334,0.37067743764172334,sec_daily_return|spy_daily_return|active_daily_return|sector_spy_close_ratio|rsi_14|macd_histogram|calendar_month_sin|calendar_month_cos|sec_return_5d|spy_return_5d|active_return_5d|ratio_return_5d|sec_return_10d|spy_return_10d|active_return_10d|ratio_return_10d|sec_return_21d|spy_return_21d|active_return_21d|ratio_return_21d|sec_return_63d|spy_return_63d|active_return_63d|ratio_return_63d|sec_return_126d|spy_return_126d|active_return_126d|ratio_return_126d|sec_vol_20d|spy_vol_20d|rel_vol_20d|active_mean_20d|sec_vol_63d|spy_vol_63d|rel_vol_63d|active_mean_63d,-0.03128957208973748,BUY,0.0902298670115475,0.37067743764172334,0.03344617590259389,BUY means the model predicts >1% 21-trading-day active return versus SPY. It is not an absolute positive-return guarantee.
XLF,Financials,21,2025-09-24,challenger_logistic_price_relative,price_relative_strength_risk_calendar,36,0.8027072469431249,0.8269377370015563,1,0.623015873015873,0.6310844892812106,0.6102774274905421,0.6206809583858763,sec_daily_return|spy_daily_return|active_daily_return|sector_spy_close_ratio|rsi_14|macd_histogram|calendar_month_sin|calendar_month_cos|sec_return_5d|spy_return_5d|active_return_5d|ratio_return_5d|sec_return_10d|spy_return_10d|active_return_10d|ratio_return_10d|sec_return_21d|spy_return_21d|active_return_21d|ratio_return_21d|sec_return_63d|spy_return_63d|active_return_63d|ratio_return_63d|sec_return_126d|spy_return_126d|active_return_126d|ratio_return_126d|sec_vol_20d|spy_vol_20d|rel_vol_20d|active_mean_20d|sec_vol_63d|spy_vol_63d|rel_vol_63d|active_mean_63d,-0.03608365000728775,BUY,0.024230490058431364,0.6206809583858763,0.015039403791626629,BUY means the model predicts >1% 21-trading-day active return versus SPY. It is not an absolute positive-return guarantee.
XLI,Industrials,21,2025-09-24,challenger_logistic_price_relative,price_relative_strength_risk_calendar,36,0.6076581747068942,0.6653839780334626,1,0.6309523809523809,0.6321574803149607,0.6456692913385828,0.6389133858267717,sec_daily_return|spy_daily_return|active_daily_return|sector_spy_close_ratio|rsi_14|macd_histogram|calendar_month_sin|calendar_month_cos|sec_return_5d|spy_return_5d|active_return_5d|ratio_return_5d|sec_return_10d|spy_return_10d|active_return_10d|ratio_return_10d|sec_return_21d|spy_return_21d|active_return_21d|ratio_return_21d|sec_return_63d|spy_return_63d|active_return_63d|ratio_return_63d|sec_return_126d|spy_return_126d|active_return_126d|ratio_return_126d|sec_vol_20d|spy_vol_20d|rel_vol_20d|active_mean_20d|sec_vol_63d|spy_vol_63d|rel_vol_63d|active_mean_63d,0.000492704518190834,BUY,0.0577258033265684,0.6389133858267717,0.03688178845294814,BUY means the model predicts >1% 21-trading-day active return versus SPY. It is not an absolute positive-return guarantee.
XLK,Information Technology,21,2025-09-24,challenger_logistic_price_relative,price_relative_strength_risk_calendar,36,0.3288095500258329,0.2538405704623166,0,0.6587301587301587,0.6550582542815305,0.678550964538104,0.6668046094098172,sec_daily_return|spy_daily_return|active_daily_return|sector_spy_close_ratio|rsi_14|macd_histogram|calendar_month_sin|calendar_month_cos|sec_return_5d|spy_return_5d|active_return_5d|ratio_return_5d|sec_return_10d|spy_return_10d|active_return_10d|ratio_return_10d|sec_return_21d|spy_return_21d|active_return_21d|ratio_return_21d|sec_return_63d|spy_return_63d|active_return_63d|ratio_return_63d|sec_return_126d|spy_return_126d|active_return_126d|ratio_return_126d|sec_vol_20d|spy_vol_20d|rel_vol_20d|active_mean_20d|sec_vol_63d|spy_vol_63d|rel_vol_63d|active_mean_63d,0.02193773819011935,AVOID,-0.07496897956351628,0.6668046094098172,0.0,BUY means the model predicts >1% 21-trading-day active return versus SPY. It is not an absolute positive-return guarantee.
XLP,Consumer Staples,21,2025-09-24,challenger_logistic_price_relative,price_relative_strength_risk_calendar,36,0.6551095991243684,0.5394649132615734,0,0.5357142857142857,0.5433917502104538,0.48366113109359454,0.5135264406520241,sec_daily_return|spy_daily_return|active_daily_return|sector_spy_close_ratio|rsi_14|macd_histogram|calendar_month_sin|calendar_month_cos|sec_return_5d|spy_return_5d|active_return_5d|ratio_return_5d|sec_return_10d|spy_return_10d|active_return_10d|ratio_return_10d|sec_return_21d|spy_return_21d|active_return_21d|ratio_return_21d|sec_return_63d|spy_return_63d|active_return_63d|ratio_return_63d|sec_return_126d|spy_return_126d|active_return_126d|ratio_return_126d|sec_vol_20d|spy_vol_20d|rel_vol_20d|active_mean_20d|sec_vol_63d|spy_vol_63d|rel_vol_63d|active_mean_63d,-0.005554114015938749,AVOID,-0.11564468586279497,0.5135264406520241,0.0,BUY means the model predicts >1% 21-trading-day active return versus SPY. It is not an absolute positive-return guarantee.
XLU,Utilities,21,2025-09-24,challenger_logistic_price_relative,price_relative_strength_risk_calendar,36,0.5423937601293722,0.6002323174300287,1,0.6547619047619048,0.6535748031496063,0.6406299212598425,0.6471023622047244,sec_daily_return|spy_daily_return|active_daily_return|sector_spy_close_ratio|rsi_14|macd_histogram|calendar_month_sin|calendar_month_cos|sec_return_5d|spy_return_5d|active_return_5d|ratio_return_5d|sec_return_10d|spy_return_10d|active_return_10d|ratio_return_10d|sec_return_21d|spy_return_21d|active_return_21d|ratio_return_21d|sec_return_63d|spy_return_63d|active_return_63d|ratio_return_63d|sec_return_126d|spy_return_126d|active_return_126d|ratio_return_126d|sec_vol_20d|spy_vol_20d|rel_vol_20d|active_mean_20d|sec_vol_63d|spy_vol_63d|rel_vol_63d|active_mean_63d,0.031179676008729063,BUY,0.05783855730065646,0.6471023622047244,0.0374274670557681,BUY means the model predicts >1% 21-trading-day active return versus SPY. It is not an absolute positive-return guarantee.
XLV,Health Care,21,2025-09-24,challenger_logistic_price_relative,price_relative_strength_risk_calendar,36,0.8580951541074114,0.7508400911156774,0,0.48412698412698413,0.5782725580754119,0.4982422278899841,0.538257392982698,sec_daily_return|spy_daily_return|active_daily_return|sector_spy_close_ratio|rsi_14|macd_histogram|calendar_month_sin|calendar_month_cos|sec_return_5d|spy_return_5d|active_return_5d|ratio_return_5d|sec_return_10d|spy_return_10d|active_return_10d|ratio_return_10d|sec_return_21d|spy_return_21d|active_return_21d|ratio_return_21d|sec_return_63d|spy_return_63d|active_return_63d|ratio_return_63d|sec_return_126d|spy_return_126d|active_return_126d|ratio_return_126d|sec_vol_20d|spy_vol_20d|rel_vol_20d|active_mean_20d|sec_vol_63d|spy_vol_63d|rel_vol_63d|active_mean_63d,0.05462825027488294,AVOID,-0.10725506299173404,0.538257392982698,0.0,BUY means the model predicts >1% 21-trading-day active return versus SPY. It is not an absolute positive-return guarantee.
XLY,Consumer Discretionary,21,2025-09-24,challenger_logistic_price_relative,price_relative_strength_risk_calendar,36,0.5192837072815516,0.46738626753537,0,0.5793650793650794,0.5798681541582149,0.5534355983772818,0.5666518762677484,sec_daily_return|spy_daily_return|active_daily_return|sector_spy_close_ratio|rsi_14|macd_histogram|calendar_month_sin|calendar_month_cos|sec_return_5d|spy_return_5d|active_return_5d|ratio_return_5d|sec_return_10d|spy_return_10d|active_return_10d|ratio_return_10d|sec_return_21d|spy_return_21d|active_return_21d|ratio_return_21d|sec_return_63d|spy_return_63d|active_return_63d|ratio_return_63d|sec_return_126d|spy_return_126d|active_return_126d|ratio_return_126d|sec_vol_20d|spy_vol_20d|rel_vol_20d|active_mean_20d|sec_vol_63d|spy_vol_63d|rel_vol_63d|active_mean_63d,-0.02125829469553775,AVOID,-0.051897439746181606,0.5666518762677484,0.0,BUY means the model predicts >1% 21-trading-day active return versus SPY. It is not an absolute positive-return guarantee.
XLB,Materials,21,2025-10-23,challenger_logistic_price_relative,price_relative_strength_risk_calendar,36,0.3018460056845163,0.3636914777913514,1,0.40476190476190477,0.5495367070563079,0.46234259919220716,0.5059396531242575,sec_daily_return|spy_daily_return|active_daily_return|sector_spy_close_ratio|rsi_14|macd_histogram|calendar_month_sin|calendar_month_cos|sec_return_5d|spy_return_5d|active_return_5d|ratio_return_5d|sec_return_10d|spy_return_10d|active_return_10d|ratio_return_10d|sec_return_21d|spy_return_21d|active_return_21d|ratio_return_21d|sec_return_63d|spy_return_63d|active_return_63d|ratio_return_63d|sec_return_126d|spy_return_126d|active_return_126d|ratio_return_126d|sec_vol_20d|spy_vol_20d|rel_vol_20d|active_mean_20d|sec_vol_63d|spy_vol_63d|rel_vol_63d|active_mean_63d,-0.014949997805060233,BUY,0.06184547210683511,0.5059396531242575,0.0312900767050381,BUY means the model predicts >1% 21-trading-day active return versus SPY. It is not an absolute positive-return guarantee.
XLE,Energy,21,2025-10-23,challenger_logistic_price_relative,price_relative_strength_risk_calendar,36,0.3471142957389104,0.6039311574959167,1,0.4126984126984127,0.5245055313442843,0.30486087831042574,0.41468320482735505,sec_daily_return|spy_daily_return|active_daily_return|sector_spy_close_ratio|rsi_14|macd_histogram|calendar_month_sin|calendar_month_cos|sec_return_5d|spy_return_5d|active_return_5d|ratio_return_5d|sec_return_10d|spy_return_10d|active_return_10d|ratio_return_10d|sec_return_21d|spy_return_21d|active_return_21d|ratio_return_21d|sec_return_63d|spy_return_63d|active_return_63d|ratio_return_63d|sec_return_126d|spy_return_126d|active_return_126d|ratio_return_126d|sec_vol_20d|spy_vol_20d|rel_vol_20d|active_mean_20d|sec_vol_63d|spy_vol_63d|rel_vol_63d|active_mean_63d,0.024008041276407766,BUY,0.25681686175700635,0.41468320482735505,0.1064976392870992,BUY means the model predicts >1% 21-trading-day active return versus SPY. It is not an absolute positive-return guarantee.
XLF,Financials,21,2025-10-23,challenger_logistic_price_relative,price_relative_strength_risk_calendar,36,0.8275622626212285,0.8361269141950429,1,0.6150793650793651,0.5921052631578947,0.5560005085176709,0.5740528858377828,sec_daily_return|spy_daily_return|active_daily_return|sector_spy_close_ratio|rsi_14|macd_histogram|calendar_month_sin|calendar_month_cos|sec_return_5d|spy_return_5d|active_return_5d|ratio_return_5d|sec_return_10d|spy_return_10d|active_return_10d|ratio_return_10d|sec_return_21d|spy_return_21d|active_return_21d|ratio_return_21d|sec_return_63d|spy_return_63d|active_return_63d|ratio_return_63d|sec_return_126d|spy_return_126d|active_return_126d|ratio_return_126d|sec_vol_20d|spy_vol_20d|rel_vol_20d|active_mean_20d|sec_vol_63d|spy_vol_63d|rel_vol_63d|active_mean_63d,0.0023913266456145887,BUY,0.008564651573814475,0.5740528858377828,0.004916562952143307,BUY means the model predicts >1% 21-trading-day active return versus SPY. It is not an absolute positive-return guarantee.
XLI,Industrials,21,2025-10-23,challenger_logistic_price_relative,price_relative_strength_risk_calendar,36,0.6242776191240031,0.36688506680131633,0,0.623015873015873,0.6245984251968504,0.6555590551181103,0.6400787401574803,sec_daily_return|spy_daily_return|active_daily_return|sector_spy_close_ratio|rsi_14|macd_histogram|calendar_month_sin|calendar_month_cos|sec_return_5d|spy_return_5d|active_return_5d|ratio_return_5d|sec_return_10d|spy_return_10d|active_return_10d|ratio_return_10d|sec_return_21d|spy_return_21d|active_return_21d|ratio_return_21d|sec_return_63d|spy_return_63d|active_return_63d|ratio_return_63d|sec_return_126d|spy_return_126d|active_return_126d|ratio_return_126d|sec_vol_20d|spy_vol_20d|rel_vol_20d|active_mean_20d|sec_vol_63d|spy_vol_63d|rel_vol_63d|active_mean_63d,-0.014322802553936143,AVOID,-0.2573925523226868,0.6400787401574803,0.0,BUY means the model predicts >1% 21-trading-day active return versus SPY. It is not an absolute positive-return guarantee.
XLK,Information Technology,21,2025-10-23,challenger_logistic_price_relative,price_relative_strength_risk_calendar,36,0.3466682828316306,0.18190598815755882,0,0.5992063492063492,0.6006325474410581,0.6142099546354864,0.6074212510382723,sec_daily_return|spy_daily_return|active_daily_return|sector_spy_close_ratio|rsi_14|macd_histogram|calendar_month_sin|calendar_month_cos|sec_return_5d|spy_return_5d|active_return_5d|ratio_return_5d|sec_return_10d|spy_return_10d|active_return_10d|ratio_return_10d|sec_return_21d|spy_return_21d|active_return_21d|ratio_return_21d|sec_return_63d|spy_return_63d|active_return_63d|ratio_return_63d|sec_return_126d|spy_return_126d|active_return_126d|ratio_return_126d|sec_vol_20d|spy_vol_20d|rel_vol_20d|active_mean_20d|sec_vol_63d|spy_vol_63d|rel_vol_63d|active_mean_63d,-0.03601533648908384,AVOID,-0.16476229467407177,0.6074212510382723,0.0,BUY means the model predicts >1% 21-trading-day active return versus SPY. It is not an absolute positive-return guarantee.
XLP,Consumer Staples,21,2025-10-23,challenger_logistic_price_relative,price_relative_strength_risk_calendar,36,0.6582349086413942,0.18090250565228827,0,0.5674603174603174,0.598846331333641,0.5425011536686664,0.5706737425011537,sec_daily_return|spy_daily_return|active_daily_return|sector_spy_close_ratio|rsi_14|macd_histogram|calendar_month_sin|calendar_month_cos|sec_return_5d|spy_return_5d|active_return_5d|ratio_return_5d|sec_return_10d|spy_return_10d|active_return_10d|ratio_return_10d|sec_return_21d|spy_return_21d|active_return_21d|ratio_return_21d|sec_return_63d|spy_return_63d|active_return_63d|ratio_return_63d|sec_return_126d|spy_return_126d|active_return_126d|ratio_return_126d|sec_vol_20d|spy_vol_20d|rel_vol_20d|active_mean_20d|sec_vol_63d|spy_vol_63d|rel_vol_63d|active_mean_63d,0.0006767572178622006,AVOID,-0.47733240298910595,0.5706737425011537,0.0,BUY means the model predicts >1% 21-trading-day active return versus SPY. It is not an absolute positive-return guarantee.
XLU,Utilities,21,2025-10-23,challenger_logistic_price_relative,price_relative_strength_risk_calendar,36,0.5582173352025133,0.36938857371608835,0,0.6349206349206349,0.6478194726166329,0.6492139959432048,0.6485167342799188,sec_daily_return|spy_daily_return|active_daily_return|sector_spy_close_ratio|rsi_14|macd_histogram|calendar_month_sin|calendar_month_cos|sec_return_5d|spy_return_5d|active_return_5d|ratio_return_5d|sec_return_10d|spy_return_10d|active_return_10d|ratio_return_10d|sec_return_21d|spy_return_21d|active_return_21d|ratio_return_21d|sec_return_63d|spy_return_63d|active_return_63d|ratio_return_63d|sec_return_126d|spy_return_126d|active_return_126d|ratio_return_126d|sec_vol_20d|spy_vol_20d|rel_vol_20d|active_mean_20d|sec_vol_63d|spy_vol_63d|rel_vol_63d|active_mean_63d,-0.005183543794720968,AVOID,-0.1888287614864249,0.6485167342799188,0.0,BUY means the model predicts >1% 21-trading-day active return versus SPY. It is not an absolute positive-return guarantee.
XLV,Health Care,21,2025-10-23,challenger_logistic_price_relative,price_relative_strength_risk_calendar,36,0.8643871783926372,0.7755466548837757,0,0.5277777777777778,0.6228395061728396,0.54320987654321,0.5830246913580248,sec_daily_return|spy_daily_return|active_daily_return|sector_spy_close_ratio|rsi_14|macd_histogram|calendar_month_sin|calendar_month_cos|sec_return_5d|spy_return_5d|active_return_5d|ratio_return_5d|sec_return_10d|spy_return_10d|active_return_10d|ratio_return_10d|sec_return_21d|spy_return_21d|active_return_21d|ratio_return_21d|sec_return_63d|spy_return_63d|active_return_63d|ratio_return_63d|sec_return_126d|spy_return_126d|active_return_126d|ratio_return_126d|sec_vol_20d|spy_vol_20d|rel_vol_20d|active_mean_20d|sec_vol_63d|spy_vol_63d|rel_vol_63d|active_mean_63d,0.07763279654177568,AVOID,-0.08884052350886151,0.5830246913580248,0.0,BUY means the model predicts >1% 21-trading-day active return versus SPY. It is not an absolute positive-return guarantee.
XLY,Consumer Discretionary,21,2025-10-23,challenger_logistic_price_relative,price_relative_strength_risk_calendar,36,0.5407934588429691,0.5386915518683829,0,0.6031746031746031,0.6008697296275288,0.5701140732337556,0.5854919014306422,sec_daily_return|spy_daily_return|active_daily_return|sector_spy_close_ratio|rsi_14|macd_histogram|calendar_month_sin|calendar_month_cos|sec_return_5d|spy_return_5d|active_return_5d|ratio_return_5d|sec_return_10d|spy_return_10d|active_return_10d|ratio_return_10d|sec_return_21d|spy_return_21d|active_return_21d|ratio_return_21d|sec_return_63d|spy_return_63d|active_return_63d|ratio_return_63d|sec_return_126d|spy_return_126d|active_return_126d|ratio_return_126d|sec_vol_20d|spy_vol_20d|rel_vol_20d|active_mean_20d|sec_vol_63d|spy_vol_63d|rel_vol_63d|active_mean_63d,-0.035041483240853544,WATCH,-0.0021019069745862318,0.5854919014306422,0.0,BUY means the model predicts >1% 21-trading-day active return versus SPY. It is not an absolute positive-return guarantee.
XLB,Materials,21,2025-11-21,challenger_logistic_price_relative,price_relative_strength_risk_calendar,36,0.41722810339302313,0.4748840375810078,1,0.4603174603174603,0.5677922077922077,0.5439703153988869,0.5558812615955473,sec_daily_return|spy_daily_return|active_daily_return|sector_spy_close_ratio|rsi_14|macd_histogram|calendar_month_sin|calendar_month_cos|sec_return_5d|spy_return_5d|active_return_5d|ratio_return_5d|sec_return_10d|spy_return_10d|active_return_10d|ratio_return_10d|sec_return_21d|spy_return_21d|active_return_21d|ratio_return_21d|sec_return_63d|spy_return_63d|active_return_63d|ratio_return_63d|sec_return_126d|spy_return_126d|active_return_126d|ratio_return_126d|sec_vol_20d|spy_vol_20d|rel_vol_20d|active_mean_20d|sec_vol_63d|spy_vol_63d|rel_vol_63d|active_mean_63d,0.015743177866327285,BUY,0.05765593418798465,0.5558812615955473,0.032049853434886755,BUY means the model predicts >1% 21-trading-day active return versus SPY. It is not an absolute positive-return guarantee.
XLE,Energy,21,2025-11-21,challenger_logistic_price_relative,price_relative_strength_risk_calendar,36,0.3509951047125571,0.6322539283793859,1,0.4365079365079365,0.5341651812240048,0.3447547369115997,0.4394599590678022,sec_daily_return|spy_daily_return|active_daily_return|sector_spy_close_ratio|rsi_14|macd_histogram|calendar_month_sin|calendar_month_cos|sec_return_5d|spy_return_5d|active_return_5d|ratio_return_5d|sec_return_10d|spy_return_10d|active_return_10d|ratio_return_10d|sec_return_21d|spy_return_21d|active_return_21d|ratio_return_21d|sec_return_63d|spy_return_63d|active_return_63d|ratio_return_63d|sec_return_126d|spy_return_126d|active_return_126d|ratio_return_126d|sec_vol_20d|spy_vol_20d|rel_vol_20d|active_mean_20d|sec_vol_63d|spy_vol_63d|rel_vol_63d|active_mean_63d,-0.04859475223287868,BUY,0.28125882366682875,0.4394599590678022,0.12360199113608276,BUY means the model predicts >1% 21-trading-day active return versus SPY. It is not an absolute positive-return guarantee.
XLF,Financials,21,2025-11-21,challenger_logistic_price_relative,price_relative_strength_risk_calendar,36,0.8321328512054075,0.842562172990263,1,0.6626984126984127,0.6464931767692796,0.6281180577594414,0.6373056172643605,sec_daily_return|spy_daily_return|active_daily_return|sector_spy_close_ratio|rsi_14|macd_histogram|calendar_month_sin|calendar_month_cos|sec_return_5d|spy_return_5d|active_return_5d|ratio_return_5d|sec_return_10d|spy_return_10d|active_return_10d|ratio_return_10d|sec_return_21d|spy_return_21d|active_return_21d|ratio_return_21d|sec_return_63d|spy_return_63d|active_return_63d|ratio_return_63d|sec_return_126d|spy_return_126d|active_return_126d|ratio_return_126d|sec_vol_20d|spy_vol_20d|rel_vol_20d|active_mean_20d|sec_vol_63d|spy_vol_63d|rel_vol_63d|active_mean_63d,0.028871705859343733,BUY,0.01042932178485556,0.6373056172643605,0.0066466653577460155,BUY means the model predicts >1% 21-trading-day active return versus SPY. It is not an absolute positive-return guarantee.
XLI,Industrials,21,2025-11-21,challenger_logistic_price_relative,price_relative_strength_risk_calendar,36,0.614245561611181,0.806358688127076,1,0.6150793650793651,0.6238390092879257,0.6473115562014279,0.6355752827446768,sec_daily_return|spy_daily_return|active_daily_return|sector_spy_close_ratio|rsi_14|macd_histogram|calendar_month_sin|calendar_month_cos|sec_return_5d|spy_return_5d|active_return_5d|ratio_return_5d|sec_return_10d|spy_return_10d|active_return_10d|ratio_return_10d|sec_return_21d|spy_return_21d|active_return_21d|ratio_return_21d|sec_return_63d|spy_return_63d|active_return_63d|ratio_return_63d|sec_return_126d|spy_return_126d|active_return_126d|ratio_return_126d|sec_vol_20d|spy_vol_20d|rel_vol_20d|active_mean_20d|sec_vol_63d|spy_vol_63d|rel_vol_63d|active_mean_63d,0.005290162728183168,BUY,0.19211312651589496,0.6355752827446768,0.1221023547043038,BUY means the model predicts >1% 21-trading-day active return versus SPY. It is not an absolute positive-return guarantee.
XLK,Information Technology,21,2025-11-21,challenger_logistic_price_relative,price_relative_strength_risk_calendar,36,0.27195184603844924,0.1500371261609577,0,0.6349206349206349,0.6237890549817156,0.6459870404824534,0.6348880477320844,sec_daily_return|spy_daily_return|active_daily_return|sector_spy_close_ratio|rsi_14|macd_histogram|calendar_month_sin|calendar_month_cos|sec_return_5d|spy_return_5d|active_return_5d|ratio_return_5d|sec_return_10d|spy_return_10d|active_return_10d|ratio_return_10d|sec_return_21d|spy_return_21d|active_return_21d|ratio_return_21d|sec_return_63d|spy_return_63d|active_return_63d|ratio_return_63d|sec_return_126d|spy_return_126d|active_return_126d|ratio_return_126d|sec_vol_20d|spy_vol_20d|rel_vol_20d|active_mean_20d|sec_vol_63d|spy_vol_63d|rel_vol_63d|active_mean_63d,0.02455011654002237,AVOID,-0.12191471987749153,0.6348880477320844,0.0,BUY means the model predicts >1% 21-trading-day active return versus SPY. It is not an absolute positive-return guarantee.
XLP,Consumer Staples,21,2025-11-21,challenger_logistic_price_relative,price_relative_strength_risk_calendar,36,0.6154210151351059,0.4109963245355731,0,0.5317460317460317,0.5716014521984671,0.5139975796692215,0.5427995159338443,sec_daily_return|spy_daily_return|active_daily_return|sector_spy_close_ratio|rsi_14|macd_histogram|calendar_month_sin|calendar_month_cos|sec_return_5d|spy_return_5d|active_return_5d|ratio_return_5d|sec_return_10d|spy_return_10d|active_return_10d|ratio_return_10d|sec_return_21d|spy_return_21d|active_return_21d|ratio_return_21d|sec_return_63d|spy_return_63d|active_return_63d|ratio_return_63d|sec_return_126d|spy_return_126d|active_return_126d|ratio_return_126d|sec_vol_20d|spy_vol_20d|rel_vol_20d|active_mean_20d|sec_vol_63d|spy_vol_63d|rel_vol_63d|active_mean_63d,-0.04890424740991706,AVOID,-0.20442469059953283,0.5427995159338443,0.0,BUY means the model predicts >1% 21-trading-day active return versus SPY. It is not an absolute positive-return guarantee.
XLU,Utilities,21,2025-11-21,challenger_logistic_price_relative,price_relative_strength_risk_calendar,36,0.5823324007810866,0.5169309185527531,0,0.626984126984127,0.6466245427336215,0.6365147988027936,0.6415696707682075,sec_daily_return|spy_daily_return|active_daily_return|sector_spy_close_ratio|rsi_14|macd_histogram|calendar_month_sin|calendar_month_cos|sec_return_5d|spy_return_5d|active_return_5d|ratio_return_5d|sec_return_10d|spy_return_10d|active_return_10d|ratio_return_10d|sec_return_21d|spy_return_21d|active_return_21d|ratio_return_21d|sec_return_63d|spy_return_63d|active_return_63d|ratio_return_63d|sec_return_126d|spy_return_126d|active_return_126d|ratio_return_126d|sec_vol_20d|spy_vol_20d|rel_vol_20d|active_mean_20d|sec_vol_63d|spy_vol_63d|rel_vol_63d|active_mean_63d,-0.07690978929226266,AVOID,-0.06540148222833353,0.6415696707682075,0.0,BUY means the model predicts >1% 21-trading-day active return versus SPY. It is not an absolute positive-return guarantee.
XLV,Health Care,21,2025-11-21,challenger_logistic_price_relative,price_relative_strength_risk_calendar,36,0.8083711273094135,0.5906987396757897,0,0.5357142857142857,0.6028865576334137,0.49162702808366454,0.5472567928585391,sec_daily_return|spy_daily_return|active_daily_return|sector_spy_close_ratio|rsi_14|macd_histogram|calendar_month_sin|calendar_month_cos|sec_return_5d|spy_return_5d|active_return_5d|ratio_return_5d|sec_return_10d|spy_return_10d|active_return_10d|ratio_return_10d|sec_return_21d|spy_return_21d|active_return_21d|ratio_return_21d|sec_return_63d|spy_return_63d|active_return_63d|ratio_return_63d|sec_return_126d|spy_return_126d|active_return_126d|ratio_return_126d|sec_vol_20d|spy_vol_20d|rel_vol_20d|active_mean_20d|sec_vol_63d|spy_vol_63d|rel_vol_63d|active_mean_63d,-0.04144000819568672,AVOID,-0.21767238763362384,0.5472567928585391,0.0,BUY means the model predicts >1% 21-trading-day active return versus SPY. It is not an absolute positive-return guarantee.
XLY,Consumer Discretionary,21,2025-11-21,challenger_logistic_price_relative,price_relative_strength_risk_calendar,36,0.4859427840184353,0.37400951918209496,0,0.5634920634920635,0.5656425462115955,0.5287994448299792,0.5472209955207874,sec_daily_return|spy_daily_return|active_daily_return|sector_spy_close_ratio|rsi_14|macd_histogram|calendar_month_sin|calendar_month_cos|sec_return_5d|spy_return_5d|active_return_5d|ratio_return_5d|sec_return_10d|spy_return_10d|active_return_10d|ratio_return_10d|sec_return_21d|spy_return_21d|active_return_21d|ratio_return_21d|sec_return_63d|spy_return_63d|active_return_63d|ratio_return_63d|sec_return_126d|spy_return_126d|active_return_126d|ratio_return_126d|sec_vol_20d|spy_vol_20d|rel_vol_20d|active_mean_20d|sec_vol_63d|spy_vol_63d|rel_vol_63d|active_mean_63d,0.039649818795230996,AVOID,-0.11193326483634036,0.5472209955207874,0.0,BUY means the model predicts >1% 21-trading-day active return versus SPY. It is not an absolute positive-return guarantee.
XLB,Materials,21,2025-12-23,challenger_logistic_price_relative,price_relative_strength_risk_calendar,36,0.2538888163796183,0.23414376622202673,0,0.43253968253968256,0.5536982146549941,0.5064451644033915,0.5300716895291928,sec_daily_return|spy_daily_return|active_daily_return|sector_spy_close_ratio|rsi_14|macd_histogram|calendar_month_sin|calendar_month_cos|sec_return_5d|spy_return_5d|active_return_5d|ratio_return_5d|sec_return_10d|spy_return_10d|active_return_10d|ratio_return_10d|sec_return_21d|spy_return_21d|active_return_21d|ratio_return_21d|sec_return_63d|spy_return_63d|active_return_63d|ratio_return_63d|sec_return_126d|spy_return_126d|active_return_126d|ratio_return_126d|sec_vol_20d|spy_vol_20d|rel_vol_20d|active_mean_20d|sec_vol_63d|spy_vol_63d|rel_vol_63d|active_mean_63d,0.08661840378884245,WATCH,-0.019745050157591565,0.5300716895291928,0.0,BUY means the model predicts >1% 21-trading-day active return versus SPY. It is not an absolute positive-return guarantee.
XLE,Energy,21,2025-12-23,challenger_logistic_price_relative,price_relative_strength_risk_calendar,36,0.3622670250019015,0.6284319552734406,1,0.4444444444444444,0.5272040138137747,0.3645663647618427,0.4458851892878087,sec_daily_return|spy_daily_return|active_daily_return|sector_spy_close_ratio|rsi_14|macd_histogram|calendar_month_sin|calendar_month_cos|sec_return_5d|spy_return_5d|active_return_5d|ratio_return_5d|sec_return_10d|spy_return_10d|active_return_10d|ratio_return_10d|sec_return_21d|spy_return_21d|active_return_21d|ratio_return_21d|sec_return_63d|spy_return_63d|active_return_63d|ratio_return_63d|sec_return_126d|spy_return_126d|active_return_126d|ratio_return_126d|sec_vol_20d|spy_vol_20d|rel_vol_20d|active_mean_20d|sec_vol_63d|spy_vol_63d|rel_vol_63d|active_mean_63d,0.09913396106443972,BUY,0.26616493027153915,0.4458851892878087,0.11867900031590163,BUY means the model predicts >1% 21-trading-day active return versus SPY. It is not an absolute positive-return guarantee.
XLF,Financials,21,2025-12-23,challenger_logistic_price_relative,price_relative_strength_risk_calendar,36,0.8302590941239684,0.6069503644415939,0,0.6388888888888888,0.622500793398921,0.6175817200888607,0.6200412567438909,sec_daily_return|spy_daily_return|active_daily_return|sector_spy_close_ratio|rsi_14|macd_histogram|calendar_month_sin|calendar_month_cos|sec_return_5d|spy_return_5d|active_return_5d|ratio_return_5d|sec_return_10d|spy_return_10d|active_return_10d|ratio_return_10d|sec_return_21d|spy_return_21d|active_return_21d|ratio_return_21d|sec_return_63d|spy_return_63d|active_return_63d|ratio_return_63d|sec_return_126d|spy_return_126d|active_return_126d|ratio_return_126d|sec_vol_20d|spy_vol_20d|rel_vol_20d|active_mean_20d|sec_vol_63d|spy_vol_63d|rel_vol_63d|active_mean_63d,-0.04337584988819765,AVOID,-0.22330872968237447,0.6200412567438909,0.0,BUY means the model predicts >1% 21-trading-day active return versus SPY. It is not an absolute positive-return guarantee.
XLI,Industrials,21,2025-12-23,challenger_logistic_price_relative,price_relative_strength_risk_calendar,36,0.7069495792813545,0.31228884972854565,0,0.626984126984127,0.6455840455840456,0.6630579297245964,0.654320987654321,sec_daily_return|spy_daily_return|active_daily_return|sector_spy_close_ratio|rsi_14|macd_histogram|calendar_month_sin|calendar_month_cos|sec_return_5d|spy_return_5d|active_return_5d|ratio_return_5d|sec_return_10d|spy_return_10d|active_return_10d|ratio_return_10d|sec_return_21d|spy_return_21d|active_return_21d|ratio_return_21d|sec_return_63d|spy_return_63d|active_return_63d|ratio_return_63d|sec_return_126d|spy_return_126d|active_return_126d|ratio_return_126d|sec_vol_20d|spy_vol_20d|rel_vol_20d|active_mean_20d|sec_vol_63d|spy_vol_63d|rel_vol_63d|active_mean_63d,0.040139574346093054,AVOID,-0.39466072955280884,0.654320987654321,0.0,BUY means the model predicts >1% 21-trading-day active return versus SPY. It is not an absolute positive-return guarantee.
XLK,Information Technology,21,2025-12-23,challenger_logistic_price_relative,price_relative_strength_risk_calendar,36,0.25902817358525254,0.3099862164562791,1,0.6468253968253969,0.6344662703540966,0.6527526492633756,0.6436094598087361,sec_daily_return|spy_daily_return|active_daily_return|sector_spy_close_ratio|rsi_14|macd_histogram|calendar_month_sin|calendar_month_cos|sec_return_5d|spy_return_5d|active_return_5d|ratio_return_5d|sec_return_10d|spy_return_10d|active_return_10d|ratio_return_10d|sec_return_21d|spy_return_21d|active_return_21d|ratio_return_21d|sec_return_63d|spy_return_63d|active_return_63d|ratio_return_63d|sec_return_126d|spy_return_126d|active_return_126d|ratio_return_126d|sec_vol_20d|spy_vol_20d|rel_vol_20d|active_mean_20d|sec_vol_63d|spy_vol_63d|rel_vol_63d|active_mean_63d,-0.006042732624794933,BUY,0.050958042871026565,0.6436094598087361,0.03279707844513182,BUY means the model predicts >1% 21-trading-day active return versus SPY. It is not an absolute positive-return guarantee.
XLP,Consumer Staples,21,2025-12-23,challenger_logistic_price_relative,price_relative_strength_risk_calendar,36,0.5914342744312647,0.6942009004595,1,0.5238095238095238,0.5516883116883117,0.4960296846011132,0.5238589981447124,sec_daily_return|spy_daily_return|active_daily_return|sector_spy_close_ratio|rsi_14|macd_histogram|calendar_month_sin|calendar_month_cos|sec_return_5d|spy_return_5d|active_return_5d|ratio_return_5d|sec_return_10d|spy_return_10d|active_return_10d|ratio_return_10d|sec_return_21d|spy_return_21d|active_return_21d|ratio_return_21d|sec_return_63d|spy_return_63d|active_return_63d|ratio_return_63d|sec_return_126d|spy_return_126d|active_return_126d|ratio_return_126d|sec_vol_20d|spy_vol_20d|rel_vol_20d|active_mean_20d|sec_vol_63d|spy_vol_63d|rel_vol_63d|active_mean_63d,0.06105769965746233,BUY,0.10276662602823528,0.5238589981447124,0.053835221753863655,BUY means the model predicts >1% 21-trading-day active return versus SPY. It is not an absolute positive-return guarantee.
XLU,Utilities,21,2025-12-23,challenger_logistic_price_relative,price_relative_strength_risk_calendar,36,0.5702783029533824,0.7615709553906248,1,0.6190476190476191,0.6445293836598185,0.6369531090027984,0.6407412463313085,sec_daily_return|spy_daily_return|active_daily_return|sector_spy_close_ratio|rsi_14|macd_histogram|calendar_month_sin|calendar_month_cos|sec_return_5d|spy_return_5d|active_return_5d|ratio_return_5d|sec_return_10d|spy_return_10d|active_return_10d|ratio_return_10d|sec_return_21d|spy_return_21d|active_return_21d|ratio_return_21d|sec_return_63d|spy_return_63d|active_return_63d|ratio_return_63d|sec_return_126d|spy_return_126d|active_return_126d|ratio_return_126d|sec_vol_20d|spy_vol_20d|rel_vol_20d|active_mean_20d|sec_vol_63d|spy_vol_63d|rel_vol_63d|active_mean_63d,-0.001067691241836144,BUY,0.19129265243724236,0.6407412463313085,0.12256909253666048,BUY means the model predicts >1% 21-trading-day active return versus SPY. It is not an absolute positive-return guarantee.
XLV,Health Care,21,2025-12-23,challenger_logistic_price_relative,price_relative_strength_risk_calendar,36,0.7653915966473352,0.5325016586329145,0,0.5396825396825397,0.5848214285714286,0.44719387755102036,0.5160076530612245,sec_daily_return|spy_daily_return|active_daily_return|sector_spy_close_ratio|rsi_14|macd_histogram|calendar_month_sin|calendar_month_cos|sec_return_5d|spy_return_5d|active_return_5d|ratio_return_5d|sec_return_10d|spy_return_10d|active_return_10d|ratio_return_10d|sec_return_21d|spy_return_21d|active_return_21d|ratio_return_21d|sec_return_63d|spy_return_63d|active_return_63d|ratio_return_63d|sec_return_126d|spy_return_126d|active_return_126d|ratio_return_126d|sec_vol_20d|spy_vol_20d|rel_vol_20d|active_mean_20d|sec_vol_63d|spy_vol_63d|rel_vol_63d|active_mean_63d,0.01313233182686857,AVOID,-0.2328899380144207,0.5160076530612245,0.0,BUY means the model predicts >1% 21-trading-day active return versus SPY. It is not an absolute positive-return guarantee.
XLY,Consumer Discretionary,21,2025-12-23,challenger_logistic_price_relative,price_relative_strength_risk_calendar,36,0.5214811641731416,0.49650916173855497,0,0.623015873015873,0.6238659274193548,0.5912298387096774,0.607547883064516,sec_daily_return|spy_daily_return|active_daily_return|sector_spy_close_ratio|rsi_14|macd_histogram|calendar_month_sin|calendar_month_cos|sec_return_5d|spy_return_5d|active_return_5d|ratio_return_5d|sec_return_10d|spy_return_10d|active_return_10d|ratio_return_10d|sec_return_21d|spy_return_21d|active_return_21d|ratio_return_21d|sec_return_63d|spy_return_63d|active_return_63d|ratio_return_63d|sec_return_126d|spy_return_126d|active_return_126d|ratio_return_126d|sec_vol_20d|spy_vol_20d|rel_vol_20d|active_mean_20d|sec_vol_63d|spy_vol_63d|rel_vol_63d|active_mean_63d,-0.005705672257638739,WATCH,-0.024972002434586638,0.607547883064516,0.0,BUY means the model predicts >1% 21-trading-day active return versus SPY. It is not an absolute positive-return guarantee.
XLB,Materials,21,2026-01-26,challenger_logistic_price_relative,price_relative_strength_risk_calendar,36,0.20729636301318108,0.4322956481264686,1,0.4523809523809524,0.4966709346991037,0.40051216389244554,0.4485915492957746,sec_daily_return|spy_daily_return|active_daily_return|sector_spy_close_ratio|rsi_14|macd_histogram|calendar_month_sin|calendar_month_cos|sec_return_5d|spy_return_5d|active_return_5d|ratio_return_5d|sec_return_10d|spy_return_10d|active_return_10d|ratio_return_10d|sec_return_21d|spy_return_21d|active_return_21d|ratio_return_21d|sec_return_63d|spy_return_63d|active_return_63d|ratio_return_63d|sec_return_126d|spy_return_126d|active_return_126d|ratio_return_126d|sec_vol_20d|spy_vol_20d|rel_vol_20d|active_mean_20d|sec_vol_63d|spy_vol_63d|rel_vol_63d|active_mean_63d,0.05995735484884679,BUY,0.2249992851132875,0.4485915492957746,0.10093277789941137,BUY means the model predicts >1% 21-trading-day active return versus SPY. It is not an absolute positive-return guarantee.
XLE,Energy,21,2026-01-26,challenger_logistic_price_relative,price_relative_strength_risk_calendar,36,0.3720221602093515,0.5904466637838071,1,0.5,0.5321937321937322,0.41981639759417544,0.47600506489395383,sec_daily_return|spy_daily_return|active_daily_return|sector_spy_close_ratio|rsi_14|macd_histogram|calendar_month_sin|calendar_month_cos|sec_return_5d|spy_return_5d|active_return_5d|ratio_return_5d|sec_return_10d|spy_return_10d|active_return_10d|ratio_return_10d|sec_return_21d|spy_return_21d|active_return_21d|ratio_return_21d|sec_return_63d|spy_return_63d|active_return_63d|ratio_return_63d|sec_return_126d|spy_return_126d|active_return_126d|ratio_return_126d|sec_vol_20d|spy_vol_20d|rel_vol_20d|active_mean_20d|sec_vol_63d|spy_vol_63d|rel_vol_63d|active_mean_63d,0.11418432584410598,BUY,0.21842450357445553,0.47600506489395383,0.10397116999838836,BUY means the model predicts >1% 21-trading-day active return versus SPY. It is not an absolute positive-return guarantee.
XLF,Financials,21,2026-01-26,challenger_logistic_price_relative,price_relative_strength_risk_calendar,36,0.8203520662635472,0.8484671971885254,1,0.6111111111111112,0.5649070832211149,0.5344734715863183,0.5496902774037167,sec_daily_return|spy_daily_return|active_daily_return|sector_spy_close_ratio|rsi_14|macd_histogram|calendar_month_sin|calendar_month_cos|sec_return_5d|spy_return_5d|active_return_5d|ratio_return_5d|sec_return_10d|spy_return_10d|active_return_10d|ratio_return_10d|sec_return_21d|spy_return_21d|active_return_21d|ratio_return_21d|sec_return_63d|spy_return_63d|active_return_63d|ratio_return_63d|sec_return_126d|spy_return_126d|active_return_126d|ratio_return_126d|sec_vol_20d|spy_vol_20d|rel_vol_20d|active_mean_20d|sec_vol_63d|spy_vol_63d|rel_vol_63d|active_mean_63d,-0.02943992927376804,BUY,0.028115130924978193,0.5496902774037167,0.015454614117393076,BUY means the model predicts >1% 21-trading-day active return versus SPY. It is not an absolute positive-return guarantee.
XLI,Industrials,21,2026-01-26,challenger_logistic_price_relative,price_relative_strength_risk_calendar,36,0.7635180667138355,0.2959986685426271,0,0.5634920634920635,0.5917849898580122,0.5301724137931035,0.5609787018255579,sec_daily_return|spy_daily_return|active_daily_return|sector_spy_close_ratio|rsi_14|macd_histogram|calendar_month_sin|calendar_month_cos|sec_return_5d|spy_return_5d|active_return_5d|ratio_return_5d|sec_return_10d|spy_return_10d|active_return_10d|ratio_return_10d|sec_return_21d|spy_return_21d|active_return_21d|ratio_return_21d|sec_return_63d|spy_return_63d|active_return_63d|ratio_return_63d|sec_return_126d|spy_return_126d|active_return_126d|ratio_return_126d|sec_vol_20d|spy_vol_20d|rel_vol_20d|active_mean_20d|sec_vol_63d|spy_vol_63d|rel_vol_63d|active_mean_63d,0.0676501240083971,AVOID,-0.4675193981712084,0.5609787018255579,0.0,BUY means the model predicts >1% 21-trading-day active return versus SPY. It is not an absolute positive-return guarantee.
XLK,Information Technology,21,2026-01-26,challenger_logistic_price_relative,price_relative_strength_risk_calendar,36,0.5013156077053353,0.4221543641527017,0,0.5753968253968254,0.5897727272727273,0.5922348484848485,0.5910037878787879,sec_daily_return|spy_daily_return|active_daily_return|sector_spy_close_ratio|rsi_14|macd_histogram|calendar_month_sin|calendar_month_cos|sec_return_5d|spy_return_5d|active_return_5d|ratio_return_5d|sec_return_10d|spy_return_10d|active_return_10d|ratio_return_10d|sec_return_21d|spy_return_21d|active_return_21d|ratio_return_21d|sec_return_63d|spy_return_63d|active_return_63d|ratio_return_63d|sec_return_126d|spy_return_126d|active_return_126d|ratio_return_126d|sec_vol_20d|spy_vol_20d|rel_vol_20d|active_mean_20d|sec_vol_63d|spy_vol_63d|rel_vol_63d|active_mean_63d,-0.02162229186419984,AVOID,-0.07916124355263365,0.5910037878787879,0.0,BUY means the model predicts >1% 21-trading-day active return versus SPY. It is not an absolute positive-return guarantee.
XLP,Consumer Staples,21,2026-01-26,challenger_logistic_price_relative,price_relative_strength_risk_calendar,36,0.5594701987885891,0.840786442852609,1,0.5277777777777778,0.5544871794871795,0.4894497863247863,0.521968482905983,sec_daily_return|spy_daily_return|active_daily_return|sector_spy_close_ratio|rsi_14|macd_histogram|calendar_month_sin|calendar_month_cos|sec_return_5d|spy_return_5d|active_return_5d|ratio_return_5d|sec_return_10d|spy_return_10d|active_return_10d|ratio_return_10d|sec_return_21d|spy_return_21d|active_return_21d|ratio_return_21d|sec_return_63d|spy_return_63d|active_return_63d|ratio_return_63d|sec_return_126d|spy_return_126d|active_return_126d|ratio_return_126d|sec_vol_20d|spy_vol_20d|rel_vol_20d|active_mean_20d|sec_vol_63d|spy_vol_63d|rel_vol_63d|active_mean_63d,0.07465340595286651,BUY,0.2813162440640199,0.521968482905983,0.1468382131309057,BUY means the model predicts >1% 21-trading-day active return versus SPY. It is not an absolute positive-return guarantee.
XLU,Utilities,21,2026-01-26,challenger_logistic_price_relative,price_relative_strength_risk_calendar,36,0.5936118257576037,0.8368058223697435,1,0.6349206349206349,0.6384078573274747,0.6520418712845697,0.6452248643060222,sec_daily_return|spy_daily_return|active_daily_return|sector_spy_close_ratio|rsi_14|macd_histogram|calendar_month_sin|calendar_month_cos|sec_return_5d|spy_return_5d|active_return_5d|ratio_return_5d|sec_return_10d|spy_return_10d|active_return_10d|ratio_return_10d|sec_return_21d|spy_return_21d|active_return_21d|ratio_return_21d|sec_return_63d|spy_return_63d|active_return_63d|ratio_return_63d|sec_return_126d|spy_return_126d|active_return_126d|ratio_return_126d|sec_vol_20d|spy_vol_20d|rel_vol_20d|active_mean_20d|sec_vol_63d|spy_vol_63d|rel_vol_63d|active_mean_63d,0.10412892757425585,BUY,0.2431939966121398,0.6452248643060222,0.15691481346410713,BUY means the model predicts >1% 21-trading-day active return versus SPY. It is not an absolute positive-return guarantee.
XLV,Health Care,21,2026-01-26,challenger_logistic_price_relative,price_relative_strength_risk_calendar,36,0.7201723291480994,0.6108683615547286,0,0.5158730158730159,0.5481481481481482,0.4105729661285217,0.4793605571383349,sec_daily_return|spy_daily_return|active_daily_return|sector_spy_close_ratio|rsi_14|macd_histogram|calendar_month_sin|calendar_month_cos|sec_return_5d|spy_return_5d|active_return_5d|ratio_return_5d|sec_return_10d|spy_return_10d|active_return_10d|ratio_return_10d|sec_return_21d|spy_return_21d|active_return_21d|ratio_return_21d|sec_return_63d|spy_return_63d|active_return_63d|ratio_return_63d|sec_return_126d|spy_return_126d|active_return_126d|ratio_return_126d|sec_vol_20d|spy_vol_20d|rel_vol_20d|active_mean_20d|sec_vol_63d|spy_vol_63d|rel_vol_63d|active_mean_63d,-0.002314167124570332,AVOID,-0.1093039675933708,0.4793605571383349,0.0,BUY means the model predicts >1% 21-trading-day active return versus SPY. It is not an absolute positive-return guarantee.
XLY,Consumer Discretionary,21,2026-01-26,challenger_logistic_price_relative,price_relative_strength_risk_calendar,36,0.5436511088574123,0.34227489268082484,0,0.6190476190476191,0.611234528721041,0.5814027292922882,0.5963186290066647,sec_daily_return|spy_daily_return|active_daily_return|sector_spy_close_ratio|rsi_14|macd_histogram|calendar_month_sin|calendar_month_cos|sec_return_5d|spy_return_5d|active_return_5d|ratio_return_5d|sec_return_10d|spy_return_10d|active_return_10d|ratio_return_10d|sec_return_21d|spy_return_21d|active_return_21d|ratio_return_21d|sec_return_63d|spy_return_63d|active_return_63d|ratio_return_63d|sec_return_126d|spy_return_126d|active_return_126d|ratio_return_126d|sec_vol_20d|spy_vol_20d|rel_vol_20d|active_mean_20d|sec_vol_63d|spy_vol_63d|rel_vol_63d|active_mean_63d,-0.043363091559030176,AVOID,-0.20137621617658746,0.5963186290066647,0.0,BUY means the model predicts >1% 21-trading-day active return versus SPY. It is not an absolute positive-return guarantee.
XLB,Materials,21,2026-02-25,challenger_logistic_price_relative,price_relative_strength_risk_calendar,36,0.18953812816488297,0.4421171494606708,1,0.49603174603174605,0.5197768762677485,0.4459939148073022,0.48288539553752535,sec_daily_return|spy_daily_return|active_daily_return|sector_spy_close_ratio|rsi_14|macd_histogram|calendar_month_sin|calendar_month_cos|sec_return_5d|spy_return_5d|active_return_5d|ratio_return_5d|sec_return_10d|spy_return_10d|active_return_10d|ratio_return_10d|sec_return_21d|spy_return_21d|active_return_21d|ratio_return_21d|sec_return_63d|spy_return_63d|active_return_63d|ratio_return_63d|sec_return_126d|spy_return_126d|active_return_126d|ratio_return_126d|sec_vol_20d|spy_vol_20d|rel_vol_20d|active_mean_20d|sec_vol_63d|spy_vol_63d|rel_vol_63d|active_mean_63d,-0.0054853428046076624,BUY,0.25257902129578785,0.48288539553752535,0.12196672060289755,BUY means the model predicts >1% 21-trading-day active return versus SPY. It is not an absolute positive-return guarantee.
XLE,Energy,21,2026-02-25,challenger_logistic_price_relative,price_relative_strength_risk_calendar,36,0.49295495425035024,0.5559927285503766,1,0.5873015873015873,0.5873015873015873,0.48104056437389775,0.5341710758377425,sec_daily_return|spy_daily_return|active_daily_return|sector_spy_close_ratio|rsi_14|macd_histogram|calendar_month_sin|calendar_month_cos|sec_return_5d|spy_return_5d|active_return_5d|ratio_return_5d|sec_return_10d|spy_return_10d|active_return_10d|ratio_return_10d|sec_return_21d|spy_return_21d|active_return_21d|ratio_return_21d|sec_return_63d|spy_return_63d|active_return_63d|ratio_return_63d|sec_return_126d|spy_return_126d|active_return_126d|ratio_return_126d|sec_vol_20d|spy_vol_20d|rel_vol_20d|active_mean_20d|sec_vol_63d|spy_vol_63d|rel_vol_63d|active_mean_63d,0.19053121896546688,BUY,0.06303777430002638,0.5341710758377425,0.03367295571626189,BUY means the model predicts >1% 21-trading-day active return versus SPY. It is not an absolute positive-return guarantee.
XLF,Financials,21,2026-02-25,challenger_logistic_price_relative,price_relative_strength_risk_calendar,36,0.8195410337521675,0.7200642931898135,0,0.6388888888888888,0.5770380434782609,0.5282608695652173,0.5526494565217391,sec_daily_return|spy_daily_return|active_daily_return|sector_spy_close_ratio|rsi_14|macd_histogram|calendar_month_sin|calendar_month_cos|sec_return_5d|spy_return_5d|active_return_5d|ratio_return_5d|sec_return_10d|spy_return_10d|active_return_10d|ratio_return_10d|sec_return_21d|spy_return_21d|active_return_21d|ratio_return_21d|sec_return_63d|spy_return_63d|active_return_63d|ratio_return_63d|sec_return_126d|spy_return_126d|active_return_126d|ratio_return_126d|sec_vol_20d|spy_vol_20d|rel_vol_20d|active_mean_20d|sec_vol_63d|spy_vol_63d|rel_vol_63d|active_mean_63d,0.014968954489999242,AVOID,-0.099476740562354,0.5526494565217391,0.0,BUY means the model predicts >1% 21-trading-day active return versus SPY. It is not an absolute positive-return guarantee.
XLI,Industrials,21,2026-02-25,challenger_logistic_price_relative,price_relative_strength_risk_calendar,36,0.7594127199794646,0.24793306193551773,0,0.6031746031746031,0.6143757881462799,0.5324716267339219,0.573423707440101,sec_daily_return|spy_daily_return|active_daily_return|sector_spy_close_ratio|rsi_14|macd_histogram|calendar_month_sin|calendar_month_cos|sec_return_5d|spy_return_5d|active_return_5d|ratio_return_5d|sec_return_10d|spy_return_10d|active_return_10d|ratio_return_10d|sec_return_21d|spy_return_21d|active_return_21d|ratio_return_21d|sec_return_63d|spy_return_63d|active_return_63d|ratio_return_63d|sec_return_126d|spy_return_126d|active_return_126d|ratio_return_126d|sec_vol_20d|spy_vol_20d|rel_vol_20d|active_mean_20d|sec_vol_63d|spy_vol_63d|rel_vol_63d|active_mean_63d,-0.012270294470521304,AVOID,-0.5114796580439469,0.573423707440101,0.0,BUY means the model predicts >1% 21-trading-day active return versus SPY. It is not an absolute positive-return guarantee.
XLK,Information Technology,21,2026-02-25,challenger_logistic_price_relative,price_relative_strength_risk_calendar,36,0.24992922963671602,0.2196168848779301,0,0.6190476190476191,0.6056445461479787,0.5959827103991864,0.6008136282735825,sec_daily_return|spy_daily_return|active_daily_return|sector_spy_close_ratio|rsi_14|macd_histogram|calendar_month_sin|calendar_month_cos|sec_return_5d|spy_return_5d|active_return_5d|ratio_return_5d|sec_return_10d|spy_return_10d|active_return_10d|ratio_return_10d|sec_return_21d|spy_return_21d|active_return_21d|ratio_return_21d|sec_return_63d|spy_return_63d|active_return_63d|ratio_return_63d|sec_return_126d|spy_return_126d|active_return_126d|ratio_return_126d|sec_vol_20d|spy_vol_20d|rel_vol_20d|active_mean_20d|sec_vol_63d|spy_vol_63d|rel_vol_63d|active_mean_63d,-0.0041556929804071885,WATCH,-0.030312344758785914,0.6008136282735825,0.0,BUY means the model predicts >1% 21-trading-day active return versus SPY. It is not an absolute positive-return guarantee.
XLP,Consumer Staples,21,2026-02-25,challenger_logistic_price_relative,price_relative_strength_risk_calendar,36,0.5697018852090642,0.8759489777974542,1,0.5476190476190477,0.560225558979739,0.49695101960527177,0.5285882892925053,sec_daily_return|spy_daily_return|active_daily_return|sector_spy_close_ratio|rsi_14|macd_histogram|calendar_month_sin|calendar_month_cos|sec_return_5d|spy_return_5d|active_return_5d|ratio_return_5d|sec_return_10d|spy_return_10d|active_return_10d|ratio_return_10d|sec_return_21d|spy_return_21d|active_return_21d|ratio_return_21d|sec_return_63d|spy_return_63d|active_return_63d|ratio_return_63d|sec_return_126d|spy_return_126d|active_return_126d|ratio_return_126d|sec_vol_20d|spy_vol_20d|rel_vol_20d|active_mean_20d|sec_vol_63d|spy_vol_63d|rel_vol_63d|active_mean_63d,-0.01908142485749953,BUY,0.30624709258839,0.5285882892925053,0.16187862677210058,BUY means the model predicts >1% 21-trading-day active return versus SPY. It is not an absolute positive-return guarantee.
XLU,Utilities,21,2026-02-25,challenger_logistic_price_relative,price_relative_strength_risk_calendar,36,0.5820979985548863,0.6979256927601001,1,0.6547619047619048,0.6556199596774194,0.6460433467741935,0.6508316532258065,sec_daily_return|spy_daily_return|active_daily_return|sector_spy_close_ratio|rsi_14|macd_histogram|calendar_month_sin|calendar_month_cos|sec_return_5d|spy_return_5d|active_return_5d|ratio_return_5d|sec_return_10d|spy_return_10d|active_return_10d|ratio_return_10d|sec_return_21d|spy_return_21d|active_return_21d|ratio_return_21d|sec_return_63d|spy_return_63d|active_return_63d|ratio_return_63d|sec_return_126d|spy_return_126d|active_return_126d|ratio_return_126d|sec_vol_20d|spy_vol_20d|rel_vol_20d|active_mean_20d|sec_vol_63d|spy_vol_63d|rel_vol_63d|active_mean_63d,0.026472486323390387,BUY,0.11582769420521377,0.6508316532258065,0.07538432970891244,BUY means the model predicts >1% 21-trading-day active return versus SPY. It is not an absolute positive-return guarantee.
XLV,Health Care,21,2026-02-25,challenger_logistic_price_relative,price_relative_strength_risk_calendar,36,0.7246703807416902,0.6644682607874075,0,0.48412698412698413,0.49480052940064284,0.34606415831600174,0.4204323438583223,sec_daily_return|spy_daily_return|active_daily_return|sector_spy_close_ratio|rsi_14|macd_histogram|calendar_month_sin|calendar_month_cos|sec_return_5d|spy_return_5d|active_return_5d|ratio_return_5d|sec_return_10d|spy_return_10d|active_return_10d|ratio_return_10d|sec_return_21d|spy_return_21d|active_return_21d|ratio_return_21d|sec_return_63d|spy_return_63d|active_return_63d|ratio_return_63d|sec_return_126d|spy_return_126d|active_return_126d|ratio_return_126d|sec_vol_20d|spy_vol_20d|rel_vol_20d|active_mean_20d|sec_vol_63d|spy_vol_63d|rel_vol_63d|active_mean_63d,-0.007265746813451712,AVOID,-0.06020211995428271,0.4204323438583223,0.0,BUY means the model predicts >1% 21-trading-day active return versus SPY. It is not an absolute positive-return guarantee.
XLY,Consumer Discretionary,21,2026-02-25,challenger_logistic_price_relative,price_relative_strength_risk_calendar,36,0.5241238726524164,0.608940126760492,1,0.6904761904761905,0.6803746712003593,0.6247513953935971,0.6525630332969783,sec_daily_return|spy_daily_return|active_daily_return|sector_spy_close_ratio|rsi_14|macd_histogram|calendar_month_sin|calendar_month_cos|sec_return_5d|spy_return_5d|active_return_5d|ratio_return_5d|sec_return_10d|spy_return_10d|active_return_10d|ratio_return_10d|sec_return_21d|spy_return_21d|active_return_21d|ratio_return_21d|sec_return_63d|spy_return_63d|active_return_63d|ratio_return_63d|sec_return_126d|spy_return_126d|active_return_126d|ratio_return_126d|sec_vol_20d|spy_vol_20d|rel_vol_20d|active_mean_20d|sec_vol_63d|spy_vol_63d|rel_vol_63d|active_mean_63d,-0.001208345583551096,BUY,0.08481625410807558,0.6525630332969783,0.0553479520536531,BUY means the model predicts >1% 21-trading-day active return versus SPY. It is not an absolute positive-return guarantee.
XLB,Materials,21,2026-03-26,challenger_logistic_price_relative,price_relative_strength_risk_calendar,36,0.19181757370392746,0.58759953743537,1,0.49603174603174605,0.5197768762677485,0.4487195740365112,0.48424822515212984,sec_daily_return|spy_daily_return|active_daily_return|sector_spy_close_ratio|rsi_14|macd_histogram|calendar_month_sin|calendar_month_cos|sec_return_5d|spy_return_5d|active_return_5d|ratio_return_5d|sec_return_10d|spy_return_10d|active_return_10d|ratio_return_10d|sec_return_21d|spy_return_21d|active_return_21d|ratio_return_21d|sec_return_63d|spy_return_63d|active_return_63d|ratio_return_63d|sec_return_126d|spy_return_126d|active_return_126d|ratio_return_126d|sec_vol_20d|spy_vol_20d|rel_vol_20d|active_mean_20d|sec_vol_63d|spy_vol_63d|rel_vol_63d|active_mean_63d,-0.05383864871711097,BUY,0.3957819637314425,0.48424822515212984,0.19165671348417565,BUY means the model predicts >1% 21-trading-day active return versus SPY. It is not an absolute positive-return guarantee.
XLE,Energy,21,2026-03-26,challenger_logistic_price_relative,price_relative_strength_risk_calendar,36,0.5046240602556353,0.6200519701863432,1,0.5992063492063492,0.6028549820381925,0.5057666855738325,0.5543108338060125,sec_daily_return|spy_daily_return|active_daily_return|sector_spy_close_ratio|rsi_14|macd_histogram|calendar_month_sin|calendar_month_cos|sec_return_5d|spy_return_5d|active_return_5d|ratio_return_5d|sec_return_10d|spy_return_10d|active_return_10d|ratio_return_10d|sec_return_21d|spy_return_21d|active_return_21d|ratio_return_21d|sec_return_63d|spy_return_63d|active_return_63d|ratio_return_63d|sec_return_126d|spy_return_126d|active_return_126d|ratio_return_126d|sec_vol_20d|spy_vol_20d|rel_vol_20d|active_mean_20d|sec_vol_63d|spy_vol_63d|rel_vol_63d|active_mean_63d,-0.185846594257578,BUY,0.11542790993070784,0.5543108338060125,0.06398294099817597,BUY means the model predicts >1% 21-trading-day active return versus SPY. It is not an absolute positive-return guarantee.
XLF,Financials,21,2026-03-26,challenger_logistic_price_relative,price_relative_strength_risk_calendar,36,0.18143318584361462,0.6828184822267314,1,0.4523809523809524,0.5641304347826087,0.5212635869565218,0.5426970108695652,sec_daily_return|spy_daily_return|active_daily_return|sector_spy_close_ratio|rsi_14|macd_histogram|calendar_month_sin|calendar_month_cos|sec_return_5d|spy_return_5d|active_return_5d|ratio_return_5d|sec_return_10d|spy_return_10d|active_return_10d|ratio_return_10d|sec_return_21d|spy_return_21d|active_return_21d|ratio_return_21d|sec_return_63d|spy_return_63d|active_return_63d|ratio_return_63d|sec_return_126d|spy_return_126d|active_return_126d|ratio_return_126d|sec_vol_20d|spy_vol_20d|rel_vol_20d|active_mean_20d|sec_vol_63d|spy_vol_63d|rel_vol_63d|active_mean_63d,-0.052366774055959464,BUY,0.5013852963831167,0.5426970108695652,0.27210030164106846,BUY means the model predicts >1% 21-trading-day active return versus SPY. It is not an absolute positive-return guarantee.
XLI,Industrials,21,2026-03-26,challenger_logistic_price_relative,price_relative_strength_risk_calendar,36,0.7594238695369073,0.41052226481257864,0,0.5912698412698413,0.605293041448489,0.5641915336571826,0.5847422875528359,sec_daily_return|spy_daily_return|active_daily_return|sector_spy_close_ratio|rsi_14|macd_histogram|calendar_month_sin|calendar_month_cos|sec_return_5d|spy_return_5d|active_return_5d|ratio_return_5d|sec_return_10d|spy_return_10d|active_return_10d|ratio_return_10d|sec_return_21d|spy_return_21d|active_return_21d|ratio_return_21d|sec_return_63d|spy_return_63d|active_return_63d|ratio_return_63d|sec_return_126d|spy_return_126d|active_return_126d|ratio_return_126d|sec_vol_20d|spy_vol_20d|rel_vol_20d|active_mean_20d|sec_vol_63d|spy_vol_63d|rel_vol_63d|active_mean_63d,-0.03893921223958019,AVOID,-0.3489016047243287,0.5847422875528359,0.0,BUY means the model predicts >1% 21-trading-day active return versus SPY. It is not an absolute positive-return guarantee.
XLK,Information Technology,21,2026-03-26,challenger_logistic_price_relative,price_relative_strength_risk_calendar,36,0.2790929617038441,0.4192764719700935,1,0.6150793650793651,0.5964906652980048,0.5815743889138384,0.5890325271059216,sec_daily_return|spy_daily_return|active_daily_return|sector_spy_close_ratio|rsi_14|macd_histogram|calendar_month_sin|calendar_month_cos|sec_return_5d|spy_return_5d|active_return_5d|ratio_return_5d|sec_return_10d|spy_return_10d|active_return_10d|ratio_return_10d|sec_return_21d|spy_return_21d|active_return_21d|ratio_return_21d|sec_return_63d|spy_return_63d|active_return_63d|ratio_return_63d|sec_return_126d|spy_return_126d|active_return_126d|ratio_return_126d|sec_vol_20d|spy_vol_20d|rel_vol_20d|active_mean_20d|sec_vol_63d|spy_vol_63d|rel_vol_63d|active_mean_63d,0.10321318024776183,BUY,0.14018351026624937,0.5890325271059216,0.08257264731070776,BUY means the model predicts >1% 21-trading-day active return versus SPY. It is not an absolute positive-return guarantee.
XLP,Consumer Staples,21,2026-03-26,challenger_logistic_price_relative,price_relative_strength_risk_calendar,36,0.2563076729835098,0.448698206615705,1,0.3968253968253968,0.5311918384228304,0.4416488591714345,0.4864203487971324,sec_daily_return|spy_daily_return|active_daily_return|sector_spy_close_ratio|rsi_14|macd_histogram|calendar_month_sin|calendar_month_cos|sec_return_5d|spy_return_5d|active_return_5d|ratio_return_5d|sec_return_10d|spy_return_10d|active_return_10d|ratio_return_10d|sec_return_21d|spy_return_21d|active_return_21d|ratio_return_21d|sec_return_63d|spy_return_63d|active_return_63d|ratio_return_63d|sec_return_126d|spy_return_126d|active_return_126d|ratio_return_126d|sec_vol_20d|spy_vol_20d|rel_vol_20d|active_mean_20d|sec_vol_63d|spy_vol_63d|rel_vol_63d|active_mean_63d,-0.09384671599018635,BUY,0.19239053363219516,0.4864203487971324,0.09358267047463881,BUY means the model predicts >1% 21-trading-day active return versus SPY. It is not an absolute positive-return guarantee.
XLU,Utilities,21,2026-03-26,challenger_logistic_price_relative,price_relative_strength_risk_calendar,36,0.5177612934223647,0.20650487489658736,0,0.6507936507936508,0.6557377049180328,0.6608448928121059,0.6582912988650693,sec_daily_return|spy_daily_return|active_daily_return|sector_spy_close_ratio|rsi_14|macd_histogram|calendar_month_sin|calendar_month_cos|sec_return_5d|spy_return_5d|active_return_5d|ratio_return_5d|sec_return_10d|spy_return_10d|active_return_10d|ratio_return_10d|sec_return_21d|spy_return_21d|active_return_21d|ratio_return_21d|sec_return_63d|spy_return_63d|active_return_63d|ratio_return_63d|sec_return_126d|spy_return_126d|active_return_126d|ratio_return_126d|sec_vol_20d|spy_vol_20d|rel_vol_20d|active_mean_20d|sec_vol_63d|spy_vol_63d|rel_vol_63d|active_mean_63d,-0.0896640198547165,AVOID,-0.3112564185257773,0.6582912988650693,0.0,BUY means the model predicts >1% 21-trading-day active return versus SPY. It is not an absolute positive-return guarantee.
XLV,Health Care,21,2026-03-26,challenger_logistic_price_relative,price_relative_strength_risk_calendar,36,0.9902514264474639,0.4950424007172053,0,0.49603174603174605,0.46019269776876265,0.2880958417849898,0.3741442697768762,sec_daily_return|spy_daily_return|active_daily_return|sector_spy_close_ratio|rsi_14|macd_histogram|calendar_month_sin|calendar_month_cos|sec_return_5d|spy_return_5d|active_return_5d|ratio_return_5d|sec_return_10d|spy_return_10d|active_return_10d|ratio_return_10d|sec_return_21d|spy_return_21d|active_return_21d|ratio_return_21d|sec_return_63d|spy_return_63d|active_return_63d|ratio_return_63d|sec_return_126d|spy_return_126d|active_return_126d|ratio_return_126d|sec_vol_20d|spy_vol_20d|rel_vol_20d|active_mean_20d|sec_vol_63d|spy_vol_63d|rel_vol_63d|active_mean_63d,-0.12428022073262823,AVOID,-0.4952090257302586,0.3741442697768762,0.0,BUY means the model predicts >1% 21-trading-day active return versus SPY. It is not an absolute positive-return guarantee.
XLY,Consumer Discretionary,21,2026-03-26,challenger_logistic_price_relative,price_relative_strength_risk_calendar,36,0.5243173943519003,0.539947025021566,1,0.6468253968253969,0.6423933209647495,0.5790485025178903,0.6107209117413199,sec_daily_return|spy_daily_return|active_daily_return|sector_spy_close_ratio|rsi_14|macd_histogram|calendar_month_sin|calendar_month_cos|sec_return_5d|spy_return_5d|active_return_5d|ratio_return_5d|sec_return_10d|spy_return_10d|active_return_10d|ratio_return_10d|sec_return_21d|spy_return_21d|active_return_21d|ratio_return_21d|sec_return_63d|spy_return_63d|active_return_63d|ratio_return_63d|sec_return_126d|spy_return_126d|active_return_126d|ratio_return_126d|sec_vol_20d|spy_vol_20d|rel_vol_20d|active_mean_20d|sec_vol_63d|spy_vol_63d|rel_vol_63d|active_mean_63d,-0.02584631153533401,BUY,0.015629630669665717,0.6107209117413199,0.009545342292758344,BUY means the model predicts >1% 21-trading-day active return versus SPY. It is not an absolute positive-return guarantee.
XLB,Materials,21,2026-04-27,challenger_logistic_price_relative,price_relative_strength_risk_calendar,36,0.1322057115473042,0.6990192160520007,1,0.3968253968253968,0.5076097888032183,0.4034193764666443,0.4555145826349313,sec_daily_return|spy_daily_return|active_daily_return|sector_spy_close_ratio|rsi_14|macd_histogram|calendar_month_sin|calendar_month_cos|sec_return_5d|spy_return_5d|active_return_5d|ratio_return_5d|sec_return_10d|spy_return_10d|active_return_10d|ratio_return_10d|sec_return_21d|spy_return_21d|active_return_21d|ratio_return_21d|sec_return_63d|spy_return_63d|active_return_63d|ratio_return_63d|sec_return_126d|spy_return_126d|active_return_126d|ratio_return_126d|sec_vol_20d|spy_vol_20d|rel_vol_20d|active_mean_20d|sec_vol_63d|spy_vol_63d|rel_vol_63d|active_mean_63d,-0.061918008602136476,BUY,0.5668135045046965,0.4555145826349313,0.25819181693629956,BUY means the model predicts >1% 21-trading-day active return versus SPY. It is not an absolute positive-return guarantee.
XLE,Energy,21,2026-04-27,challenger_logistic_price_relative,price_relative_strength_risk_calendar,36,0.5228564579263993,0.4324218573716675,0,0.6031746031746031,0.618720728812472,0.5408353114775133,0.5797780201449927,sec_daily_return|spy_daily_return|active_daily_return|sector_spy_close_ratio|rsi_14|macd_histogram|calendar_month_sin|calendar_month_cos|sec_return_5d|spy_return_5d|active_return_5d|ratio_return_5d|sec_return_10d|spy_return_10d|active_return_10d|ratio_return_10d|sec_return_21d|spy_return_21d|active_return_21d|ratio_return_21d|sec_return_63d|spy_return_63d|active_return_63d|ratio_return_63d|sec_return_126d|spy_return_126d|active_return_126d|ratio_return_126d|sec_vol_20d|spy_vol_20d|rel_vol_20d|active_mean_20d|sec_vol_63d|spy_vol_63d|rel_vol_63d|active_mean_63d,-0.049961080966723914,AVOID,-0.09043460055473185,0.5797780201449927,0.0,BUY means the model predicts >1% 21-trading-day active return versus SPY. It is not an absolute positive-return guarantee.
XLF,Financials,21,2026-04-27,challenger_logistic_price_relative,price_relative_strength_risk_calendar,36,0.7650737778184897,0.3983567940149765,0,0.6468253968253969,0.5743910979690297,0.5534199673177185,0.5639055326433741,sec_daily_return|spy_daily_return|active_daily_return|sector_spy_close_ratio|rsi_14|macd_histogram|calendar_month_sin|calendar_month_cos|sec_return_5d|spy_return_5d|active_return_5d|ratio_return_5d|sec_return_10d|spy_return_10d|active_return_10d|ratio_return_10d|sec_return_21d|spy_return_21d|active_return_21d|ratio_return_21d|sec_return_63d|spy_return_63d|active_return_63d|ratio_return_63d|sec_return_126d|spy_return_126d|active_return_126d|ratio_return_126d|sec_vol_20d|spy_vol_20d|rel_vol_20d|active_mean_20d|sec_vol_63d|spy_vol_63d|rel_vol_63d|active_mean_63d,-0.05764054880939473,AVOID,-0.36671698380351325,0.5639055326433741,0.0,BUY means the model predicts >1% 21-trading-day active return versus SPY. It is not an absolute positive-return guarantee.
XLI,Industrials,21,2026-04-27,challenger_logistic_price_relative,price_relative_strength_risk_calendar,36,0.760743975799329,0.3372359066874731,0,0.5992063492063492,0.5712250712250712,0.5084520417853751,0.539838556505223,sec_daily_return|spy_daily_return|active_daily_return|sector_spy_close_ratio|rsi_14|macd_histogram|calendar_month_sin|calendar_month_cos|sec_return_5d|spy_return_5d|active_return_5d|ratio_return_5d|sec_return_10d|spy_return_10d|active_return_10d|ratio_return_10d|sec_return_21d|spy_return_21d|active_return_21d|ratio_return_21d|sec_return_63d|spy_return_63d|active_return_63d|ratio_return_63d|sec_return_126d|spy_return_126d|active_return_126d|ratio_return_126d|sec_vol_20d|spy_vol_20d|rel_vol_20d|active_mean_20d|sec_vol_63d|spy_vol_63d|rel_vol_63d|active_mean_63d,-0.03875201817179641,AVOID,-0.42350806911185584,0.539838556505223,0.0,BUY means the model predicts >1% 21-trading-day active return versus SPY. It is not an absolute positive-return guarantee.
XLK,Information Technology,21,2026-04-27,challenger_logistic_price_relative,price_relative_strength_risk_calendar,36,0.25390096224399056,0.313780992133838,1,0.6388888888888888,0.6051122790253225,0.5911541874274794,0.5981332332264009,sec_daily_return|spy_daily_return|active_daily_return|sector_spy_close_ratio|rsi_14|macd_histogram|calendar_month_sin|calendar_month_cos|sec_return_5d|spy_return_5d|active_return_5d|ratio_return_5d|sec_return_10d|spy_return_10d|active_return_10d|ratio_return_10d|sec_return_21d|spy_return_21d|active_return_21d|ratio_return_21d|sec_return_63d|spy_return_63d|active_return_63d|ratio_return_63d|sec_return_126d|spy_return_126d|active_return_126d|ratio_return_126d|sec_vol_20d|spy_vol_20d|rel_vol_20d|active_mean_20d|sec_vol_63d|spy_vol_63d|rel_vol_63d|active_mean_63d,0.10057905239400022,BUY,0.05988002988984742,0.5981332332264009,0.03581623588370796,BUY means the model predicts >1% 21-trading-day active return versus SPY. It is not an absolute positive-return guarantee.
XLP,Consumer Staples,21,2026-04-27,challenger_logistic_price_relative,price_relative_strength_risk_calendar,36,0.2641921128316647,0.8067346705292944,1,0.3253968253968254,0.5261069177495915,0.3967006458641351,0.4614037818068633,sec_daily_return|spy_daily_return|active_daily_return|sector_spy_close_ratio|rsi_14|macd_histogram|calendar_month_sin|calendar_month_cos|sec_return_5d|spy_return_5d|active_return_5d|ratio_return_5d|sec_return_10d|spy_return_10d|active_return_10d|ratio_return_10d|sec_return_21d|spy_return_21d|active_return_21d|ratio_return_21d|sec_return_63d|spy_return_63d|active_return_63d|ratio_return_63d|sec_return_126d|spy_return_126d|active_return_126d|ratio_return_126d|sec_vol_20d|spy_vol_20d|rel_vol_20d|active_mean_20d|sec_vol_63d|spy_vol_63d|rel_vol_63d|active_mean_63d,-0.02652246373907219,BUY,0.5425425576976297,0.4614037818068633,0.2503311879128547,BUY means the model predicts >1% 21-trading-day active return versus SPY. It is not an absolute positive-return guarantee.
XLU,Utilities,21,2026-04-27,challenger_logistic_price_relative,price_relative_strength_risk_calendar,36,0.5217612387423304,0.529743069348379,1,0.6071428571428571,0.6307843137254903,0.6311764705882353,0.6309803921568629,sec_daily_return|spy_daily_return|active_daily_return|sector_spy_close_ratio|rsi_14|macd_histogram|calendar_month_sin|calendar_month_cos|sec_return_5d|spy_return_5d|active_return_5d|ratio_return_5d|sec_return_10d|spy_return_10d|active_return_10d|ratio_return_10d|sec_return_21d|spy_return_21d|active_return_21d|ratio_return_21d|sec_return_63d|spy_return_63d|active_return_63d|ratio_return_63d|sec_return_126d|spy_return_126d|active_return_126d|ratio_return_126d|sec_vol_20d|spy_vol_20d|rel_vol_20d|active_mean_20d|sec_vol_63d|spy_vol_63d|rel_vol_63d|active_mean_63d,-0.0755814349259587,BUY,0.007981830606048623,0.6309803921568629,0.005036378605934211,BUY means the model predicts >1% 21-trading-day active return versus SPY. It is not an absolute positive-return guarantee.
XLV,Health Care,21,2026-04-27,challenger_logistic_price_relative,price_relative_strength_risk_calendar,36,0.9919641550132116,0.5773711960719552,0,0.5793650793650794,0.4670465973851827,0.315588333892055,0.39131746563861886,sec_daily_return|spy_daily_return|active_daily_return|sector_spy_close_ratio|rsi_14|macd_histogram|calendar_month_sin|calendar_month_cos|sec_return_5d|spy_return_5d|active_return_5d|ratio_return_5d|sec_return_10d|spy_return_10d|active_return_10d|ratio_return_10d|sec_return_21d|spy_return_21d|active_return_21d|ratio_return_21d|sec_return_63d|spy_return_63d|active_return_63d|ratio_return_63d|sec_return_126d|spy_return_126d|active_return_126d|ratio_return_126d|sec_vol_20d|spy_vol_20d|rel_vol_20d|active_mean_20d|sec_vol_63d|spy_vol_63d|rel_vol_63d|active_mean_63d,-0.014049442739421103,AVOID,-0.41459295894125636,0.39131746563861886,0.0,BUY means the model predicts >1% 21-trading-day active return versus SPY. It is not an absolute positive-return guarantee.
XLY,Consumer Discretionary,21,2026-04-27,challenger_logistic_price_relative,price_relative_strength_risk_calendar,36,0.4888902880511715,0.5182468885115815,1,0.49206349206349204,0.554360465116279,0.5188953488372093,0.5366279069767441,sec_daily_return|spy_daily_return|active_daily_return|sector_spy_close_ratio|rsi_14|macd_histogram|calendar_month_sin|calendar_month_cos|sec_return_5d|spy_return_5d|active_return_5d|ratio_return_5d|sec_return_10d|spy_return_10d|active_return_10d|ratio_return_10d|sec_return_21d|spy_return_21d|active_return_21d|ratio_return_21d|sec_return_63d|spy_return_63d|active_return_63d|ratio_return_63d|sec_return_126d|spy_return_126d|active_return_126d|ratio_return_126d|sec_vol_20d|spy_vol_20d|rel_vol_20d|active_mean_20d|sec_vol_63d|spy_vol_63d|rel_vol_63d|active_mean_63d,-0.01721645024536511,BUY,0.02935660046041,0.5366279069767441,0.01575357106102234,BUY means the model predicts >1% 21-trading-day active return versus SPY. It is not an absolute positive-return guarantee.
XLB,Materials,21,2026-05-27,challenger_logistic_price_relative,price_relative_strength_risk_calendar,36,0.14840274446517673,0.389896374863107,1,0.3968253968253968,0.5231724796942188,0.3932154801720019,0.45819397993311034,sec_daily_return|spy_daily_return|active_daily_return|sector_spy_close_ratio|rsi_14|macd_histogram|calendar_month_sin|calendar_month_cos|sec_return_5d|spy_return_5d|active_return_5d|ratio_return_5d|sec_return_10d|spy_return_10d|active_return_10d|ratio_return_10d|sec_return_21d|spy_return_21d|active_return_21d|ratio_return_21d|sec_return_63d|spy_return_63d|active_return_63d|ratio_return_63d|sec_return_126d|spy_return_126d|active_return_126d|ratio_return_126d|sec_vol_20d|spy_vol_20d|rel_vol_20d|active_mean_20d|sec_vol_63d|spy_vol_63d|rel_vol_63d|active_mean_63d,0.03808270267803582,BUY,0.2414936303979303,0.45819397993311034,0.11065092764052324,BUY means the model predicts >1% 21-trading-day active return versus SPY. It is not an absolute positive-return guarantee.
XLE,Energy,21,2026-05-27,challenger_logistic_price_relative,price_relative_strength_risk_calendar,36,0.4942022320930665,0.4199918754775908,0,0.6388888888888888,0.6464285714285715,0.5955357142857143,0.6209821428571429,sec_daily_return|spy_daily_return|active_daily_return|sector_spy_close_ratio|rsi_14|macd_histogram|calendar_month_sin|calendar_month_cos|sec_return_5d|spy_return_5d|active_return_5d|ratio_return_5d|sec_return_10d|spy_return_10d|active_return_10d|ratio_return_10d|sec_return_21d|spy_return_21d|active_return_21d|ratio_return_21d|sec_return_63d|spy_return_63d|active_return_63d|ratio_return_63d|sec_return_126d|spy_return_126d|active_return_126d|ratio_return_126d|sec_vol_20d|spy_vol_20d|rel_vol_20d|active_mean_20d|sec_vol_63d|spy_vol_63d|rel_vol_63d|active_mean_63d,-0.022353138681154294,AVOID,-0.0742103566154757,0.6209821428571429,0.0,BUY means the model predicts >1% 21-trading-day active return versus SPY. It is not an absolute positive-return guarantee.
XLF,Financials,21,2026-05-27,challenger_logistic_price_relative,price_relative_strength_risk_calendar,36,0.6915305696408978,0.5868873888758565,0,0.6547619047619048,0.7021390374331551,0.6932949403537638,0.6977169888934595,sec_daily_return|spy_daily_return|active_daily_return|sector_spy_close_ratio|rsi_14|macd_histogram|calendar_month_sin|calendar_month_cos|sec_return_5d|spy_return_5d|active_return_5d|ratio_return_5d|sec_return_10d|spy_return_10d|active_return_10d|ratio_return_10d|sec_return_21d|spy_return_21d|active_return_21d|ratio_return_21d|sec_return_63d|spy_return_63d|active_return_63d|ratio_return_63d|sec_return_126d|spy_return_126d|active_return_126d|ratio_return_126d|sec_vol_20d|spy_vol_20d|rel_vol_20d|active_mean_20d|sec_vol_63d|spy_vol_63d|rel_vol_63d|active_mean_63d,0.07156858723290827,AVOID,-0.10464318076504131,0.6977169888934595,0.0,BUY means the model predicts >1% 21-trading-day active return versus SPY. It is not an absolute positive-return guarantee.
XLI,Industrials,21,2026-05-27,challenger_logistic_price_relative,price_relative_strength_risk_calendar,36,0.7843950769504576,0.3278786799940361,0,0.5873015873015873,0.5555555555555556,0.4899018676796454,0.5227287116176005,sec_daily_return|spy_daily_return|active_daily_return|sector_spy_close_ratio|rsi_14|macd_histogram|calendar_month_sin|calendar_month_cos|sec_return_5d|spy_return_5d|active_return_5d|ratio_return_5d|sec_return_10d|spy_return_10d|active_return_10d|ratio_return_10d|sec_return_21d|spy_return_21d|active_return_21d|ratio_return_21d|sec_return_63d|spy_return_63d|active_return_63d|ratio_return_63d|sec_return_126d|spy_return_126d|active_return_126d|ratio_return_126d|sec_vol_20d|spy_vol_20d|rel_vol_20d|active_mean_20d|sec_vol_63d|spy_vol_63d|rel_vol_63d|active_mean_63d,0.06825120689044517,AVOID,-0.45651639695642154,0.5227287116176005,0.0,BUY means the model predicts >1% 21-trading-day active return versus SPY. It is not an absolute positive-return guarantee.
XLK,Information Technology,21,2026-05-27,challenger_logistic_price_relative,price_relative_strength_risk_calendar,36,0.2713868123641333,0.06925077400600108,0,0.5873015873015873,0.5800326822815345,0.5706948875573886,0.5753637849194615,sec_daily_return|spy_daily_return|active_daily_return|sector_spy_close_ratio|rsi_14|macd_histogram|calendar_month_sin|calendar_month_cos|sec_return_5d|spy_return_5d|active_return_5d|ratio_return_5d|sec_return_10d|spy_return_10d|active_return_10d|ratio_return_10d|sec_return_21d|spy_return_21d|active_return_21d|ratio_return_21d|sec_return_63d|spy_return_63d|active_return_63d|ratio_return_63d|sec_return_126d|spy_return_126d|active_return_126d|ratio_return_126d|sec_vol_20d|spy_vol_20d|rel_vol_20d|active_mean_20d|sec_vol_63d|spy_vol_63d|rel_vol_63d|active_mean_63d,0.009276170306967702,AVOID,-0.20213603835813224,0.5753637849194615,0.0,BUY means the model predicts >1% 21-trading-day active return versus SPY. It is not an absolute positive-return guarantee.
XLP,Consumer Staples,21,2026-05-27,challenger_logistic_price_relative,price_relative_strength_risk_calendar,36,0.26211967440672207,0.7729182533011629,1,0.2857142857142857,0.5232168912539696,0.4307784739507338,0.47699768260235176,sec_daily_return|spy_daily_return|active_daily_return|sector_spy_close_ratio|rsi_14|macd_histogram|calendar_month_sin|calendar_month_cos|sec_return_5d|spy_return_5d|active_return_5d|ratio_return_5d|sec_return_10d|spy_return_10d|active_return_10d|ratio_return_10d|sec_return_21d|spy_return_21d|active_return_21d|ratio_return_21d|sec_return_63d|spy_return_63d|active_return_63d|ratio_return_63d|sec_return_126d|spy_return_126d|active_return_126d|ratio_return_126d|sec_vol_20d|spy_vol_20d|rel_vol_20d|active_mean_20d|sec_vol_63d|spy_vol_63d|rel_vol_63d|active_mean_63d,0.034592874913230376,BUY,0.5107985788944409,0.47699768260235176,0.24364973840922285,BUY means the model predicts >1% 21-trading-day active return versus SPY. It is not an absolute positive-return guarantee.
XLU,Utilities,21,2026-05-27,challenger_logistic_price_relative,price_relative_strength_risk_calendar,36,0.49661436696578865,0.8950565754070786,1,0.5515873015873016,0.6202178258771627,0.6226649203832633,0.621441373130213,sec_daily_return|spy_daily_return|active_daily_return|sector_spy_close_ratio|rsi_14|macd_histogram|calendar_month_sin|calendar_month_cos|sec_return_5d|spy_return_5d|active_return_5d|ratio_return_5d|sec_return_10d|spy_return_10d|active_return_10d|ratio_return_10d|sec_return_21d|spy_return_21d|active_return_21d|ratio_return_21d|sec_return_63d|spy_return_63d|active_return_63d|ratio_return_63d|sec_return_126d|spy_return_126d|active_return_126d|ratio_return_126d|sec_vol_20d|spy_vol_20d|rel_vol_20d|active_mean_20d|sec_vol_63d|spy_vol_63d|rel_vol_63d|active_mean_63d,0.056124561636263226,BUY,0.39844220844128997,0.621441373130213,0.24760847312678977,BUY means the model predicts >1% 21-trading-day active return versus SPY. It is not an absolute positive-return guarantee.
XLV,Health Care,21,2026-05-27,challenger_logistic_price_relative,price_relative_strength_risk_calendar,36,0.9504162238055323,0.6998924242844028,0,0.5595238095238095,0.5339506172839505,0.4569272976680384,0.4954389574759945,sec_daily_return|spy_daily_return|active_daily_return|sector_spy_close_ratio|rsi_14|macd_histogram|calendar_month_sin|calendar_month_cos|sec_return_5d|spy_return_5d|active_return_5d|ratio_return_5d|sec_return_10d|spy_return_10d|active_return_10d|ratio_return_10d|sec_return_21d|spy_return_21d|active_return_21d|ratio_return_21d|sec_return_63d|spy_return_63d|active_return_63d|ratio_return_63d|sec_return_126d|spy_return_126d|active_return_126d|ratio_return_126d|sec_vol_20d|spy_vol_20d|rel_vol_20d|active_mean_20d|sec_vol_63d|spy_vol_63d|rel_vol_63d|active_mean_63d,0.10848542756690238,AVOID,-0.25052379952112946,0.4954389574759945,0.0,BUY means the model predicts >1% 21-trading-day active return versus SPY. It is not an absolute positive-return guarantee.
XLY,Consumer Discretionary,21,2026-05-27,challenger_logistic_price_relative,price_relative_strength_risk_calendar,36,0.49759499301545534,0.5081226211596556,1,0.5,0.5750075918615245,0.5388703310051625,0.5569389614333435,sec_daily_return|spy_daily_return|active_daily_return|sector_spy_close_ratio|rsi_14|macd_histogram|calendar_month_sin|calendar_month_cos|sec_return_5d|spy_return_5d|active_return_5d|ratio_return_5d|sec_return_10d|spy_return_10d|active_return_10d|ratio_return_10d|sec_return_21d|spy_return_21d|active_return_21d|ratio_return_21d|sec_return_63d|spy_return_63d|active_return_63d|ratio_return_63d|sec_return_126d|spy_return_126d|active_return_126d|ratio_return_126d|sec_vol_20d|spy_vol_20d|rel_vol_20d|active_mean_20d|sec_vol_63d|spy_vol_63d|rel_vol_63d|active_mean_63d,-0.031088747687656126,BUY,0.010527628144200218,0.5569389614333435,0.005863246284987307,BUY means the model predicts >1% 21-trading-day active return versus SPY. It is not an absolute positive-return guarantee.
XLB,Materials,21,2026-06-26,challenger_logistic_price_relative,price_relative_strength_risk_calendar,36,0.18533107844977922,0.3674271795648057,1,0.4166666666666667,0.5087238790829783,0.415702982349361,0.46221343071616966,sec_daily_return|spy_daily_return|active_daily_return|sector_spy_close_ratio|rsi_14|macd_histogram|calendar_month_sin|calendar_month_cos|sec_return_5d|spy_return_5d|active_return_5d|ratio_return_5d|sec_return_10d|spy_return_10d|active_return_10d|ratio_return_10d|sec_return_21d|spy_return_21d|active_return_21d|ratio_return_21d|sec_return_63d|spy_return_63d|active_return_63d|ratio_return_63d|sec_return_126d|spy_return_126d|active_return_126d|ratio_return_126d|sec_vol_20d|spy_vol_20d|rel_vol_20d|active_mean_20d|sec_vol_63d|spy_vol_63d|rel_vol_63d|active_mean_63d,-0.0019416775294718303,BUY,0.18209610111502647,0.46221343071616966,0.08416726361641491,BUY means the model predicts >1% 21-trading-day active return versus SPY. It is not an absolute positive-return guarantee.
XLE,Energy,21,2026-06-26,challenger_logistic_price_relative,price_relative_strength_risk_calendar,36,0.5190763135786245,0.5367026765462846,1,0.6904761904761905,0.6887262633272349,0.6686644375749163,0.6786953504510755,sec_daily_return|spy_daily_return|active_daily_return|sector_spy_close_ratio|rsi_14|macd_histogram|calendar_month_sin|calendar_month_cos|sec_return_5d|spy_return_5d|active_return_5d|ratio_return_5d|sec_return_10d|spy_return_10d|active_return_10d|ratio_return_10d|sec_return_21d|spy_return_21d|active_return_21d|ratio_return_21d|sec_return_63d|spy_return_63d|active_return_63d|ratio_return_63d|sec_return_126d|spy_return_126d|active_return_126d|ratio_return_126d|sec_vol_20d|spy_vol_20d|rel_vol_20d|active_mean_20d|sec_vol_63d|spy_vol_63d|rel_vol_63d|active_mean_63d,0.05299654175905255,BUY,0.01762636296766007,0.6786953504510755,0.01196293059151391,BUY means the model predicts >1% 21-trading-day active return versus SPY. It is not an absolute positive-return guarantee.
XLF,Financials,21,2026-06-26,challenger_logistic_price_relative,price_relative_strength_risk_calendar,36,0.6667624352717965,0.3216553375041112,0,0.6309523809523809,0.6834952930458549,0.6926814454904342,0.6880883692681445,sec_daily_return|spy_daily_return|active_daily_return|sector_spy_close_ratio|rsi_14|macd_histogram|calendar_month_sin|calendar_month_cos|sec_return_5d|spy_return_5d|active_return_5d|ratio_return_5d|sec_return_10d|spy_return_10d|active_return_10d|ratio_return_10d|sec_return_21d|spy_return_21d|active_return_21d|ratio_return_21d|sec_return_63d|spy_return_63d|active_return_63d|ratio_return_63d|sec_return_126d|spy_return_126d|active_return_126d|ratio_return_126d|sec_vol_20d|spy_vol_20d|rel_vol_20d|active_mean_20d|sec_vol_63d|spy_vol_63d|rel_vol_63d|active_mean_63d,0.05894585465279967,AVOID,-0.3451070977676853,0.6880883692681445,0.0,BUY means the model predicts >1% 21-trading-day active return versus SPY. It is not an absolute positive-return guarantee.
XLI,Industrials,21,2026-06-26,challenger_logistic_price_relative,price_relative_strength_risk_calendar,36,0.7944712505486276,0.08576658479255869,0,0.5952380952380952,0.5565217391304348,0.48556013963821015,0.5210409393843225,sec_daily_return|spy_daily_return|active_daily_return|sector_spy_close_ratio|rsi_14|macd_histogram|calendar_month_sin|calendar_month_cos|sec_return_5d|spy_return_5d|active_return_5d|ratio_return_5d|sec_return_10d|spy_return_10d|active_return_10d|ratio_return_10d|sec_return_21d|spy_return_21d|active_return_21d|ratio_return_21d|sec_return_63d|spy_return_63d|active_return_63d|ratio_return_63d|sec_return_126d|spy_return_126d|active_return_126d|ratio_return_126d|sec_vol_20d|spy_vol_20d|rel_vol_20d|active_mean_20d|sec_vol_63d|spy_vol_63d|rel_vol_63d|active_mean_63d,-0.009163543177980626,AVOID,-0.7087046657560688,0.5210409393843225,0.0,BUY means the model predicts >1% 21-trading-day active return versus SPY. It is not an absolute positive-return guarantee.
XLK,Information Technology,21,2026-06-26,challenger_logistic_price_relative,price_relative_strength_risk_calendar,36,0.19783253189289826,0.010856640012652928,0,0.6904761904761905,0.6550538277511961,0.6960974880382775,0.6755756578947368,sec_daily_return|spy_daily_return|active_daily_return|sector_spy_close_ratio|rsi_14|macd_histogram|calendar_month_sin|calendar_month_cos|sec_return_5d|spy_return_5d|active_return_5d|ratio_return_5d|sec_return_10d|spy_return_10d|active_return_10d|ratio_return_10d|sec_return_21d|spy_return_21d|active_return_21d|ratio_return_21d|sec_return_63d|spy_return_63d|active_return_63d|ratio_return_63d|sec_return_126d|spy_return_126d|active_return_126d|ratio_return_126d|sec_vol_20d|spy_vol_20d|rel_vol_20d|active_mean_20d|sec_vol_63d|spy_vol_63d|rel_vol_63d|active_mean_63d,-0.07160831195170525,AVOID,-0.18697589188024533,0.6755756578947368,0.0,BUY means the model predicts >1% 21-trading-day active return versus SPY. It is not an absolute positive-return guarantee.
XLP,Consumer Staples,21,2026-06-26,challenger_logistic_price_relative,price_relative_strength_risk_calendar,36,0.46224978321004695,0.6144079778791797,1,0.4007936507936508,0.5549853372434017,0.531524926686217,0.5432551319648093,sec_daily_return|spy_daily_return|active_daily_return|sector_spy_close_ratio|rsi_14|macd_histogram|calendar_month_sin|calendar_month_cos|sec_return_5d|spy_return_5d|active_return_5d|ratio_return_5d|sec_return_10d|spy_return_10d|active_return_10d|ratio_return_10d|sec_return_21d|spy_return_21d|active_return_21d|ratio_return_21d|sec_return_63d|spy_return_63d|active_return_63d|ratio_return_63d|sec_return_126d|spy_return_126d|active_return_126d|ratio_return_126d|sec_vol_20d|spy_vol_20d|rel_vol_20d|active_mean_20d|sec_vol_63d|spy_vol_63d|rel_vol_63d|active_mean_63d,0.011458893533906389,BUY,0.15215819466913272,0.5432551319648093,0.08266072012450684,BUY means the model predicts >1% 21-trading-day active return versus SPY. It is not an absolute positive-return guarantee.
XLU,Utilities,21,2026-06-26,challenger_logistic_price_relative,price_relative_strength_risk_calendar,36,0.7678240292783759,0.8531631374305445,1,0.7063492063492064,0.6667115539994614,0.6989631026124428,0.6828373283059521,sec_daily_return|spy_daily_return|active_daily_return|sector_spy_close_ratio|rsi_14|macd_histogram|calendar_month_sin|calendar_month_cos|sec_return_5d|spy_return_5d|active_return_5d|ratio_return_5d|sec_return_10d|spy_return_10d|active_return_10d|ratio_return_10d|sec_return_21d|spy_return_21d|active_return_21d|ratio_return_21d|sec_return_63d|spy_return_63d|active_return_63d|ratio_return_63d|sec_return_126d|spy_return_126d|active_return_126d|ratio_return_126d|sec_vol_20d|spy_vol_20d|rel_vol_20d|active_mean_20d|sec_vol_63d|spy_vol_63d|rel_vol_63d|active_mean_63d,-0.031001416834391504,BUY,0.08533910815216861,0.6828373283059521,0.058272728610639514,BUY means the model predicts >1% 21-trading-day active return versus SPY. It is not an absolute positive-return guarantee.
XLV,Health Care,21,2026-06-26,challenger_logistic_price_relative,price_relative_strength_risk_calendar,36,0.9274677134726501,0.7138476204654425,0,0.6031746031746031,0.5902674830808894,0.5276828875281985,0.5589751853045439,sec_daily_return|spy_daily_return|active_daily_return|sector_spy_close_ratio|rsi_14|macd_histogram|calendar_month_sin|calendar_month_cos|sec_return_5d|spy_return_5d|active_return_5d|ratio_return_5d|sec_return_10d|spy_return_10d|active_return_10d|ratio_return_10d|sec_return_21d|spy_return_21d|active_return_21d|ratio_return_21d|sec_return_63d|spy_return_63d|active_return_63d|ratio_return_63d|sec_return_126d|spy_return_126d|active_return_126d|ratio_return_126d|sec_vol_20d|spy_vol_20d|rel_vol_20d|active_mean_20d|sec_vol_63d|spy_vol_63d|rel_vol_63d|active_mean_63d,0.026875482449240984,AVOID,-0.21362009300720763,0.5589751853045439,0.0,BUY means the model predicts >1% 21-trading-day active return versus SPY. It is not an absolute positive-return guarantee.
XLY,Consumer Discretionary,21,2026-06-26,challenger_logistic_price_relative,price_relative_strength_risk_calendar,36,0.49549840925087524,0.6570571385889096,1,0.5277777777777778,0.6018181818181818,0.5466419294990723,0.5742300556586271,sec_daily_return|spy_daily_return|active_daily_return|sector_spy_close_ratio|rsi_14|macd_histogram|calendar_month_sin|calendar_month_cos|sec_return_5d|spy_return_5d|active_return_5d|ratio_return_5d|sec_return_10d|spy_return_10d|active_return_10d|ratio_return_10d|sec_return_21d|spy_return_21d|active_return_21d|ratio_return_21d|sec_return_63d|spy_return_63d|active_return_63d|ratio_return_63d|sec_return_126d|spy_return_126d|active_return_126d|ratio_return_126d|sec_vol_20d|spy_vol_20d|rel_vol_20d|active_mean_20d|sec_vol_63d|spy_vol_63d|rel_vol_63d|active_mean_63d,-0.032808102601778466,BUY,0.16155872933803433,0.5742300556586271,0.09277187813991652,BUY means the model predicts >1% 21-trading-day active return versus SPY. It is not an absolute positive-return guarantee.
XLB,Materials,21,2026-07-28,challenger_logistic_price_relative,price_relative_strength_risk_calendar,36,0.18235164210426807,0.2598082790441416,1,0.45634920634920634,0.5207858213331595,0.4690167459438327,0.4949012836384961,sec_daily_return|spy_daily_return|active_daily_return|sector_spy_close_ratio|rsi_14|macd_histogram|calendar_month_sin|calendar_month_cos|sec_return_5d|spy_return_5d|active_return_5d|ratio_return_5d|sec_return_10d|spy_return_10d|active_return_10d|ratio_return_10d|sec_return_21d|spy_return_21d|active_return_21d|ratio_return_21d|sec_return_63d|spy_return_63d|active_return_63d|ratio_return_63d|sec_return_126d|spy_return_126d|active_return_126d|ratio_return_126d|sec_vol_20d|spy_vol_20d|rel_vol_20d|active_mean_20d|sec_vol_63d|spy_vol_63d|rel_vol_63d|active_mean_63d,-0.00863082510413693,BUY,0.07745663693987354,0.4949012836384961,0.03833338904786437,BUY means the model predicts >1% 21-trading-day active return versus SPY. It is not an absolute positive-return guarantee.
XLE,Energy,21,2026-07-28,challenger_logistic_price_relative,price_relative_strength_risk_calendar,36,0.5023321869222913,0.5159757408934746,1,0.6388888888888888,0.6367424242424242,0.6595959595959596,0.6481691919191919,sec_daily_return|spy_daily_return|active_daily_return|sector_spy_close_ratio|rsi_14|macd_histogram|calendar_month_sin|calendar_month_cos|sec_return_5d|spy_return_5d|active_return_5d|ratio_return_5d|sec_return_10d|spy_return_10d|active_return_10d|ratio_return_10d|sec_return_21d|spy_return_21d|active_return_21d|ratio_return_21d|sec_return_63d|spy_return_63d|active_return_63d|ratio_return_63d|sec_return_126d|spy_return_126d|active_return_126d|ratio_return_126d|sec_vol_20d|spy_vol_20d|rel_vol_20d|active_mean_20d|sec_vol_63d|spy_vol_63d|rel_vol_63d|active_mean_63d,0.05037741643376514,BUY,0.013643553971183331,0.6481691919191919,0.008843331352407781,BUY means the model predicts >1% 21-trading-day active return versus SPY. It is not an absolute positive-return guarantee.
XLF,Financials,21,2026-07-28,challenger_logistic_price_relative,price_relative_strength_risk_calendar,36,0.6674122968891991,0.5183753627901293,0,0.6071428571428571,0.6453488372093024,0.6388081395348837,0.642078488372093,sec_daily_return|spy_daily_return|active_daily_return|sector_spy_close_ratio|rsi_14|macd_histogram|calendar_month_sin|calendar_month_cos|sec_return_5d|spy_return_5d|active_return_5d|ratio_return_5d|sec_return_10d|spy_return_10d|active_return_10d|ratio_return_10d|sec_return_21d|spy_return_21d|active_return_21d|ratio_return_21d|sec_return_63d|spy_return_63d|active_return_63d|ratio_return_63d|sec_return_126d|spy_return_126d|active_return_126d|ratio_return_126d|sec_vol_20d|spy_vol_20d|rel_vol_20d|active_mean_20d|sec_vol_63d|spy_vol_63d|rel_vol_63d|active_mean_63d,-0.02258323184046951,AVOID,-0.14903693409906982,0.642078488372093,0.0,BUY means the model predicts >1% 21-trading-day active return versus SPY. It is not an absolute positive-return guarantee.
XLI,Industrials,21,2026-07-28,challenger_logistic_price_relative,price_relative_strength_risk_calendar,36,0.6166559889538059,0.37115465911603784,0,0.6111111111111112,0.5714285714285714,0.5324910916747652,0.5519598315516683,sec_daily_return|spy_daily_return|active_daily_return|sector_spy_close_ratio|rsi_14|macd_histogram|calendar_month_sin|calendar_month_cos|sec_return_5d|spy_return_5d|active_return_5d|ratio_return_5d|sec_return_10d|spy_return_10d|active_return_10d|ratio_return_10d|sec_return_21d|spy_return_21d|active_return_21d|ratio_return_21d|sec_return_63d|spy_return_63d|active_return_63d|ratio_return_63d|sec_return_126d|spy_return_126d|active_return_126d|ratio_return_126d|sec_vol_20d|spy_vol_20d|rel_vol_20d|active_mean_20d|sec_vol_63d|spy_vol_63d|rel_vol_63d|active_mean_63d,-0.04582308011991287,AVOID,-0.24550132983776807,0.5519598315516683,0.0,BUY means the model predicts >1% 21-trading-day active return versus SPY. It is not an absolute positive-return guarantee.
XLK,Information Technology,21,2026-07-28,challenger_logistic_price_relative,price_relative_strength_risk_calendar,36,0.2534280961021754,0.49964187220223,1,0.6587301587301587,0.6785714285714286,0.7200963718820862,0.6993339002267573,sec_daily_return|spy_daily_return|active_daily_return|sector_spy_close_ratio|rsi_14|macd_histogram|calendar_month_sin|calendar_month_cos|sec_return_5d|spy_return_5d|active_return_5d|ratio_return_5d|sec_return_10d|spy_return_10d|active_return_10d|ratio_return_10d|sec_return_21d|spy_return_21d|active_return_21d|ratio_return_21d|sec_return_63d|spy_return_63d|active_return_63d|ratio_return_63d|sec_return_126d|spy_return_126d|active_return_126d|ratio_return_126d|sec_vol_20d|spy_vol_20d|rel_vol_20d|active_mean_20d|sec_vol_63d|spy_vol_63d|rel_vol_63d|active_mean_63d,0.03463574298450278,BUY,0.24621377610005457,0.6993339002267573,0.17218564032960873,BUY means the model predicts >1% 21-trading-day active return versus SPY. It is not an absolute positive-return guarantee.
XLP,Consumer Staples,21,2026-07-28,challenger_logistic_price_relative,price_relative_strength_risk_calendar,36,0.448028145542005,0.6612836010340432,1,0.4126984126984127,0.5595153243050606,0.5336184366832977,0.5465668804941791,sec_daily_return|spy_daily_return|active_daily_return|sector_spy_close_ratio|rsi_14|macd_histogram|calendar_month_sin|calendar_month_cos|sec_return_5d|spy_return_5d|active_return_5d|ratio_return_5d|sec_return_10d|spy_return_10d|active_return_10d|ratio_return_10d|sec_return_21d|spy_return_21d|active_return_21d|ratio_return_21d|sec_return_63d|spy_return_63d|active_return_63d|ratio_return_63d|sec_return_126d|spy_return_126d|active_return_126d|ratio_return_126d|sec_vol_20d|spy_vol_20d|rel_vol_20d|active_mean_20d|sec_vol_63d|spy_vol_63d|rel_vol_63d|active_mean_63d,-0.04311577529874322,BUY,0.21325545549203817,0.5465668804941791,0.11655836905664856,BUY means the model predicts >1% 21-trading-day active return versus SPY. It is not an absolute positive-return guarantee.
XLU,Utilities,21,2026-07-28,challenger_logistic_price_relative,price_relative_strength_risk_calendar,36,0.7817471397429073,0.6972304906811396,0,0.7896825396825397,0.7288580662537032,0.7705359547535685,0.7496970105036358,sec_daily_return|spy_daily_return|active_daily_return|sector_spy_close_ratio|rsi_14|macd_histogram|calendar_month_sin|calendar_month_cos|sec_return_5d|spy_return_5d|active_return_5d|ratio_return_5d|sec_return_10d|spy_return_10d|active_return_10d|ratio_return_10d|sec_return_21d|spy_return_21d|active_return_21d|ratio_return_21d|sec_return_63d|spy_return_63d|active_return_63d|ratio_return_63d|sec_return_126d|spy_return_126d|active_return_126d|ratio_return_126d|sec_vol_20d|spy_vol_20d|rel_vol_20d|active_mean_20d|sec_vol_63d|spy_vol_63d|rel_vol_63d|active_mean_63d,-0.0781980240764315,AVOID,-0.0845166490617677,0.7496970105036358,0.0,BUY means the model predicts >1% 21-trading-day active return versus SPY. It is not an absolute positive-return guarantee.
XLV,Health Care,21,2026-07-28,challenger_logistic_price_relative,price_relative_strength_risk_calendar,36,0.9204545865491522,0.7129751675458291,0,0.6666666666666666,0.6575757575757576,0.599810606060606,0.6286931818181818,sec_daily_return|spy_daily_return|active_daily_return|sector_spy_close_ratio|rsi_14|macd_histogram|calendar_month_sin|calendar_month_cos|sec_return_5d|spy_return_5d|active_return_5d|ratio_return_5d|sec_return_10d|spy_return_10d|active_return_10d|ratio_return_10d|sec_return_21d|spy_return_21d|active_return_21d|ratio_return_21d|sec_return_63d|spy_return_63d|active_return_63d|ratio_return_63d|sec_return_126d|spy_return_126d|active_return_126d|ratio_return_126d|sec_vol_20d|spy_vol_20d|rel_vol_20d|active_mean_20d|sec_vol_63d|spy_vol_63d|rel_vol_63d|active_mean_63d,0.0035047661538443187,AVOID,-0.20747941900332312,0.6286931818181818,0.0,BUY means the model predicts >1% 21-trading-day active return versus SPY. It is not an absolute positive-return guarantee.
XLY,Consumer Discretionary,21,2026-07-28,challenger_logistic_price_relative,price_relative_strength_risk_calendar,36,0.5244320498973629,0.49784489713212665,0,0.5238095238095238,0.5909883720930232,0.5069040697674418,0.5489462209302325,sec_daily_return|spy_daily_return|active_daily_return|sector_spy_close_ratio|rsi_14|macd_histogram|calendar_month_sin|calendar_month_cos|sec_return_5d|spy_return_5d|active_return_5d|ratio_return_5d|sec_return_10d|spy_return_10d|active_return_10d|ratio_return_10d|sec_return_21d|spy_return_21d|active_return_21d|ratio_return_21d|sec_return_63d|spy_return_63d|active_return_63d|ratio_return_63d|sec_return_126d|spy_return_126d|active_return_126d|ratio_return_126d|sec_vol_20d|spy_vol_20d|rel_vol_20d|active_mean_20d|sec_vol_63d|spy_vol_63d|rel_vol_63d|active_mean_63d,0.00756583551370027,WATCH,-0.026587152765236266,0.5489462209302325,0.0,BUY means the model predicts >1% 21-trading-day active return versus SPY. It is not an absolute positive-return guarantee.
XLB,Materials,21,2026-08-26,challenger_logistic_price_relative,price_relative_strength_risk_calendar,36,0.1620298039445317,0.34586477345451205,1,0.4722222222222222,0.5312925170068027,0.4946550048590865,0.5129737609329446,sec_daily_return|spy_daily_return|active_daily_return|sector_spy_close_ratio|rsi_14|macd_histogram|calendar_month_sin|calendar_month_cos|sec_return_5d|spy_return_5d|active_return_5d|ratio_return_5d|sec_return_10d|spy_return_10d|active_return_10d|ratio_return_10d|sec_return_21d|spy_return_21d|active_return_21d|ratio_return_21d|sec_return_63d|spy_return_63d|active_return_63d|ratio_return_63d|sec_return_126d|spy_return_126d|active_return_126d|ratio_return_126d|sec_vol_20d|spy_vol_20d|rel_vol_20d|active_mean_20d|sec_vol_63d|spy_vol_63d|rel_vol_63d|active_mean_63d,,BUY,0.18383496950998035,0.5129737609329446,0.0943025157005278,BUY means the model predicts >1% 21-trading-day active return versus SPY. It is not an absolute positive-return guarantee.
XLE,Energy,21,2026-08-26,challenger_logistic_price_relative,price_relative_strength_risk_calendar,36,0.514880039311778,0.47821955262470595,0,0.6190476190476191,0.6312925170068027,0.6212504049238744,0.6262714609653386,sec_daily_return|spy_daily_return|active_daily_return|sector_spy_close_ratio|rsi_14|macd_histogram|calendar_month_sin|calendar_month_cos|sec_return_5d|spy_return_5d|active_return_5d|ratio_return_5d|sec_return_10d|spy_return_10d|active_return_10d|ratio_return_10d|sec_return_21d|spy_return_21d|active_return_21d|ratio_return_21d|sec_return_63d|spy_return_63d|active_return_63d|ratio_return_63d|sec_return_126d|spy_return_126d|active_return_126d|ratio_return_126d|sec_vol_20d|spy_vol_20d|rel_vol_20d|active_mean_20d|sec_vol_63d|spy_vol_63d|rel_vol_63d|active_mean_63d,,WATCH,-0.036660486687072,0.6262714609653386,0.0,BUY means the model predicts >1% 21-trading-day active return versus SPY. It is not an absolute positive-return guarantee.
XLF,Financials,21,2026-08-26,challenger_logistic_price_relative,price_relative_strength_risk_calendar,36,0.6794306550421454,0.7727902368865371,1,0.5992063492063492,0.6361918604651162,0.6210029069767442,0.6285973837209302,sec_daily_return|spy_daily_return|active_daily_return|sector_spy_close_ratio|rsi_14|macd_histogram|calendar_month_sin|calendar_month_cos|sec_return_5d|spy_return_5d|active_return_5d|ratio_return_5d|sec_return_10d|spy_return_10d|active_return_10d|ratio_return_10d|sec_return_21d|spy_return_21d|active_return_21d|ratio_return_21d|sec_return_63d|spy_return_63d|active_return_63d|ratio_return_63d|sec_return_126d|spy_return_126d|active_return_126d|ratio_return_126d|sec_vol_20d|spy_vol_20d|rel_vol_20d|active_mean_20d|sec_vol_63d|spy_vol_63d|rel_vol_63d|active_mean_63d,,BUY,0.09335958184439175,0.6285973837209302,0.05868558889266471,BUY means the model predicts >1% 21-trading-day active return versus SPY. It is not an absolute positive-return guarantee.
XLI,Industrials,21,2026-08-26,challenger_logistic_price_relative,price_relative_strength_risk_calendar,36,0.7574476127159443,0.6871424829865196,0,0.6865079365079365,0.5564024390243902,0.45482261640798227,0.5056125277161863,sec_daily_return|spy_daily_return|active_daily_return|sector_spy_close_ratio|rsi_14|macd_histogram|calendar_month_sin|calendar_month_cos|sec_return_5d|spy_return_5d|active_return_5d|ratio_return_5d|sec_return_10d|spy_return_10d|active_return_10d|ratio_return_10d|sec_return_21d|spy_return_21d|active_return_21d|ratio_return_21d|sec_return_63d|spy_return_63d|active_return_63d|ratio_return_63d|sec_return_126d|spy_return_126d|active_return_126d|ratio_return_126d|sec_vol_20d|spy_vol_20d|rel_vol_20d|active_mean_20d|sec_vol_63d|spy_vol_63d|rel_vol_63d|active_mean_63d,,AVOID,-0.07030512972942471,0.5056125277161863,0.0,BUY means the model predicts >1% 21-trading-day active return versus SPY. It is not an absolute positive-return guarantee.
XLK,Information Technology,21,2026-08-26,challenger_logistic_price_relative,price_relative_strength_risk_calendar,36,0.22840478127797784,0.42634771868747773,1,0.6547619047619048,0.6730891158858753,0.7186333215921099,0.6958612187389925,sec_daily_return|spy_daily_return|active_daily_return|sector_spy_close_ratio|rsi_14|macd_histogram|calendar_month_sin|calendar_month_cos|sec_return_5d|spy_return_5d|active_return_5d|ratio_return_5d|sec_return_10d|spy_return_10d|active_return_10d|ratio_return_10d|sec_return_21d|spy_return_21d|active_return_21d|ratio_return_21d|sec_return_63d|spy_return_63d|active_return_63d|ratio_return_63d|sec_return_126d|spy_return_126d|active_return_126d|ratio_return_126d|sec_vol_20d|spy_vol_20d|rel_vol_20d|active_mean_20d|sec_vol_63d|spy_vol_63d|rel_vol_63d|active_mean_63d,,BUY,0.1979429374094999,0.6958612187389925,0.13774081366655072,BUY means the model predicts >1% 21-trading-day active return versus SPY. It is not an absolute positive-return guarantee.
XLP,Consumer Staples,21,2026-08-26,challenger_logistic_price_relative,price_relative_strength_risk_calendar,36,0.47309287295954316,0.31760159229329477,0,0.40476190476190477,0.5495367070563079,0.5203136136849608,0.5349251603706343,sec_daily_return|spy_daily_return|active_daily_return|sector_spy_close_ratio|rsi_14|macd_histogram|calendar_month_sin|calendar_month_cos|sec_return_5d|spy_return_5d|active_return_5d|ratio_return_5d|sec_return_10d|spy_return_10d|active_return_10d|ratio_return_10d|sec_return_21d|spy_return_21d|active_return_21d|ratio_return_21d|sec_return_63d|spy_return_63d|active_return_63d|ratio_return_63d|sec_return_126d|spy_return_126d|active_return_126d|ratio_return_126d|sec_vol_20d|spy_vol_20d|rel_vol_20d|active_mean_20d|sec_vol_63d|spy_vol_63d|rel_vol_63d|active_mean_63d,,AVOID,-0.1554912806662484,0.5349251603706343,0.0,BUY means the model predicts >1% 21-trading-day active return versus SPY. It is not an absolute positive-return guarantee.
XLU,Utilities,21,2026-08-26,challenger_logistic_price_relative,price_relative_strength_risk_calendar,36,0.7837191526592997,0.4091197087380409,0,0.7936507936507936,0.7315885575167377,0.7507946168932169,0.7411915872049772,sec_daily_return|spy_daily_return|active_daily_return|sector_spy_close_ratio|rsi_14|macd_histogram|calendar_month_sin|calendar_month_cos|sec_return_5d|spy_return_5d|active_return_5d|ratio_return_5d|sec_return_10d|spy_return_10d|active_return_10d|ratio_return_10d|sec_return_21d|spy_return_21d|active_return_21d|ratio_return_21d|sec_return_63d|spy_return_63d|active_return_63d|ratio_return_63d|sec_return_126d|spy_return_126d|active_return_126d|ratio_return_126d|sec_vol_20d|spy_vol_20d|rel_vol_20d|active_mean_20d|sec_vol_63d|spy_vol_63d|rel_vol_63d|active_mean_63d,,AVOID,-0.3745994439212588,0.7411915872049772,0.0,BUY means the model predicts >1% 21-trading-day active return versus SPY. It is not an absolute positive-return guarantee.
XLV,Health Care,21,2026-08-26,challenger_logistic_price_relative,price_relative_strength_risk_calendar,36,0.8915383578663365,0.6452718142215956,0,0.6190476190476191,0.6222278225806452,0.6294732862903225,0.6258505544354839,sec_daily_return|spy_daily_return|active_daily_return|sector_spy_close_ratio|rsi_14|macd_histogram|calendar_month_sin|calendar_month_cos|sec_return_5d|spy_return_5d|active_return_5d|ratio_return_5d|sec_return_10d|spy_return_10d|active_return_10d|ratio_return_10d|sec_return_21d|spy_return_21d|active_return_21d|ratio_return_21d|sec_return_63d|spy_return_63d|active_return_63d|ratio_return_63d|sec_return_126d|spy_return_126d|active_return_126d|ratio_return_126d|sec_vol_20d|spy_vol_20d|rel_vol_20d|active_mean_20d|sec_vol_63d|spy_vol_63d|rel_vol_63d|active_mean_63d,,AVOID,-0.24626654364474088,0.6258505544354839,0.0,BUY means the model predicts >1% 21-trading-day active return versus SPY. It is not an absolute positive-return guarantee.
XLY,Consumer Discretionary,21,2026-08-26,challenger_logistic_price_relative,price_relative_strength_risk_calendar,36,0.508166822538995,0.5714987143768961,1,0.46825396825396826,0.5604312177345885,0.4590039477679927,0.5097175827512905,sec_daily_return|spy_daily_return|active_daily_return|sector_spy_close_ratio|rsi_14|macd_histogram|calendar_month_sin|calendar_month_cos|sec_return_5d|spy_return_5d|active_return_5d|ratio_return_5d|sec_return_10d|spy_return_10d|active_return_10d|ratio_return_10d|sec_return_21d|spy_return_21d|active_return_21d|ratio_return_21d|sec_return_63d|spy_return_63d|active_return_63d|ratio_return_63d|sec_return_126d|spy_return_126d|active_return_126d|ratio_return_126d|sec_vol_20d|spy_vol_20d|rel_vol_20d|active_mean_20d|sec_vol_63d|spy_vol_63d|rel_vol_63d|active_mean_63d,,BUY,0.06333189183790111,0.5097175827512905,0.03228137881868114,BUY means the model predicts >1% 21-trading-day active return versus SPY. It is not an absolute positive-return guarantee.
